name,from_voltage,from_current,from_active_power,from_reactive_power,to_voltage,to_current,to_active_power,to_reactive_power,timestamp
trans_gpc-00550-gsu,1.0361560834564498,2.158791065792636e-05,1.2702837609915308e-13,0.00016104444147114263,1.036156069017828,3.652134580147174e-12,-2.0740662690313932e-13,-8.989861091261187e-13,datetime.datetime(2025, 9, 12, 15, 55, 37, 764962)
trans_8695-c0362-cyp,1.031339643325641,0.00023352044082918856,0.0014173966132519087,0.0009987714542416554,1.0313395892479984,0.005220150329011918,-0.0014173965871447747,-0.00046587411048702054,datetime.datetime(2025, 9, 12, 15, 55, 37, 764962)
trans_8208-c0362-cyp,1.0329254150725733,0.0002152060053173566,9.787990661036526e-13,0.0016004116503606218,1.0329253853364435,1.842801886794043e-11,1.70028976398723e-12,4.645227231461741e-12,datetime.datetime(2025, 9, 12, 15, 55, 37, 764962)
trans_8208-c0362-cyp_1,1.0329254150725733,0.0002152060053173566,9.787990661036526e-13,0.0016004116503606218,1.0329253853364435,1.842801886794043e-11,1.70028976398723e-12,4.645227231461741e-12,datetime.datetime(2025, 9, 12, 15, 55, 37, 764962)
trans_860267-c0362-cyp,1.0306956547351707,0.000719720243378121,0.00489345042988325,0.002139568649401497,1.0306954885103847,0.018033427124849236,-0.0048934501698978386,-0.0016083975096284767,datetime.datetime(2025, 9, 12, 15, 55, 37, 764962)
trans_gpc-10080-gsu,1.0357679373234523,0.00014386549055449272,9.12304277261855e-13,0.0010728229645526107,1.0357679073829416,3.637978807091713e-12,-2.7575813184482876e-14,-1.041630246933711e-12,datetime.datetime(2025, 9, 12, 15, 55, 37, 764962)
trans_860708-c0362-cyp,1.0333933394576713,1.6147762580216523e-05,1.5601262816355989e-13,0.00012013967539184843,1.0333933257325896,2.262716577743925e-12,4.8961025709662866e-14,-3.132556754930783e-13,datetime.datetime(2025, 9, 12, 15, 55, 37, 764962)
trans_gpc-10072-gsu,1.0364294506267324,0.00014395737304648683,2.9433634852332748e-12,0.0010741968073184312,1.0364294206670994,5.485279756748491e-12,-6.021143631346625e-13,-7.644821585489813e-13,datetime.datetime(2025, 9, 12, 15, 55, 37, 764962)
trans_gpc-10076-gsu,1.0357673295410377,0.00014386540613873784,1.4855510831884855e-12,0.0010728216990758019,1.0357672996005443,1.2427935084781647e-11,-2.0867181653956953e-13,5.233808756121595e-13,datetime.datetime(2025, 9, 12, 15, 55, 37, 764962)
trans_reg_c0362-cyp-reg_a,1.0048666063892473,129.18113316160253,511.766648164495,-781.9987162224566,1.026909860880268,126.80552134959547,-511.5594369535762,785.6421472079825,datetime.datetime(2025, 9, 12, 15, 55, 37, 764962)
trans_reg_c0362-cyp-reg_b,1.0048666063892473,124.95380448566995,411.2047242317581,-817.0243710295674,1.026909860880268,124.17980472633559,-411.0108523608445,820.4345549073527,datetime.datetime(2025, 9, 12, 15, 55, 37, 764962)
trans_reg_c0362-cyp-reg_c,1.0048666063892473,125.0858052242315,278.1188427384253,-870.7229131350193,1.026909860880268,123.5437830851839,-277.92456083220276,874.1403266238717,datetime.datetime(2025, 9, 12, 15, 55, 37, 764962)
trans_gpc-00550-gsu,1.0391083666436975,2.164942031403207e-05,-3.269723350581011e-13,0.00016196211456206448,1.0391083521639362,2.0463630789890885e-12,1.7731641297226201e-13,-5.249486339510253e-13,datetime.datetime(2025, 9, 12, 15, 57, 37, 764962)
trans_8695-c0362-cyp,1.0336212897725163,0.00028100495387422804,0.001768174484107722,0.0011164271842839947,1.0336212258315138,0.006497681212175083,-0.0017681744432923277,-0.000581170839395429,datetime.datetime(2025, 9, 12, 15, 57, 37, 764962)
trans_8208-c0362-cyp,1.0352961974758002,0.00021569994862838857,3.750161793950046e-12,0.0016077612253905839,1.0352961676714199,1.9706263991753708e-11,1.1079016130214324e-12,5.442560618141217e-12,datetime.datetime(2025, 9, 12, 15, 57, 37, 764962)
trans_8208-c0362-cyp_1,1.0352961974758002,0.00021569994862838857,3.750161793950046e-12,0.0016077612253905839,1.0352961676714199,1.9706263991753708e-11,1.1079016130214324e-12,5.442560618141217e-12,datetime.datetime(2025, 9, 12, 15, 57, 37, 764962)
trans_860267-c0362-cyp,1.0329544536093576,0.0011656968456874542,0.00806329522064486,0.003183779882462226,1.0329541911096323,0.02965010073671028,-0.008063294530892672,-0.0026502767457179666,datetime.datetime(2025, 9, 12, 15, 57, 37, 764962)
trans_gpc-10080-gsu,1.0386859455711275,0.00014427079451059845,2.171133351228094e-12,0.0010788689395977748,1.038685915546267,9.123258563840204e-12,2.785468409940766e-13,-1.8462170133781367e-12,datetime.datetime(2025, 9, 12, 15, 57, 37, 764962)
trans_860708-c0362-cyp,1.0357831952350969,1.6185106357778624e-05,-2.6238372499015615e-13,0.00012069555365864195,1.0357831814782739,9.094947017729282e-13,1.765305617372803e-13,-1.8103881674112007e-13,datetime.datetime(2025, 9, 12, 15, 57, 37, 764962)
trans_gpc-10072-gsu,1.0394003868185095,0.0001443700285243772,1.7249935056751209e-12,0.0010803547437868578,1.0394003567729972,9.53145066930113e-12,-4.833847865506439e-13,-1.9426595485427015e-12,datetime.datetime(2025, 9, 12, 15, 57, 37, 764962)
trans_gpc-10076-gsu,1.0386853242294694,0.00014427070811915148,3.773657792499608e-13,0.001078867646661616,1.038685294204627,5.4569682106375694e-12,4.334667670405715e-13,-7.916449075733976e-13,datetime.datetime(2025, 9, 12, 15, 57, 37, 764962)
trans_reg_c0362-cyp-reg_a,1.0060812804449557,128.71975305586628,489.88183657223016,-793.2923763026608,1.028196483628312,126.35266814580025,-489.6761027913749,796.9099947315118,datetime.datetime(2025, 9, 12, 15, 57, 37, 764962)
trans_reg_c0362-cyp-reg_b,1.0060812804449557,126.49132673771001,422.81683853557604,-822.7994094063552,1.028196483628312,124.93180555456439,-422.618166288775,826.2936780141166,datetime.datetime(2025, 9, 12, 15, 57, 37, 764962)
trans_reg_c0362-cyp-reg_c,1.0060812804449557,125.08197244100627,302.36709726535753,-862.3971862524551,1.028196483628312,123.53997624490279,-302.17282729810455,865.8143838050701,datetime.datetime(2025, 9, 12, 15, 57, 37, 764962)
trans_gpc-00550-gsu,1.0388076435134668,2.1643154920832174e-05,1.408458902892734e-13,0.00016186843735085057,1.0388076290378956,3.302882274295032e-12,3.2819844278739084e-13,-8.865610964989224e-13,datetime.datetime(2025, 9, 12, 15, 58, 37, 764962)
trans_8695-c0362-cyp,1.0333937794036003,0.00011805618785420694,0.0005218066587117095,0.0007065387498274285,1.033393750713201,0.0019179610047300054,-0.0005218066545936853,-0.0001715173995504809,datetime.datetime(2025, 9, 12, 15, 58, 37, 764962)
trans_8208-c0362-cyp,1.0350722922707722,0.00021565329874902455,3.345562058290619e-12,0.0016070681524663708,1.0350722624728377,1.242083658279842e-11,-1.3911035821729484e-12,3.249360418321202e-12,datetime.datetime(2025, 9, 12, 15, 58, 37, 764962)
trans_8208-c0362-cyp_1,1.0350722922707722,0.00021565329874902455,3.345562058290619e-12,0.0016070681524663708,1.0350722624728377,1.242083658279842e-11,-1.3911035821729484e-12,3.249360418321202e-12,datetime.datetime(2025, 9, 12, 15, 58, 37, 764962)
trans_860267-c0362-cyp,1.0327270045213155,0.0014689918392287765,0.010206793913620022,0.0038880687259672114,1.032726676659853,0.037540307823584564,-0.010206792814402559,-0.0033547971028608826,datetime.datetime(2025, 9, 12, 15, 58, 37, 764962)
trans_gpc-10080-gsu,1.0383723965961094,0.0001442272431959955,1.2839684020854448e-12,0.0010782178221188947,1.0383723665803124,1.8189894035458565e-12,4.575589650630109e-13,2.548279901215566e-13,datetime.datetime(2025, 9, 12, 15, 58, 37, 764962)
trans_860708-c0362-cyp,1.035552838394613,1.6181506805347316e-05,-3.0530795502425184e-13,0.00012064204228641511,1.0355528246408496,2.6504617948131408e-12,2.471993917827051e-13,-5.26135121709529e-13,datetime.datetime(2025, 9, 12, 15, 58, 37, 764962)
trans_gpc-10072-gsu,1.039103082095248,0.0001443287337620561,1.0524113195492513e-12,0.0010797374071793264,1.0391030520583295,9.552663713428823e-12,1.2968293577726085e-12,-1.6775739917965493e-13,datetime.datetime(2025, 9, 12, 15, 58, 37, 764962)
trans_gpc-10076-gsu,1.0383717032312931,0.0001442271470137936,1.9629489440148305e-12,0.0010782163814799406,1.0383716732155162,7.733674309882967e-12,8.3788160432609e-13,-4.2414778345636756e-13,datetime.datetime(2025, 9, 12, 15, 58, 37, 764962)
trans_reg_c0362-cyp-reg_a,1.005550737532293,129.87882490778722,525.408623120918,-779.7662980416112,1.0275919787146275,127.49035615284899,-525.1991676629583,783.4490265337508,datetime.datetime(2025, 9, 12, 15, 58, 37, 764962)
trans_reg_c0362-cyp-reg_b,1.005550737532293,126.89963069338069,437.6562555631553,-818.9823340548808,1.0275919787146275,125.33505230189135,-437.456298686423,822.4991029706873,datetime.datetime(2025, 9, 12, 15, 58, 37, 764962)
trans_reg_c0362-cyp-reg_c,1.005550737532293,125.09513032732869,324.80990533572384,-853.766076325054,1.0275919787146275,123.55294922683163,-324.61559452943516,857.1839688280902,datetime.datetime(2025, 9, 12, 15, 58, 37, 764962)
trans_gpc-00550-gsu,1.0379964405854796,2.1626253773755014e-05,4.489858658474069e-14,0.0001616161748427667,1.0379964261212125,1.9543316695074375e-12,4.170683430668637e-14,-5.212150123965473e-13,datetime.datetime(2025, 9, 12, 15, 59, 37, 764962)
trans_8695-c0362-cyp,1.032875359816147,0.00023372232632185252,0.0014205445935965304,0.0010013968360787922,1.0328753056884052,0.0052239601083872034,-0.001420544566091885,-0.0004669105614919061,datetime.datetime(2025, 9, 12, 15, 59, 37, 764962)
trans_8208-c0362-cyp,1.0344937743996576,0.00021553276697422425,1.92164242157622e-12,0.0016052769543986826,1.0344937446183777,1.5467348619765933e-11,1.6940332621862727e-13,4.405891976348643e-12,datetime.datetime(2025, 9, 12, 15, 59, 37, 764962)
trans_8208-c0362-cyp_1,1.0344937743996576,0.00021553276697422425,1.92164242157622e-12,0.0016052769543986826,1.0344937446183777,1.5467348619765933e-11,1.6940332621862727e-13,4.405891976348643e-12,datetime.datetime(2025, 9, 12, 15, 59, 37, 764962)
trans_860267-c0362-cyp,1.0322217826529212,0.0015223957809452839,0.01057933662171854,0.004010010366007227,1.0322214432906212,0.03892946143424476,-0.010579335438509715,-0.00347725837474536,datetime.datetime(2025, 9, 12, 15, 59, 37, 764962)
trans_gpc-10080-gsu,1.0375169226120124,0.0001441084201638973,2.646249075768936e-12,0.0010764438897226353,1.0375168926209444,9.53145066930113e-12,-4.851386557763833e-13,-1.9371116795892325e-12,datetime.datetime(2025, 9, 12, 15, 59, 37, 764962)
trans_860708-c0362-cyp,1.0349785533045346,1.6172533084563438e-05,-5.883699202759856e-14,0.00012050862887234482,1.0349785395583986,1.8189894035458565e-12,-3.611779188524893e-15,-2.647171557010374e-13,datetime.datetime(2025, 9, 12, 15, 59, 37, 764962)
trans_gpc-10072-gsu,1.038312125138152,0.000144218871837356,1.9928519633116704e-12,0.0010780976437585695,1.0383120951240972,7.275957614183426e-12,-5.77795450700669e-13,-1.934287806574465e-12,datetime.datetime(2025, 9, 12, 15, 59, 37, 764962)
trans_gpc-10076-gsu,1.037516137415421,0.00014410831074195796,7.279252686731574e-13,0.001076442253123544,1.0375161074243757,1.137165311697468e-11,7.754967178222665e-14,9.349125435852749e-13,datetime.datetime(2025, 9, 12, 15, 59, 37, 764962)
trans_reg_c0362-cyp-reg_a,1.004230662007827,132.04054777335458,579.8821717232623,-758.3558182268592,1.0261476178760058,129.612208871259,-579.6656860138174,762.161529203677,datetime.datetime(2025, 9, 12, 15, 59, 37, 764962)
trans_reg_c0362-cyp-reg_b,1.004230662007827,128.5650258435546,498.21752778192456,-797.6817725061749,1.0261476178760058,126.97980676790785,-498.0122882820563,801.2909749126645,datetime.datetime(2025, 9, 12, 15, 59, 37, 764962)
trans_reg_c0362-cyp-reg_c,1.004230662007827,125.41695958098809,356.05998797944073,-844.3486349855953,1.0261476178760058,123.87077545809385,-355.86467614488157,847.7840651384932,datetime.datetime(2025, 9, 12, 15, 59, 37, 764962)
trans_gpc-00550-gsu,1.0374029870044765,2.16138894143004e-05,9.153344488616045e-14,0.00016143217762866585,1.037402972548479,2.2737367544323206e-12,-1.253699558076724e-13,-4.58292335164464e-13,datetime.datetime(2025, 9, 12, 16, 0, 37, 764962)
trans_8695-c0362-cyp,1.032672165084483,0.00028074692068291403,0.0017649311526206088,0.001114379340917547,1.0326721012021947,0.006491714705538,-0.0017649311121410644,-0.0005801048046497707,datetime.datetime(2025, 9, 12, 16, 0, 37, 764962)
trans_8208-c0362-cyp,1.034285026562643,0.00021548927559795849,1.1232466033683777e-12,0.0016046246086628612,1.0342849967873726,9.094947017729282e-12,1.3676208533951619e-12,1.3050245539985877e-12,datetime.datetime(2025, 9, 12, 16, 0, 37, 764962)
trans_8208-c0362-cyp_1,1.034285026562643,0.00021548927559795849,1.1232466033683777e-12,0.0016046246086628612,1.0342849967873726,9.094947017729282e-12,1.3676208533951619e-12,1.3050245539985877e-12,datetime.datetime(2025, 9, 12, 16, 0, 37, 764962)
trans_860267-c0362-cyp,1.032022348274166,0.00152210156949633,0.010575218396074029,0.0040084504573931635,1.032022008977393,0.03892193791346591,-0.010575217214635281,-0.003475905807328223,datetime.datetime(2025, 9, 12, 16, 0, 37, 764962)
trans_gpc-10080-gsu,1.0368737329797255,0.00014401908266275303,2.4679879338102004e-12,0.0010751182617057859,1.03687370300725,7.191242047604083e-12,-1.0472316804793305e-12,1.3189446791863195e-13,datetime.datetime(2025, 9, 12, 16, 0, 37, 764962)
trans_860708-c0362-cyp,1.0347464239074278,1.6168905871585977e-05,3.4739219422104394e-14,0.00012045426280246564,1.0347464101643749,2.8358353927159395e-12,2.329342982366576e-13,-6.874454797123951e-13,datetime.datetime(2025, 9, 12, 16, 0, 37, 764962)
trans_gpc-10072-gsu,1.0377508400944662,0.00014414091082785193,1.6253713461950037e-12,0.0010769347877552077,1.0377508100966362,1.8189894035458565e-12,4.57381563511965e-13,2.559364556912252e-13,datetime.datetime(2025, 9, 12, 16, 0, 37, 764962)
trans_gpc-10076-gsu,1.036872855162782,0.0001440189605965058,1.4954298303143654e-12,0.0010751164403080674,1.0368728251903319,1.2850241732387039e-11,-1.3494984952247301e-12,-4.588535575263125e-13,datetime.datetime(2025, 9, 12, 16, 0, 37, 764962)
trans_reg_c0362-cyp-reg_a,1.0035088796832967,135.70416733488523,630.2750070250848,-751.007661973654,1.0316621960110675,132.39609781556277,-630.0463415553367,755.026601400603,datetime.datetime(2025, 9, 12, 16, 0, 37, 764962)
trans_reg_c0362-cyp-reg_b,1.0035088796832967,127.33306876029305,499.5303911666998,-787.46809874435,1.0316621960110675,126.54417691124924,-499.3290661611795,791.0087271191032,datetime.datetime(2025, 9, 12, 16, 0, 37, 764962)
trans_reg_c0362-cyp-reg_c,1.0035088796832967,125.32891542158603,357.8828129360878,-842.0672942255022,1.0316621960110675,123.78381391983696,-357.68777523193074,845.4978985277693,datetime.datetime(2025, 9, 12, 16, 0, 37, 764962)
trans_gpc-00550-gsu,1.0370317216163636,2.160615415883754e-05,-9.095451605420357e-14,0.00016131600348763135,1.0370317071655397,2.0743540575535147e-12,3.5711859832076115e-13,3.533042839048623e-13,datetime.datetime(2025, 9, 12, 16, 1, 37, 764962)
trans_8695-c0362-cyp,1.0324900428224668,0.0002806974078795174,0.001764304717295572,0.0011139838075100263,1.0324899789514441,0.006490569821899859,-0.0017643046758362767,-0.0005798989075004261,datetime.datetime(2025, 9, 12, 16, 1, 37, 764962)
trans_8208-c0362-cyp,1.0340921763864976,0.00021544909560147188,8.643749258019363e-13,0.0016040224935116119,1.0340921466167792,1.0970559513496982e-11,-5.842261304367122e-13,2.620226772035376e-12,datetime.datetime(2025, 9, 12, 16, 1, 37, 764962)
trans_8208-c0362-cyp_1,1.0340921763864976,0.00021544909560147188,8.643749258019363e-13,0.0016040224935116119,1.0340921466167792,1.0970559513496982e-11,-5.842261304367122e-13,2.620226772035376e-12,datetime.datetime(2025, 9, 12, 16, 1, 37, 764962)
trans_860267-c0362-cyp,1.0318442489038417,0.0017169938242848487,0.011950055817603427,0.004460145424436666,1.031843867626845,0.043989686773869316,-0.011950054311829104,-0.003927783641447952,datetime.datetime(2025, 9, 12, 16, 1, 37, 764962)
trans_gpc-10080-gsu,1.036480028247012,0.00014396439837616458,1.4692980703640001e-12,0.0010742976961040937,1.036479998285917,1.3162330974409615e-11,-6.238471942840037e-13,-3.509550066664184e-12,datetime.datetime(2025, 9, 12, 16, 1, 37, 764962)
trans_860708-c0362-cyp,1.0345432166111737,1.6165730580757785e-05,-7.571341980022045e-14,0.00012040666548008987,1.0345432028708195,3.413740728015546e-12,-2.0323277924398586e-13,-9.195004921335204e-13,datetime.datetime(2025, 9, 12, 16, 1, 37, 764962)
trans_gpc-10072-gsu,1.0373946791468927,0.00014409144100575944,8.837045470388995e-13,0.0010761917474010744,1.0373946491593582,3.6450773090749405e-12,-9.720923374157617e-14,-1.0451860976325631e-12,datetime.datetime(2025, 9, 12, 16, 1, 37, 764962)
trans_gpc-10076-gsu,1.0364791297264808,0.00014396427329607724,2.369277538050163e-12,0.0010742958330856194,1.036479099765412,1.0913936421275139e-11,-1.0256843002854599e-12,1.0741592211391093e-12,datetime.datetime(2025, 9, 12, 16, 1, 37, 764962)
trans_reg_c0362-cyp-reg_a,1.0030907172570223,137.4499986945096,662.9561998571318,-738.7954624208876,1.0311749401682457,134.0992967036561,-662.7216131148685,742.918008719607,datetime.datetime(2025, 9, 12, 16, 1, 37, 764962)
trans_reg_c0362-cyp-reg_b,1.0030907172570223,127.44310327178702,500.20433142990333,-789.0395020811585,1.0311749401682457,126.65353023450764,-500.00265832435434,792.5862551966943,datetime.datetime(2025, 9, 12, 16, 1, 37, 764962)
trans_reg_c0362-cyp-reg_c,1.0030907172570223,125.4424531944268,376.57184440253917,-833.88173141964,1.0311749401682457,123.89592701424664,-376.37645320068805,837.3184899701412,datetime.datetime(2025, 9, 12, 16, 1, 37, 764962)
trans_gpc-00550-gsu,1.0364194332382395,2.1593397457103357e-05,-2.1804544823346428e-13,0.00016112575235280305,1.0364194187959477,4.014703847472533e-12,5.614851636529893e-13,-7.6097076248714e-13,datetime.datetime(2025, 9, 12, 16, 2, 37, 764962)
trans_8695-c0362-cyp,1.0319965939625475,0.000280563256523445,0.0017626195826447636,0.0011129198115922652,1.0319965301220504,0.006487467842154843,-0.001762619542434893,-0.0005793450300831459,datetime.datetime(2025, 9, 12, 16, 2, 37, 764962)
trans_8208-c0362-cyp,1.0335249237122963,0.0002153309112628956,3.920970510079558e-12,0.0016022642946602916,1.0335248939589077,1.4551915228366852e-11,-1.4526846966808319e-12,-6.379762320173598e-13,datetime.datetime(2025, 9, 12, 16, 2, 37, 764962)
trans_8208-c0362-cyp_1,1.0335249237122963,0.0002153309112628956,3.920970510079558e-12,0.0016022642946602916,1.0335248939589077,1.4551915228366852e-11,-1.4526846966808319e-12,-6.379762320173598e-13,datetime.datetime(2025, 9, 12, 16, 2, 37, 764962)
trans_860267-c0362-cyp,1.031363983822117,0.0017704563550641744,0.012321996417713709,0.0045819095279179215,1.0313635910348649,0.04537995993347469,-0.012321994814330245,-0.004050042344151848,datetime.datetime(2025, 9, 12, 16, 2, 37, 764962)
trans_gpc-10080-gsu,1.0358672572881507,0.00014387928605317054,7.748017019637566e-13,0.0010730278431007978,1.035867227344769,9.552663713428823e-12,-5.512952361300435e-13,-1.9356275942800135e-12,datetime.datetime(2025, 9, 12, 16, 2, 37, 764962)
trans_860708-c0362-cyp,1.0340022208941029,1.615727699012018e-05,1.6296196098282425e-13,0.00012028085809209995,1.034002207160934,2.8918173498447915e-12,-3.215711487375181e-13,-7.546383956561955e-13,datetime.datetime(2025, 9, 12, 16, 2, 37, 764962)
trans_gpc-10072-gsu,1.036789294158113,0.0001440073544521984,1.9113964404293693e-12,0.0010749376128422333,1.0367892641880785,3.6450773090749405e-12,3.33444237494011e-14,-1.047479879950026e-12,datetime.datetime(2025, 9, 12, 16, 2, 37, 764962)
trans_gpc-10076-gsu,1.0358663654297067,0.0001438791621416955,1.1912403511532555e-12,0.0010730259934399714,1.0358663354863507,5.9117155615240335e-12,8.210923512744422e-13,-1.184097996109402e-12,datetime.datetime(2025, 9, 12, 16, 2, 37, 764962)
trans_reg_c0362-cyp-reg_a,1.0017067691450021,140.2909613155593,711.2753106927629,-719.5409827919733,1.029666736931175,136.87088835415278,-711.0309265570053,723.8349343622538,datetime.datetime(2025, 9, 12, 16, 2, 37, 764962)
trans_reg_c0362-cyp-reg_b,1.0017067691450021,129.9502092427274,566.6325616434789,-764.9984624432528,1.029666736931175,129.144966129419,-566.4228759418177,768.6854115640197,datetime.datetime(2025, 9, 12, 16, 2, 37, 764962)
trans_reg_c0362-cyp-reg_c,1.0017067691450021,125.97700983202124,402.19015140584486,-827.2263617380424,1.029666736931175,124.42385809878945,-401.99309144276083,830.6923588983376,datetime.datetime(2025, 9, 12, 16, 2, 37, 764962)
trans_gpc-00550-gsu,1.0366692027481237,2.1598601239736517e-05,-6.261701844968021e-13,0.0001612034180155845,1.0366691883023513,4.784304696566391e-12,2.45579156668456e-13,2.304656229480769e-13,datetime.datetime(2025, 9, 12, 16, 3, 37, 764962)
trans_8695-c0362-cyp,1.0322644674393862,0.00011813403922694568,0.0005224637663045511,0.0007055766174528729,1.0322644387298627,0.0019224716860381887,-0.0005224637614753166,-0.00017172497421504484,datetime.datetime(2025, 9, 12, 16, 3, 37, 764962)
trans_8208-c0362-cyp,1.0338395606736392,0.00021539646441949944,2.579501662616779e-12,0.0016032397609969957,1.0338395309111927,1.477584305688226e-11,9.287554383551086e-14,1.9111577621456323e-12,datetime.datetime(2025, 9, 12, 16, 3, 37, 764962)
trans_8208-c0362-cyp_1,1.0338395606736392,0.00021539646441949944,2.579501662616779e-12,0.0016032397609969957,1.0338395309111927,1.477584305688226e-11,9.287554383551086e-14,1.9111577621456323e-12,datetime.datetime(2025, 9, 12, 16, 3, 37, 764962)
trans_860267-c0362-cyp,1.0316242632402735,0.0017709030106751538,0.012328214716545681,0.004584224162981616,1.031623870353805,0.045391408166202,-0.012328213111599902,-0.004052088494640069,datetime.datetime(2025, 9, 12, 16, 3, 37, 764962)
trans_gpc-10080-gsu,1.0361137559164346,0.0001439135236235865,6.874990056415787e-13,0.0010735395462104526,1.0361137259659274,6.963868372160851e-12,-8.462444372253541e-13,-1.148352307227899e-12,datetime.datetime(2025, 9, 12, 16, 3, 37, 764962)
trans_860708-c0362-cyp,1.034295379174828,1.6161857824191146e-05,-1.7031114843066298e-13,0.00012034905037880765,1.0342953654377656,1.5916157281026244e-12,3.522485657534856e-13,-2.49768603919203e-13,datetime.datetime(2025, 9, 12, 16, 3, 37, 764962)
trans_gpc-10072-gsu,1.0370527199333548,0.00014404394377940207,2.815654967860959e-12,0.0010754836109768354,1.037052689955705,1.1801058266563299e-11,-1.1001973327634765e-12,-2.8240840311369076e-12,datetime.datetime(2025, 9, 12, 16, 3, 37, 764962)
trans_gpc-10076-gsu,1.0361127944750692,0.00014391339021835187,1.2843833704923034e-12,0.001073537555842345,1.0361127645245898,1.0921034923258366e-11,-9.603108671698424e-13,1.073275853743207e-12,datetime.datetime(2025, 9, 12, 16, 3, 37, 764962)
trans_reg_c0362-cyp-reg_a,1.0027149137658569,138.4137967878663,680.4178144861171,-731.7645785747056,1.0307566835514246,135.03955913195836,-680.1799264393605,735.9448842083876,datetime.datetime(2025, 9, 12, 16, 3, 37, 764962)
trans_reg_c0362-cyp-reg_b,1.0027149137658569,128.5204438475121,531.5995483172175,-777.2129833900786,1.0307566835514246,127.72413292841479,-531.3944512124923,780.8196369186693,datetime.datetime(2025, 9, 12, 16, 3, 37, 764962)
trans_reg_c0362-cyp-reg_c,1.0027149137658569,125.71956466518525,391.8181899421589,-829.5214404486115,1.0307566835514246,124.16960147152922,-391.62193455235587,832.9733375866965,datetime.datetime(2025, 9, 12, 16, 3, 37, 764962)
trans_gpc-00550-gsu,1.0367506515894165,2.160029825742408e-05,-2.499824253848759e-13,0.00016122872529513455,1.036750637142509,9.094947017729282e-13,2.415812050946249e-13,-7.241590468664003e-14,datetime.datetime(2025, 9, 12, 16, 4, 37, 764962)
trans_8695-c0362-cyp,1.032436783835177,0.00023338038026244191,0.0014175403089437418,0.000999951049883257,1.03243672978123,0.005215150624293739,-0.0014175402828768243,-0.00046592125794183445,datetime.datetime(2025, 9, 12, 16, 4, 37, 764962)
trans_8208-c0362-cyp,1.0340185534834045,0.00021543375697590165,3.004478783819048e-14,0.001603794416712509,1.0340185237158053,7.73070496506989e-12,1.187406782094215e-12,-1.830555548991685e-14,datetime.datetime(2025, 9, 12, 16, 4, 37, 764962)
trans_8208-c0362-cyp_1,1.0340185534834045,0.00021543375697590165,3.004478783819048e-14,0.001603794416712509,1.0340185237158053,7.73070496506989e-12,1.187406782094215e-12,-1.830555548991685e-14,datetime.datetime(2025, 9, 12, 16, 4, 37, 764962)
trans_860267-c0362-cyp,1.031796661999333,0.0015762113346364994,0.010955146970321968,0.004133095318209636,1.0317963110479809,0.04032916827973786,-0.01095514570189677,-0.003600784149345778,datetime.datetime(2025, 9, 12, 16, 4, 37, 764962)
trans_gpc-10080-gsu,1.0361616653313412,0.000143920178461817,2.1425368736116558e-12,0.0010736386972718768,1.0361616353794492,5.5996263195014586e-12,-5.341312894551973e-13,-1.4184016025671853e-12,datetime.datetime(2025, 9, 12, 16, 4, 37, 764962)
trans_860708-c0362-cyp,1.034463740669809,1.6164488600852587e-05,-1.446656611777536e-13,0.00012038819305185852,1.0344637269305108,2.4090790203939016e-12,1.120431838608829e-13,-1.4378578632898504e-13,datetime.datetime(2025, 9, 12, 16, 4, 37, 764962)
trans_gpc-10072-gsu,1.0371536733586209,0.00014405796582283965,2.5830172722951518e-12,0.001075692969253347,1.037153643378053,5.6843418860808015e-12,-1.4224439451312557e-12,-2.3524447394527664e-13,datetime.datetime(2025, 9, 12, 16, 4, 37, 764962)
trans_gpc-10076-gsu,1.0361606766809037,0.00014392004119155474,5.940015233157902e-13,0.001073636650279453,1.03616064672904,4.547473508864641e-13,-1.309014322795513e-13,3.880838804445649e-15,datetime.datetime(2025, 9, 12, 16, 4, 37, 764962)
trans_reg_c0362-cyp-reg_a,1.0026498083419944,137.3318187559086,663.6258490384789,-736.4592418788728,1.0307141654058174,133.98399520705703,-663.3916655238907,740.5747163778423,datetime.datetime(2025, 9, 12, 16, 4, 37, 764962)
trans_reg_c0362-cyp-reg_b,1.0026498083419944,127.77611089162079,511.01115932642284,-784.7410540891834,1.0307141654058174,126.98445346053394,-510.80843093780135,788.3062662911909,datetime.datetime(2025, 9, 12, 16, 4, 37, 764962)
trans_reg_c0362-cyp-reg_c,1.0026498083419944,125.39690750407539,369.80987494652186,-837.1484871100871,1.0307141654058174,123.8509527854446,-369.61462558885114,840.5827848018746,datetime.datetime(2025, 9, 12, 16, 4, 37, 764962)
trans_gpc-00550-gsu,1.0372243965162242,2.1610168535739938e-05,1.183141217376421e-13,0.00016137739495242017,1.0372243820627152,3.105209145699605e-12,-2.4522382122031686e-13,-8.397223652758878e-13,datetime.datetime(2025, 9, 12, 16, 5, 37, 764962)
trans_8695-c0362-cyp,1.0325697178721933,0.00011825188429278688,0.0005234918647167492,0.0007062337925229467,1.0325696891338532,0.0019256765529820988,-0.0005234918622442477,-0.0001720637069303609,datetime.datetime(2025, 9, 12, 16, 5, 37, 764962)
trans_8208-c0362-cyp,1.034144110213325,0.0002154599158607986,2.8561967999052305e-12,0.0016041927583171022,1.0341440804421114,1.6370904631912708e-11,-7.736400583120184e-13,1.988527786115268e-12,datetime.datetime(2025, 9, 12, 16, 5, 37, 764962)
trans_8208-c0362-cyp_1,1.034144110213325,0.0002154599158607986,2.8561967999052305e-12,0.0016041927583171022,1.0341440804421114,1.6370904631912708e-11,-7.736400583120184e-13,1.988527786115268e-12,datetime.datetime(2025, 9, 12, 16, 5, 37, 764962)
trans_860267-c0362-cyp,1.031926693331275,0.0015219604905974086,0.010573291363842906,0.0040077200306845055,1.0319263540659502,0.03891833035701427,-0.01057329018193425,-0.0034752724217679584,datetime.datetime(2025, 9, 12, 16, 5, 37, 764962)
trans_gpc-10080-gsu,1.036691389902887,0.0001439937556471242,1.741403627200655e-12,0.0010747449703487335,1.0366913599356822,7.705362763772045e-12,-9.61547755917373e-13,4.384336006389513e-13,datetime.datetime(2025, 9, 12, 16, 5, 37, 764962)
trans_860708-c0362-cyp,1.0346223493892295,1.616696707585714e-05,4.556693520771372e-14,0.0001204257871649261,1.0346223356478246,4.092726157978177e-12,-2.1552875592127366e-13,-1.0795013081128252e-12,datetime.datetime(2025, 9, 12, 16, 5, 37, 764962)
trans_gpc-10072-gsu,1.0375938213740978,0.00014411910132154434,1.95424224545826e-12,0.001076614251983965,1.037593791380807,9.109144021695737e-12,-6.459044474772547e-13,-2.347198602126803e-12,datetime.datetime(2025, 9, 12, 16, 5, 37, 764962)
trans_gpc-10076-gsu,1.036690615938326,0.00014399364804386998,1.1340733577919204e-12,0.0010747433618727683,1.0366905859711437,5.4569682106375694e-12,4.1329859729226735e-13,-1.3215863055454983e-12,datetime.datetime(2025, 9, 12, 16, 5, 37, 764962)
trans_reg_c0362-cyp-reg_a,1.0029464580038547,135.27416435159245,625.7564178623854,-750.0236255056022,1.031084273033291,131.97658601913608,-625.5291992167155,754.0172261367608,datetime.datetime(2025, 9, 12, 16, 5, 37, 764962)
trans_reg_c0362-cyp-reg_b,1.0029464580038547,128.25301576749462,527.4123555905887,-776.1826877322645,1.031084273033291,127.45836735720428,-527.2081111299162,779.7743736483749,datetime.datetime(2025, 9, 12, 16, 5, 37, 764962)
trans_reg_c0362-cyp-reg_c,1.0029464580038547,125.38848940496136,348.43878690990203,-847.8341771895972,1.031084273033291,123.84266621270366,-348.2435637229582,851.2680751746472,datetime.datetime(2025, 9, 12, 16, 5, 37, 764962)
trans_gpc-00550-gsu,1.037427159949817,2.1614393049821646e-05,-3.3222972615175316e-13,0.00016144020246017788,1.0374271454934827,2.877835470256373e-12,6.229604952277718e-13,-3.043942269844108e-13,datetime.datetime(2025, 9, 12, 16, 6, 37, 764962)
trans_8695-c0362-cyp,1.0327916137892188,0.00023336344415188595,0.0014178025196125567,0.0010004082034625749,1.0327915597369521,0.005214302257618774,-0.0014178024923487528,-0.00046600896260878583,datetime.datetime(2025, 9, 12, 16, 6, 37, 764962)
trans_8208-c0362-cyp,1.0343904676424887,0.00021551124420823853,1.1759314182124837e-12,0.0016049552838425956,1.0343904378641826,1.094224796738606e-11,1.9467466638256414e-12,1.022694713918393e-12,datetime.datetime(2025, 9, 12, 16, 6, 37, 764962)
trans_8208-c0362-cyp_1,1.0343904676424887,0.00021551124420823853,1.1759314182124837e-12,0.0016049552838425956,1.0343904378641826,1.094224796738606e-11,1.9467466638256414e-12,1.022694713918393e-12,datetime.datetime(2025, 9, 12, 16, 6, 37, 764962)
trans_860267-c0362-cyp,1.0321449144597221,0.0013274036501715843,0.009200430794389338,0.0035567047985281806,1.032144617113407,0.03385795534328342,-0.009200429897351921,-0.0030240343309612438,datetime.datetime(2025, 9, 12, 16, 6, 37, 764962)
trans_gpc-10080-gsu,1.0368896054153725,0.00014402128712423767,1.684860428258217e-12,0.0010751549174255538,1.036889575442438,7.275957614183426e-12,-4.812081902460957e-13,1.963180865395987e-12,datetime.datetime(2025, 9, 12, 16, 6, 37, 764962)
trans_860708-c0362-cyp,1.0348532233172294,1.6170574704227688e-05,8.626101189682795e-14,0.0001204793927472923,1.034853209572758,4.136210907925149e-12,-1.9678429631491848e-13,-1.1672905758145177e-12,datetime.datetime(2025, 9, 12, 16, 6, 37, 764962)
trans_gpc-10072-gsu,1.0377918162848248,0.00014414660183149352,7.78580038982013e-13,0.0010770232234736108,1.0377917862858104,3.865352482534945e-12,4.818097405314777e-13,8.878613217361416e-13,datetime.datetime(2025, 9, 12, 16, 6, 37, 764962)
trans_gpc-10076-gsu,1.0368891057962266,0.00014402121800954158,7.535725793372803e-13,0.0010751538837862871,1.0368890758233067,7.712461265755273e-12,-1.4669981390625148e-13,1.220911348987605e-13,datetime.datetime(2025, 9, 12, 16, 6, 37, 764962)
trans_reg_c0362-cyp-reg_a,1.004127254843686,134.08742160453218,601.7818274316103,-759.9386401837098,1.0323389959038274,130.8188278151517,-601.5585779259621,763.862822266799,datetime.datetime(2025, 9, 12, 16, 6, 37, 764962)
trans_reg_c0362-cyp-reg_b,1.004127254843686,126.88790240544756,487.9315698418014,-790.2841074004006,1.0323389959038274,126.10178968800348,-487.7316500382224,793.8001260526755,datetime.datetime(2025, 9, 12, 16, 6, 37, 764962)
trans_reg_c0362-cyp-reg_c,1.004127254843686,125.24283191451322,348.1910128326245,-845.6835187605434,1.0323389959038274,123.69880395893331,-347.99624294483914,849.1094450972927,datetime.datetime(2025, 9, 12, 16, 6, 37, 764962)
trans_gpc-00550-gsu,1.036232358498581,2.1589499791234128e-05,3.783651235204909e-14,0.00016106729703919924,1.036232344058896,3.133200124264031e-12,-1.8862556134191997e-13,-8.734980317340594e-13,datetime.datetime(2025, 9, 12, 16, 7, 37, 764962)
trans_8695-c0362-cyp,1.031178102521503,0.00011817533193394296,0.0005227949022453853,0.0007045632520404706,1.0311780738016254,0.0019257163322778743,-0.0005227948996958538,-0.0001718343730995556,datetime.datetime(2025, 9, 12, 16, 7, 37, 764962)
trans_8208-c0362-cyp,1.0328265164505899,0.00021518540037655714,1.2806648970464794e-12,0.0016001004328453096,1.0328264867173074,1.39277367443217e-11,5.178669505817739e-14,3.891384696414584e-12,datetime.datetime(2025, 9, 12, 16, 7, 37, 764962)
trans_8208-c0362-cyp_1,1.0328265164505899,0.00021518540037655714,1.2806648970464794e-12,0.0016001004328453096,1.0328264867173074,1.39277367443217e-11,5.178669505817739e-14,3.891384696414584e-12,datetime.datetime(2025, 9, 12, 16, 7, 37, 764962)
trans_860267-c0362-cyp,1.0305195148298194,0.0014653449551645225,0.01015961133476459,0.003870295972737041,1.0305191877776585,0.037446879944761945,-0.010159610241299459,-0.003339302402151222,datetime.datetime(2025, 9, 12, 16, 7, 37, 764962)
trans_gpc-10080-gsu,1.0357530339983925,0.00014386342037826184,2.8291038869227014e-12,0.001072788093341617,1.0357530040583125,5.464066712620797e-12,-5.367449914174829e-13,-7.696215307158239e-13,datetime.datetime(2025, 9, 12, 16, 7, 37, 764962)
trans_860708-c0362-cyp,1.0332987642246105,1.6146284803978057e-05,4.685939830606499e-14,0.00012011731285935595,1.033298750500785,2.7844660624476367e-12,-9.177871405704246e-14,-4.0194793701389804e-13,datetime.datetime(2025, 9, 12, 16, 7, 37, 764962)
trans_gpc-10072-gsu,1.0365573977423703,0.0001439751443066245,1.2945776742268044e-12,0.0010744556849427442,1.036557367779039,5.4569682106375694e-12,4.851131530412308e-13,1.2995546466936584e-12,datetime.datetime(2025, 9, 12, 16, 7, 37, 764962)
trans_gpc-10076-gsu,1.0357525093873852,0.0001438633475616706,1.0194193753032543e-12,0.0010727870044322941,1.0357524794473203,1.1350440072846986e-11,1.4064182213022807e-12,-1.340980209420249e-12,datetime.datetime(2025, 9, 12, 16, 7, 37, 764962)
trans_reg_c0362-cyp-reg_a,1.0048216831294996,130.36275718506556,545.2705456969286,-769.4668340524036,1.026803168666137,127.96534908196882,-545.0595265212725,773.1769018376917,datetime.datetime(2025, 9, 12, 16, 7, 37, 764962)
trans_reg_c0362-cyp-reg_b,1.0048216831294996,125.14715843647316,419.08160891010846,-815.1942500289948,1.026803168666137,124.37194976237848,-418.8871365964142,818.6149614001692,datetime.datetime(2025, 9, 12, 16, 7, 37, 764962)
trans_reg_c0362-cyp-reg_c,1.0048216831294996,124.95528397824631,310.63354871871894,-857.6142950083254,1.026803168666137,123.41484175331412,-310.43967209448283,861.0245780042467,datetime.datetime(2025, 9, 12, 16, 7, 37, 764962)
trans_gpc-00550-gsu,1.0352928247494801,2.1569924947492445e-05,4.095054872456371e-14,0.00016077481918510671,1.0352928103228878,3.0038569436619535e-12,3.7218539603537116e-13,-1.0890044948862545e-13,datetime.datetime(2025, 9, 12, 16, 8, 37, 764962)
trans_8695-c0362-cyp,1.030421127303898,8.294424093665517e-05,0.0001757242715045507,0.0005897046946478132,1.0304211084300594,0.0006477564219816026,-0.00017572427129090656,-5.775777760098039e-05,datetime.datetime(2025, 9, 12, 16, 8, 37, 764962)
trans_8208-c0362-cyp,1.0319795698210372,0.00021500894230364097,3.516881199455701e-12,0.0015974764183140232,1.0319795401121368,8.782857775706707e-12,-1.337127773586638e-13,5.18021379661977e-13,datetime.datetime(2025, 9, 12, 16, 8, 37, 764962)
trans_8208-c0362-cyp_1,1.0319795698210372,0.00021500894230364097,3.516881199455701e-12,0.0015974764183140232,1.0319795401121368,8.782857775706707e-12,-1.337127773586638e-13,5.18021379661977e-13,datetime.datetime(2025, 9, 12, 16, 8, 37, 764962)
trans_860267-c0362-cyp,1.029779367784255,0.0015187934590021996,0.01052928616302332,0.003991040218062585,1.029779029224904,0.03883734560949513,-0.010529284984460974,-0.003460808616234181,datetime.datetime(2025, 9, 12, 16, 8, 37, 764962)
trans_gpc-10080-gsu,1.0347883283184947,0.00014372942559045512,2.207656396233104e-12,0.001070789001149517,1.034788298406301,1.1772746720452378e-11,-1.0791439114833767e-12,-1.5425935731535453e-12,datetime.datetime(2025, 9, 12, 16, 8, 37, 764962)
trans_860708-c0362-cyp,1.032476866748288,1.6133441772480986e-05,-3.5673516527931493e-13,0.00011992622074702644,1.0324768530353783,2.2737367544323206e-12,2.337817268888678e-13,-5.537936972054137e-13,datetime.datetime(2025, 9, 12, 16, 8, 37, 764962)
trans_gpc-10072-gsu,1.0356333226376675,0.00014384679300760635,6.413893496176604e-13,0.0010725372335755334,1.0356332927010476,7.503331289626658e-12,1.1089868679233587e-12,-2.3901080938817973e-14,datetime.datetime(2025, 9, 12, 16, 8, 37, 764962)
trans_gpc-10076-gsu,1.0347875922411,0.00014372932320737798,1.3557913281642132e-12,0.0010707874809194181,1.0347875623289278,5.485279756748491e-12,-6.144040639742819e-13,-1.2901905170500165e-12,datetime.datetime(2025, 9, 12, 16, 8, 37, 764962)
trans_reg_c0362-cyp-reg_a,1.0110550693027154,129.02493372239334,530.4617023229424,-775.0429520770017,1.0268225999647385,127.43397313547055,-530.2549919284302,778.6777214363213,datetime.datetime(2025, 9, 12, 16, 8, 37, 764962)
trans_reg_c0362-cyp-reg_b,1.0110550693027154,127.32349041624882,465.55779667965953,-804.1116505745429,1.0268225999647385,125.75363465491297,-465.35650189440673,807.6517370300655,datetime.datetime(2025, 9, 12, 16, 8, 37, 764962)
trans_reg_c0362-cyp-reg_c,1.0110550693027154,128.2995705565196,507.0772450003336,-782.8202934908489,1.0268225999647385,126.7175955149782,-506.87285221033426,786.4144607133577,datetime.datetime(2025, 9, 12, 16, 8, 37, 764962)
trans_gpc-00550-gsu,1.0385659947803827,2.1638120255568106e-05,-7.715098069953353e-14,0.00016179360600634068,1.0385659803081786,2.5011104298755527e-12,1.540114948486186e-13,-6.248533995471323e-13,datetime.datetime(2025, 9, 12, 16, 9, 37, 764962)
trans_8695-c0362-cyp,1.033682851719014,0.00023341901976947963,0.0014191691297321314,0.0010017790480075397,1.0336827976505847,0.005214840420286257,-0.001419169104449997,-0.0004664583303273433,datetime.datetime(2025, 9, 12, 16, 9, 37, 764962)
trans_8208-c0362-cyp,1.0352986712895316,0.0002157004641631061,1.2347215940650136e-12,0.0016077716529450245,1.03529864148508,1.9384596077408915e-11,7.775119107752182e-13,5.4304299310568405e-12,datetime.datetime(2025, 9, 12, 16, 9, 37, 764962)
trans_8208-c0362-cyp_1,1.0352986712895316,0.0002157004641631061,1.2347215940650136e-12,0.0016077716529450245,1.03529864148508,1.9384596077408915e-11,7.775119107752182e-13,5.4304299310568405e-12,datetime.datetime(2025, 9, 12, 16, 9, 37, 764962)
trans_860267-c0362-cyp,1.0330307732161315,0.0013287119552822333,0.009217403621007491,0.0035631976773648896,1.0330304755781459,0.033891411648190574,-0.009217402722865007,-0.003029613765773132,datetime.datetime(2025, 9, 12, 16, 9, 37, 764962)
trans_gpc-10080-gsu,1.0381342200323067,0.000144194160961082,1.389587837158368e-12,0.001077726452480388,1.0381341900233947,4.067383956680332e-12,-9.948292002870335e-13,-6.220051915104903e-13,datetime.datetime(2025, 9, 12, 16, 9, 37, 764962)
trans_860708-c0362-cyp,1.0357686656329672,1.618487923723225e-05,-2.9118172142125055e-13,0.00012069239478849371,1.0357686518763376,2.223705422491103e-12,1.599555320363515e-13,-9.981133006397226e-14,datetime.datetime(2025, 9, 12, 16, 9, 37, 764962)
trans_gpc-10072-gsu,1.0388735789257602,0.0001442968560028585,4.3387319431653635e-13,0.0010792641020999218,1.0388735488954757,5.4569682106375694e-12,9.588857157583405e-13,-1.1877119987117988e-12,datetime.datetime(2025, 9, 12, 16, 9, 37, 764962)
trans_gpc-10076-gsu,1.0381337553644512,0.0001441940963953934,9.65585566364835e-13,0.0010777254880488037,1.0381337253555525,5.6843418860808015e-12,3.737100576002042e-13,-7.998656188756957e-13,datetime.datetime(2025, 9, 12, 16, 9, 37, 764962)
trans_reg_c0362-cyp-reg_a,1.0071720380423619,128.4064489077363,481.56242431163287,-796.8969959939424,1.0293213918581996,126.04514421015551,-481.35769079499437,800.4971474569556,datetime.datetime(2025, 9, 12, 16, 9, 37, 764962)
trans_reg_c0362-cyp-reg_b,1.0071720380423619,125.89000138259283,377.3622470779504,-840.8431582597743,1.0293213918581996,124.3379601335695,-377.1654591683039,844.3044887480957,datetime.datetime(2025, 9, 12, 16, 9, 37, 764962)
trans_reg_c0362-cyp-reg_c,1.0071720380423619,124.82631095281127,313.2995835634236,-854.7111309554574,1.0293213918581996,123.28745577465746,-313.1061069580385,858.1143800924127,datetime.datetime(2025, 9, 12, 16, 9, 37, 764962)
trans_gpc-00550-gsu,1.0373848270501378,2.1613510998779553e-05,4.466761272924752e-13,0.00016142584723353667,1.0373848125943934,2.0463630789890885e-12,5.763101192323029e-14,-4.529089537176e-13,datetime.datetime(2025, 9, 12, 16, 10, 37, 764962)
trans_8695-c0362-cyp,1.0321560314995628,0.0001184118039388334,0.0005248617669150802,0.000706253490104346,1.032156002722006,0.001931497958616568,-0.0005248617613786645,-0.00017251371916156784,datetime.datetime(2025, 9, 12, 16, 10, 37, 764962)
trans_8208-c0362-cyp,1.033824453471641,0.00021539331692718456,1.9125324865476578e-12,0.00160319369142517,1.0338244237096295,1.242083658279842e-11,-4.891832715472039e-13,3.0009630789214108e-12,datetime.datetime(2025, 9, 12, 16, 10, 37, 764962)
trans_8208-c0362-cyp_1,1.033824453471641,0.00021539331692718456,1.9125324865476578e-12,0.00160319369142517,1.0338244237096295,1.242083658279842e-11,-4.891832715472039e-13,3.0009630789214108e-12,datetime.datetime(2025, 9, 12, 16, 10, 37, 764962)
trans_860267-c0362-cyp,1.0314915597995047,0.0010776217846655612,0.007429623523252077,0.002973991474853184,1.0314913163064934,0.027358725268203432,-0.007429622934696954,-0.002441998964657202,datetime.datetime(2025, 9, 12, 16, 10, 37, 764962)
trans_gpc-10080-gsu,1.0370081734920502,0.0001440377560310515,2.2088184857549375e-12,0.0010753904959689496,1.0370081435156884,7.705362763772045e-12,-9.630728788691287e-13,4.270215608220789e-13,datetime.datetime(2025, 9, 12, 16, 10, 37, 764962)
trans_860708-c0362-cyp,1.0342984096470735,1.616190519647153e-05,-9.334522824838711e-14,0.00012034980974452021,1.034298395909971,2.1537143663862434e-12,4.9962035700850334e-14,-6.151064072172563e-13,datetime.datetime(2025, 9, 12, 16, 10, 37, 764962)
trans_gpc-10072-gsu,1.0376617695610975,0.0001441285390325677,1.9249802880177968e-12,0.001076746708296071,1.0376617395658425,8.589515264247129e-12,-1.7313066599567178e-13,-2.3314755414059678e-12,datetime.datetime(2025, 9, 12, 16, 10, 37, 764962)
trans_gpc-10076-gsu,1.037007813754849,0.00014403770621690718,3.8355697784542285e-13,0.0010753897490490285,1.0370077837784972,7.304269160294347e-12,-1.682581677025645e-13,-1.5699811563930017e-12,datetime.datetime(2025, 9, 12, 16, 10, 37, 764962)
trans_reg_c0362-cyp-reg_a,1.007062009283395,126.83550780326172,419.65211785295594,-818.273523195011,1.029314786335296,124.50319514404944,-419.4523630026726,821.786546032986,datetime.datetime(2025, 9, 12, 16, 10, 37, 764962)
trans_reg_c0362-cyp-reg_b,1.007062009283395,123.83050479064988,320.7272204367888,-847.9006929459808,1.029314786335296,123.06358144102643,-320.53681842371503,851.2501601980961,datetime.datetime(2025, 9, 12, 16, 10, 37, 764962)
trans_reg_c0362-cyp-reg_c,1.007062009283395,125.32429846474692,227.53344916563688,-886.4780378628327,1.029314786335296,123.77936820626387,-227.33842565323687,889.9084083108606,datetime.datetime(2025, 9, 12, 16, 10, 37, 764962)
trans_gpc-00550-gsu,1.037480566233766,2.1615505708245576e-05,2.2168584806400717e-13,0.0001614563388212852,1.0374805517766876,2.7844660624476367e-12,-3.244272954051269e-14,-7.4133569523882e-13,datetime.datetime(2025, 9, 12, 16, 11, 37, 764962)
trans_8695-c0362-cyp,1.0321620716923239,8.308430405274622e-05,0.0001763196806235625,0.0005917002495819179,1.0321620527866298,0.0006488516967283064,-0.00017631967975599913,-5.79525655592857e-05,datetime.datetime(2025, 9, 12, 16, 11, 37, 764962)
trans_8208-c0362-cyp,1.0338066144097324,0.00021538960037335533,5.380675317627481e-12,0.0016031433963925696,1.0338065846482343,1.137165311697468e-11,-1.7413002796379335e-12,-1.020504709215014e-13,datetime.datetime(2025, 9, 12, 16, 11, 37, 764962)
trans_8208-c0362-cyp_1,1.0338066144097324,0.00021538960037335533,5.380675317627481e-12,0.0016031433963925696,1.0338065846482343,1.137165311697468e-11,-1.7413002796379335e-12,-1.020504709215014e-13,datetime.datetime(2025, 9, 12, 16, 11, 37, 764962)
trans_860267-c0362-cyp,1.0315005116399394,0.0008287620659541327,0.005669418482122301,0.0023954449314303895,1.0315003218469767,0.020876721808178327,-0.0056694181373092125,-0.0018634430814264814,datetime.datetime(2025, 9, 12, 16, 11, 37, 764962)
trans_gpc-10080-gsu,1.0370831523725461,0.00014404817027001163,1.4504962266015386e-12,0.0010755511974503001,1.037083122394017,6.113747035669421e-12,5.629980341067749e-13,-1.4436383153948094e-12,datetime.datetime(2025, 9, 12, 16, 11, 37, 764962)
trans_860708-c0362-cyp,1.0342992502536321,1.616191827923917e-05,-3.431671711118939e-14,0.00012035038675786125,1.0342992365165184,2.9700135538174775e-12,-1.6735961862306356e-14,-7.072398054705461e-13,datetime.datetime(2025, 9, 12, 16, 11, 37, 764962)
trans_gpc-10072-gsu,1.0377588211290287,0.00014414201923199283,2.16783719794722e-12,0.0010769522669230858,1.0377587911309683,7.932736439215277e-12,4.792088429835353e-13,-2.0786384280530195e-12,datetime.datetime(2025, 9, 12, 16, 11, 37, 764962)
trans_gpc-10076-gsu,1.0370824680032438,0.00014404807535666104,9.514569271340534e-13,0.0010755497761573479,1.0370824380247345,1.137165311697468e-11,-8.288996828053567e-14,-9.3779486983641e-13,datetime.datetime(2025, 9, 12, 16, 11, 37, 764962)
trans_reg_c0362-cyp-reg_a,1.007740667479977,126.59417782597825,399.5152213470063,-827.0355575772275,1.030045750096665,124.26633307704513,-399.3162258733498,830.5353153081239,datetime.datetime(2025, 9, 12, 16, 11, 37, 764962)
trans_reg_c0362-cyp-reg_b,1.007740667479977,123.73534144632701,331.1312229092784,-842.0773083297163,1.030045750096665,122.96899570523698,-330.9411134484964,845.4216174174372,datetime.datetime(2025, 9, 12, 16, 11, 37, 764962)
trans_reg_c0362-cyp-reg_c,1.007740667479977,125.35540745606006,230.5283618679451,-886.3916248660795,1.030045750096665,123.81009234947686,-230.33324152503792,889.8237064932073,datetime.datetime(2025, 9, 12, 16, 11, 37, 764962)
trans_gpc-00550-gsu,1.0379369168974797,2.162501362911297e-05,4.4664383021079947e-13,0.00016159848416317772,1.0379369024340424,1.8749713606747085e-12,-1.5105275845697752e-13,-5.170487126268181e-13,datetime.datetime(2025, 9, 12, 16, 12, 37, 764962)
trans_8695-c0362-cyp,1.0324508418988592,0.0002329951312519098,0.0014147111633011575,0.0009990472267946532,1.032450787925067,0.00520465905809807,-0.001414711136535663,-0.0004650005812692382,datetime.datetime(2025, 9, 12, 16, 12, 37, 764962)
trans_8208-c0362-cyp,1.0341202988304705,0.00021545495528023427,3.3567655322030988e-12,0.0016041168482992382,1.0341202690599423,1.2850241732387039e-11,-6.024054265445009e-13,-2.4629149147261406e-13,datetime.datetime(2025, 9, 12, 16, 12, 37, 764962)
trans_8208-c0362-cyp_1,1.0341202988304705,0.00021545495528023427,3.3567655322030988e-12,0.0016041168482992382,1.0341202690599423,1.2850241732387039e-11,-6.024054265445009e-13,-2.4629149147261406e-13,datetime.datetime(2025, 9, 12, 16, 12, 37, 764962)
trans_860267-c0362-cyp,1.0317837521576008,0.0007742994013181521,0.0052851891199627654,0.002269433565219013,1.0317835741265688,0.01945649510822193,-0.005285188819747973,-0.001737139628036297,datetime.datetime(2025, 9, 12, 16, 12, 37, 764962)
trans_gpc-10080-gsu,1.0375495990506265,0.0001441129587647051,1.9933069569932906e-12,0.001076520213918544,1.0375495690586138,7.275957614183426e-12,-1.051420022792528e-12,2.5452241702297572e-14,datetime.datetime(2025, 9, 12, 16, 12, 37, 764962)
trans_860708-c0362-cyp,1.0346127585347087,1.6166817074042754e-05,-3.6587991317227325e-14,0.0001204233886477187,1.034612744793431,2.1537143663862434e-12,1.8422678740222663e-14,-3.1376741798032885e-14,datetime.datetime(2025, 9, 12, 16, 12, 37, 764962)
trans_gpc-10072-gsu,1.0382006530141572,0.00014420338851894366,8.588298752720824e-13,0.0010778697612711622,1.038200623003325,9.094947017729282e-12,4.0949856926118056e-13,-1.8460246050993815e-12,datetime.datetime(2025, 9, 12, 16, 12, 37, 764962)
trans_gpc-10076-gsu,1.037549015083452,0.00014411287756671535,2.2270671626301033e-12,0.0010765190010525252,1.037548985091456,1.5233559752581802e-11,-1.6286740549611273e-12,-3.724866666103395e-12,datetime.datetime(2025, 9, 12, 16, 12, 37, 764962)
trans_reg_c0362-cyp-reg_a,1.0088149125370105,126.22612488340596,364.27273579679894,-841.3064314423365,1.0312051854473618,123.9050966661793,-364.07489566177964,844.7860087864588,datetime.datetime(2025, 9, 12, 16, 12, 37, 764962)
trans_reg_c0362-cyp-reg_b,1.0088149125370105,123.58589015669007,295.30903726792724,-854.1413767867947,1.0312051854473618,122.8205067772481,-295.1193867133167,857.4776560043423,datetime.datetime(2025, 9, 12, 16, 12, 37, 764962)
trans_reg_c0362-cyp-reg_c,1.0088149125370105,125.43400561022482,217.41021629640966,-889.8388014101,1.0312051854473618,123.88772758509268,-217.2148511855346,893.2751500800648,datetime.datetime(2025, 9, 12, 16, 12, 37, 764962)
trans_gpc-00550-gsu,1.0386910487297627,2.164072565427278e-05,1.8295435045417865e-14,0.0001618331131226789,1.0386910342558167,3.1985513341207526e-12,4.264282844383901e-14,-2.9088568844675746e-13,datetime.datetime(2025, 9, 12, 16, 13, 37, 764962)
trans_8695-c0362-cyp,1.0328260689110695,0.0001186132174825709,0.0005266208741681507,0.000707526133929017,1.0328260400843687,0.0019367097300472676,-0.0005266208701018497,-0.00017309191695763049,datetime.datetime(2025, 9, 12, 16, 13, 37, 764962)
trans_8208-c0362-cyp,1.0345533468961465,0.00021554517897782153,2.445786686025575e-12,0.0016054587251331373,1.0345533171131516,9.23760512659317e-12,1.0502997966441811e-12,2.316798585372181e-12,datetime.datetime(2025, 9, 12, 16, 13, 37, 764962)
trans_8208-c0362-cyp_1,1.0345533468961465,0.00021554517897782153,2.445786686025575e-12,0.0016054587251331373,1.0345533171131516,9.23760512659317e-12,1.0502997966441811e-12,2.316798585372181e-12,datetime.datetime(2025, 9, 12, 16, 13, 37, 764962)
trans_860267-c0362-cyp,1.0321448127229633,0.0011629818346168253,0.00803793997399709,0.0031746163794530964,1.0321445508170737,0.029579982445522603,-0.008037939287869373,-0.0026419479377265496,datetime.datetime(2025, 9, 12, 16, 13, 37, 764962)
trans_gpc-10080-gsu,1.0383596743570098,0.00014422547615631584,6.648080488891317e-13,0.001078200183555798,1.0383596443415808,9.109144021695737e-12,2.6910411039883405e-13,-2.3668055738111706e-12,datetime.datetime(2025, 9, 12, 16, 13, 37, 764962)
trans_860708-c0362-cyp,1.0350529443173984,1.6173695458350348e-05,-2.2692276454173294e-13,0.00012052573602249638,1.0350529305702745,3.745330094488868e-12,2.3377468040294625e-13,-1.0051423048837026e-12,datetime.datetime(2025, 9, 12, 16, 13, 37, 764962)
trans_gpc-10072-gsu,1.0389217576084628,0.0001443035479882354,1.3474400380186768e-12,0.0010793657403482871,1.038921727576786,7.283056116166653e-12,-9.466339044482286e-13,1.065233867881954e-12,datetime.datetime(2025, 9, 12, 16, 13, 37, 764962)
trans_gpc-10076-gsu,1.0383592162415498,0.00014422541250719618,1.4659501945679665e-12,0.0010781992323099546,1.038359186226134,2.2737367544323206e-13,-6.560655576260712e-14,1.4216277342667648e-15,datetime.datetime(2025, 9, 12, 16, 13, 37, 764962)
trans_reg_c0362-cyp-reg_a,1.009369852020094,126.02720370596468,333.71432181390645,-852.8780282923676,1.0318247605085775,123.70986958054964,-333.5171046876788,856.3467230048366,datetime.datetime(2025, 9, 12, 16, 13, 37, 764962)
trans_reg_c0362-cyp-reg_b,1.009369852020094,123.81221521745249,250.2570493962363,-870.7069707516823,1.0318247605085775,123.04546513221395,-250.06670353089586,874.0554404112313,datetime.datetime(2025, 9, 12, 16, 13, 37, 764962)
trans_reg_c0362-cyp-reg_c,1.009369852020094,125.76016889547738,191.55000944887823,-897.7701159624609,1.0318247605085775,124.20987856515337,-191.35362699667118,901.2242529610023,datetime.datetime(2025, 9, 12, 16, 13, 37, 764962)
trans_gpc-00550-gsu,1.0385984304063085,2.1638796072133884e-05,-5.929981941685952e-13,0.00016180504017616673,1.038598415933653,4.774847184307873e-12,5.236263560241558e-13,-1.1521476028446165e-12,datetime.datetime(2025, 9, 12, 16, 14, 37, 764962)
trans_8695-c0362-cyp,1.032634918869353,8.312260499486674e-05,0.0001764793157282552,0.0005922459067846073,1.032634899954892,0.0006491443961924525,-0.00017647931451263818,-5.800823212576349e-05,datetime.datetime(2025, 9, 12, 16, 14, 37, 764962)
trans_8208-c0362-cyp,1.034341641252521,0.0002155010706088126,1.7724194681378869e-12,0.001604806038253762,1.0343416114756208,9.212262925295326e-12,4.752877117749657e-13,2.5846110852644362e-12,datetime.datetime(2025, 9, 12, 16, 14, 37, 764962)
trans_8208-c0362-cyp_1,1.034341641252521,0.0002155010706088126,1.7724194681378869e-12,0.001604806038253762,1.0343416114756208,9.212262925295326e-12,4.752877117749657e-13,2.5846110852644362e-12,datetime.datetime(2025, 9, 12, 16, 14, 37, 764962)
trans_860267-c0362-cyp,1.031956176643325,0.000884189357326134,0.006064299129255715,0.0025257206357775473,1.031955974877704,0.02232092826081764,-0.0060642987352813845,-0.001993247543377,datetime.datetime(2025, 9, 12, 16, 14, 37, 764962)
trans_gpc-10080-gsu,1.0382743723802113,0.00014421362803356273,2.4412716154165184e-12,0.0010780278625824153,1.0382743423672476,9.094947017729282e-12,-1.5420580594687131e-12,-2.034737104988387e-12,datetime.datetime(2025, 9, 12, 16, 14, 37, 764962)
trans_860708-c0362-cyp,1.0348580815431292,1.6170650559995288e-05,-2.1795915278784855e-13,0.00012048069517007709,1.0348580677985935,2.983848759326443e-12,1.3531632633817449e-13,-6.449044385465343e-13,datetime.datetime(2025, 9, 12, 16, 14, 37, 764962)
trans_gpc-10072-gsu,1.038823799158273,0.00014428994184408238,7.528999906164513e-13,0.0010791673899857449,1.0388237691294275,2.2737367544323206e-12,3.1402946123588114e-13,-2.6845979678395206e-13,datetime.datetime(2025, 9, 12, 16, 14, 37, 764962)
trans_gpc-10076-gsu,1.0382740631663785,0.00014421358458296298,2.0229605404015194e-12,0.0010780272153776255,1.0382740331534244,1.1350440072846986e-11,5.615863531984266e-13,2.5822449953251542e-12,datetime.datetime(2025, 9, 12, 16, 14, 37, 764962)
trans_reg_c0362-cyp-reg_a,1.008445201943933,126.03533689998397,349.9126408148718,-845.5172151309151,1.0308510258818346,123.71783412634812,-349.71539826280207,848.9863224494419,datetime.datetime(2025, 9, 12, 16, 14, 37, 764962)
trans_reg_c0362-cyp-reg_b,1.008445201943933,123.58303945221549,291.05073404660845,-855.4812259567301,1.0308510258818346,122.81767732286791,-290.86109223555707,858.8173486959809,datetime.datetime(2025, 9, 12, 16, 14, 37, 764962)
trans_reg_c0362-cyp-reg_c,1.008445201943933,125.93080273051642,193.1480316790847,-899.8550033899812,1.0308510258818346,124.37840803317442,-192.9511159557734,903.3185154439955,datetime.datetime(2025, 9, 12, 16, 14, 37, 764962)
trans_gpc-00550-gsu,1.0386603966174703,2.164008703301164e-05,5.034284837959757e-14,0.00016182371514052664,1.0386603821439513,3.869022225516599e-12,1.4996561080908052e-13,-1.0411347530457216e-12,datetime.datetime(2025, 9, 12, 16, 15, 37, 764962)
trans_8695-c0362-cyp,1.032752482768769,0.0002329176003600289,0.0014144656544800719,0.0009992747429805632,1.03275242880981,0.005202227658341909,-0.0014144656279499715,-0.0004649156337755389,datetime.datetime(2025, 9, 12, 16, 15, 37, 764962)
trans_8208-c0362-cyp,1.0344775442364067,0.00021552938567748184,2.1956383985249908e-12,0.0016052263492939004,1.0344775144555938,2.0881890742148115e-11,1.142761120971416e-13,4.828804494801318e-12,datetime.datetime(2025, 9, 12, 16, 15, 37, 764962)
trans_8208-c0362-cyp_1,1.0344775442364067,0.00021552938567748184,2.1956383985249908e-12,0.0016052263492939004,1.0344775144555938,2.0881890742148115e-11,1.142761120971416e-13,4.828804494801318e-12,datetime.datetime(2025, 9, 12, 16, 15, 37, 764962)
trans_860267-c0362-cyp,1.0320712759961503,0.0007745147798224444,0.005288132120808024,0.0022707080541427066,1.0320710979150693,0.01946190377737788,-0.005288131820472653,-0.0017381170411615312,datetime.datetime(2025, 9, 12, 16, 15, 37, 764962)
trans_gpc-10080-gsu,1.0383276609472896,0.00014422102934791048,-4.499511319089322e-13,0.001078134279168523,1.0383276309327858,7.304269160294347e-12,3.5813387269387167e-13,-1.961953765717242e-12,datetime.datetime(2025, 9, 12, 16, 15, 37, 764962)
trans_860708-c0362-cyp,1.034980693834923,1.617256649134219e-05,1.5829730690315734e-13,0.00012050912584108265,1.0349806800887587,2.8499911657714003e-12,7.419720157794864e-14,-8.152324706521009e-13,datetime.datetime(2025, 9, 12, 16, 15, 37, 764962)
trans_gpc-10072-gsu,1.0388856625667877,0.00014429853481163357,2.001252293222511e-12,0.0010792920984557795,1.038885632536154,2.2065997675032142e-11,-6.918198350536082e-13,-5.9667175181887824e-12,datetime.datetime(2025, 9, 12, 16, 15, 37, 764962)
trans_gpc-10076-gsu,1.0383273237219013,0.00014422098283648326,2.022796047849995e-12,0.001078133580839174,1.0383272937074073,7.73070496506989e-12,-1.949835070683582e-12,-4.938094041886346e-13,datetime.datetime(2025, 9, 12, 16, 15, 37, 764962)
trans_reg_c0362-cyp-reg_a,1.008957629536299,125.96075816630724,335.5531188839686,-851.2354748754723,1.0313988660059503,123.64464391127035,-335.3561096641422,854.700516943262,datetime.datetime(2025, 9, 12, 16, 15, 37, 764962)
trans_reg_c0362-cyp-reg_b,1.008957629536299,123.63736250053473,273.9325241365843,-861.6023240099307,1.0313988660059503,122.8716779320016,-273.7427155468203,864.9413684447452,datetime.datetime(2025, 9, 12, 16, 15, 37, 764962)
trans_reg_c0362-cyp-reg_c,1.008957629536299,125.91533735107005,189.56811407620796,-900.1788137949338,1.0313988660059503,124.3631346950196,-189.37124671360073,903.6414676579586,datetime.datetime(2025, 9, 12, 16, 15, 37, 764962)
trans_gpc-00550-gsu,1.0385178151807608,2.163711637753982e-05,6.495679601842276e-14,0.00016177873078110613,1.0385178007092284,3.1973872292607096e-12,-1.9456027735343374e-13,-7.185634909576702e-13,datetime.datetime(2025, 9, 12, 16, 16, 37, 764962)
trans_8695-c0362-cyp,1.0326902487858727,0.00011872221177413633,0.0005275574478764103,0.0007076925212513637,1.032690219932505,0.0019404124603092424,-0.0005275574447120542,-0.00017339974103501514,datetime.datetime(2025, 9, 12, 16, 16, 37, 764962)
trans_8208-c0362-cyp,1.0344149291052478,0.00021551634023761192,1.9281254379568957e-12,0.0016050265678665548,1.0344148993262374,1.1455305485121463e-11,7.361064175191807e-13,2.575197883353959e-12,datetime.datetime(2025, 9, 12, 16, 16, 37, 764962)
trans_8208-c0362-cyp_1,1.0344149291052478,0.00021551634023761192,1.9281254379568957e-12,0.0016050265678665548,1.0344148993262374,1.1455305485121463e-11,7.361064175191807e-13,2.575197883353959e-12,datetime.datetime(2025, 9, 12, 16, 16, 37, 764962)
trans_860267-c0362-cyp,1.032010734294581,0.0007744690377337226,0.005287486514813327,0.0022704439142114344,1.0320105562233761,0.019460750479612942,-0.005287486215497661,-0.001737917215757074,datetime.datetime(2025, 9, 12, 16, 16, 37, 764962)
trans_gpc-10080-gsu,1.0381547064894905,0.00014419700642385392,5.974155180971109e-13,0.001077771396781977,1.0381546764799863,5.485279756748491e-12,3.0256454133968675e-13,-7.900989863310753e-13,datetime.datetime(2025, 9, 12, 16, 16, 37, 764962)
trans_860708-c0362-cyp,1.0349054397729474,1.6171390594334977e-05,-3.3962852766678677e-13,0.0001204911901819965,1.0349054260277823,3.1370044042287963e-12,3.7512861636429595e-13,-7.67930656340623e-13,datetime.datetime(2025, 9, 12, 16, 16, 37, 764962)
trans_gpc-10072-gsu,1.038750545415904,0.0001442797670375013,1.5278283985176167e-12,0.001079007709361775,1.0387505153891763,1.1350440072846986e-11,5.077119757906298e-13,-1.3259834193459914e-12,datetime.datetime(2025, 9, 12, 16, 16, 37, 764962)
trans_gpc-10076-gsu,1.0381544729219268,0.00014419697394402723,1.4952524444306058e-12,0.001077770911524346,1.0381544429124294,1.091748826801546e-11,-3.9874654863442187e-13,3.0105095339534114e-12,datetime.datetime(2025, 9, 12, 16, 16, 37, 764962)
trans_reg_c0362-cyp-reg_a,1.0085832971758386,126.08341601079897,357.3183488560137,-842.9295936233165,1.0309785329800565,123.7650209106078,-357.12095580265,846.4013392349109,datetime.datetime(2025, 9, 12, 16, 16, 37, 764962)
trans_reg_c0362-cyp-reg_b,1.0085832971758386,123.79887853699331,263.38807539050737,-867.1014505899118,1.0309785329800565,123.03220214972136,-263.19777054365727,870.4492159888532,datetime.datetime(2025, 9, 12, 16, 16, 37, 764962)
trans_reg_c0362-cyp-reg_c,1.0085832971758386,125.7046327610338,195.48232311765062,-896.5936547195566,1.0309785329800565,124.15502606099778,-195.28611407509868,900.0447601497187,datetime.datetime(2025, 9, 12, 16, 16, 37, 764962)
trans_gpc-00550-gsu,1.0381208010531042,2.1628844766652176e-05,-1.5400997317727153e-13,0.00016165520582192436,1.038120786587104,3.2125604330967597e-12,2.4694271425072505e-13,-7.578771226146805e-13,datetime.datetime(2025, 9, 12, 16, 17, 37, 764962)
trans_8695-c0362-cyp,1.0323431371945677,0.0002327283684452188,0.0014126307515674218,0.000998234126905696,1.0323430832777003,0.005197544658966465,-0.0014126307256289595,-0.0004643004765390494,datetime.datetime(2025, 9, 12, 16, 17, 37, 764962)
trans_8208-c0362-cyp,1.034024575989869,0.00021543501161229895,2.3184950122961955e-12,0.0016038154167908158,1.0340245462220965,1.4995517381921926e-11,-2.9925848685264596e-13,5.497982510522311e-13,datetime.datetime(2025, 9, 12, 16, 17, 37, 764962)
trans_8208-c0362-cyp_1,1.034024575989869,0.00021543501161229895,2.3184950122961955e-12,0.0016038154167908158,1.0340245462220965,1.4995517381921926e-11,-2.9925848685264596e-13,5.497982510522311e-13,datetime.datetime(2025, 9, 12, 16, 17, 37, 764962)
trans_860267-c0362-cyp,1.0316722196267132,0.0009680063572837616,0.006655697926783375,0.002719807933694809,1.0316719997757489,0.02450453960734039,-0.006655697453260069,-0.0021876295630119435,datetime.datetime(2025, 9, 12, 16, 17, 37, 764962)
trans_gpc-10080-gsu,1.037800892717892,0.00014414786274453216,-1.9382808552625972e-13,0.0010770370597998832,1.0378008627186153,6.963868372160851e-12,-1.1072403928167249e-13,-1.6904386568387907e-12,datetime.datetime(2025, 9, 12, 16, 17, 37, 764962)
trans_860708-c0362-cyp,1.0345229304971617,1.6165413535480373e-05,2.093323750018e-13,0.00012040214497654946,1.0345229167570769,3.2253782078251358e-12,-6.7584775265813e-14,-8.256806194142281e-13,datetime.datetime(2025, 9, 12, 16, 17, 37, 764962)
trans_gpc-10072-gsu,1.0383342085156684,0.00014422193907184932,2.3794486207762146e-12,0.0010781440923762814,1.0383341785009754,4.092726157978177e-12,-6.746451386765644e-13,-8.881632885021114e-13,datetime.datetime(2025, 9, 12, 16, 17, 37, 764962)
trans_gpc-10076-gsu,1.037800693830181,0.0001441478348375306,2.431745756148462e-12,0.0010770366436406462,1.03780066383091,1.0913936421275139e-11,-4.94674783395521e-13,1.2021044022688248e-12,datetime.datetime(2025, 9, 12, 16, 17, 37, 764962)
trans_reg_c0362-cyp-reg_a,1.0071547653042778,126.52861271296321,401.75497871313314,-824.8272066029349,1.0294409574915218,124.20197014886855,-401.5561893172694,828.3233377170709,datetime.datetime(2025, 9, 12, 16, 17, 37, 764962)
trans_reg_c0362-cyp-reg_b,1.0071547653042778,123.78397987161047,304.42739792613975,-853.6006935155203,1.0294409574915218,123.01736115821735,-304.2371389344388,856.9476610303627,datetime.datetime(2025, 9, 12, 16, 17, 37, 764962)
trans_reg_c0362-cyp-reg_c,1.0071547653042778,125.62107929539302,208.76270489082933,-893.5053829537214,1.0294409574915218,124.07249772495668,-208.56675660198314,896.9519447471356,datetime.datetime(2025, 9, 12, 16, 17, 37, 764962)
trans_gpc-00550-gsu,1.0373839005330776,2.1613491703763255e-05,1.396941097953769e-13,0.00016142548003395262,1.037383886077346,3.1705603555563264e-12,-4.112730160685065e-14,-6.228496697571407e-13,datetime.datetime(2025, 9, 12, 16, 18, 37, 764962)
trans_8695-c0362-cyp,1.0320184157344017,0.00011872801900362992,0.0005275868119752913,0.0007070063852863005,1.0320183868795132,0.0019417866658349703,-0.000527586807048669,-0.00017340937724930782,datetime.datetime(2025, 9, 12, 16, 18, 37, 764962)
trans_8208-c0362-cyp,1.0336809942839935,0.0002153634277428575,2.374518809009074e-12,0.0016027475775670205,1.0336809645261118,1.287855327849796e-11,6.219418185946959e-13,3.624397969629208e-12,datetime.datetime(2025, 9, 12, 16, 18, 37, 764962)
trans_8208-c0362-cyp_1,1.0336809942839935,0.0002153634277428575,2.374518809009074e-12,0.0016027475775670205,1.0336809645261118,1.287855327849796e-11,6.219418185946959e-13,3.624397969629208e-12,datetime.datetime(2025, 9, 12, 16, 18, 37, 764962)
trans_860267-c0362-cyp,1.031356185209279,0.00046215001918837543,0.003066723511567589,0.0015398602821689996,1.0313560748015584,0.011294374772657885,-0.0030667234078968096,-0.0010080109566739806,datetime.datetime(2025, 9, 12, 16, 18, 37, 764962)
trans_gpc-10080-gsu,1.0370065691889105,0.00014403753326405668,7.647829071422141e-13,0.0010753867482136607,1.0370065392125951,6.821210263296962e-13,-1.959612247646987e-13,4.8800492047851406e-15,datetime.datetime(2025, 9, 12, 16, 18, 37, 764962)
trans_860708-c0362-cyp,1.0341497783164615,1.6159582632775443e-05,-1.9024228579186258e-13,0.00012031513480998044,1.034149764581333,2.2737367544323206e-12,-2.0294258255642123e-13,-3.704505109136918e-13,datetime.datetime(2025, 9, 12, 16, 18, 37, 764962)
trans_gpc-10072-gsu,1.0376161033520452,0.0001441221963070809,7.147375469251926e-13,0.0010766514850734494,1.03761607335811,5.886373360226189e-12,5.016004485949146e-13,-1.4436263440208092e-12,datetime.datetime(2025, 9, 12, 16, 18, 37, 764962)
trans_gpc-10076-gsu,1.0370062410842111,0.0001440374876376344,7.731355521067851e-13,0.0010753860655304125,1.037006211107905,7.275957614183426e-12,-5.383232794112704e-13,-1.3084181065976014e-13,datetime.datetime(2025, 9, 12, 16, 18, 37, 764962)
trans_reg_c0362-cyp-reg_a,1.0068433496600016,127.27620266577128,440.0695920334024,-810.8855402595071,1.0290566397145369,124.93575317416843,-439.8684467120695,814.422888227953,datetime.datetime(2025, 9, 12, 16, 18, 37, 764962)
trans_reg_c0362-cyp-reg_b,1.0068433496600016,123.90163548000217,326.57601209420096,-846.5921725654325,1.0290566397145369,123.13426565887518,-326.3853912860731,849.9454817968654,datetime.datetime(2025, 9, 12, 16, 18, 37, 764962)
trans_reg_c0362-cyp-reg_c,1.0068433496600016,125.15787385094535,241.56345491962406,-881.0813137070699,1.0290566397145369,123.61498735009822,-241.36894903907913,884.5026098581436,datetime.datetime(2025, 9, 12, 16, 18, 37, 764962)
trans_gpc-00550-gsu,1.0368529135923958,2.160242883978356e-05,-2.2962034400622604e-14,0.0001612603528907324,1.0368528991440638,3.2779116429534813e-12,-6.216487928829998e-14,-8.744466734200928e-13,datetime.datetime(2025, 9, 12, 16, 19, 37, 764962)
trans_8695-c0362-cyp,1.0316189357455061,0.00023246800241686353,0.0014099264870132565,0.0009966044276565945,1.0316188818864627,0.00519125102574401,-0.0014099264606624931,-0.0004634201610604539,datetime.datetime(2025, 9, 12, 16, 19, 37, 764962)
trans_8208-c0362-cyp,1.0332819218740286,0.000215280282413227,3.064214465497983e-12,0.001601511171527104,1.0332818921276354,1.8808568270126484e-11,3.4325985919679984e-13,5.157336644788264e-12,datetime.datetime(2025, 9, 12, 16, 19, 37, 764962)
trans_8208-c0362-cyp_1,1.0332819218740286,0.000215280282413227,3.064214465497983e-12,0.001601511171527104,1.0332818921276354,1.8808568270126484e-11,3.4325985919679984e-13,5.157336644788264e-12,datetime.datetime(2025, 9, 12, 16, 19, 37, 764962)
trans_860267-c0362-cyp,1.030957608140513,0.0012499115932244605,0.00864283452996411,0.0033722046082105524,1.0309573275085804,0.031842736818149225,-0.008642833736114016,-0.0028407617210416767,datetime.datetime(2025, 9, 12, 16, 19, 37, 764962)
trans_gpc-10080-gsu,1.0364717707394993,0.00014396325138922857,1.994500262864074e-12,0.0010742775492931225,1.0364717407786428,1.4984872224695792e-11,-6.101930400822487e-13,-4.144579559386257e-12,datetime.datetime(2025, 9, 12, 16, 19, 37, 764962)
trans_860708-c0362-cyp,1.0337425313752269,1.615321900388292e-05,-1.1829950647551656e-13,0.00012022046628636191,1.0337425176455073,2.529101408439979e-12,2.819383934516005e-14,-6.959713335896921e-13,datetime.datetime(2025, 9, 12, 16, 19, 37, 764962)
trans_gpc-10072-gsu,1.037100299150609,0.00014405055224874966,1.4430616007699014e-12,0.0010755823794132216,1.0371002691715843,4.092726157978177e-12,-1.4227670779578427e-13,-5.263967127437699e-13,datetime.datetime(2025, 9, 12, 16, 19, 37, 764962)
trans_gpc-10076-gsu,1.0364713991652905,0.0001439631995517298,2.3873117701439515e-12,0.001074276774685032,1.0364713692044452,8.16011011465851e-12,-9.435924610244092e-13,6.530239076228102e-13,datetime.datetime(2025, 9, 12, 16, 19, 37, 764962)
trans_reg_c0362-cyp-reg_a,1.0052221076754833,128.97766052730142,503.25658184150626,-786.1467908542511,1.0272905024971657,126.6058070423044,-503.0500228450055,789.7788205817271,datetime.datetime(2025, 9, 12, 16, 19, 37, 764962)
trans_reg_c0362-cyp-reg_b,1.0052221076754833,124.36158264305199,366.9307768036242,-834.3080836603579,1.0272905024971657,123.59131606194858,-366.7387381993399,837.6862287281745,datetime.datetime(2025, 9, 12, 16, 19, 37, 764962)
trans_reg_c0362-cyp-reg_c,1.0052221076754833,125.00637857858572,266.05670775035617,-872.827724036263,1.0272905024971657,123.46534386192448,-265.8626724821603,876.2407832897919,datetime.datetime(2025, 9, 12, 16, 19, 37, 764962)
trans_gpc-00550-gsu,1.0354001553340415,2.157216113773465e-05,5.930225277853153e-15,0.00016081000291912528,1.035400140905953,2.2737367544323206e-12,2.3176646650524024e-13,-5.576548393877987e-13,datetime.datetime(2025, 9, 12, 16, 20, 37, 764962)
trans_8695-c0362-cyp,1.0307952586236535,0.00028023669394357676,0.0017585275231678833,0.0011103351556213956,1.0307951948574923,0.006479917489538846,-0.0017585274837486043,-0.0005779993085458004,datetime.datetime(2025, 9, 12, 16, 20, 37, 764962)
trans_8208-c0362-cyp,1.032367015597227,0.00021508966516309462,1.4363285699703353e-12,0.0015986847636690206,1.0323669858771731,1.094224796738606e-11,9.64094508676166e-13,2.8189082965657605e-12,datetime.datetime(2025, 9, 12, 16, 20, 37, 764962)
trans_8208-c0362-cyp_1,1.032367015597227,0.00021508966516309462,1.4363285699703353e-12,0.0015986847636690206,1.0323669858771731,1.094224796738606e-11,9.64094508676166e-13,2.8189082965657605e-12,datetime.datetime(2025, 9, 12, 16, 20, 37, 764962)
trans_860267-c0362-cyp,1.0301559986744897,0.0013256326286481715,0.009170565021592691,0.0035448375939673574,1.0301557017315972,0.03381318065456307,-0.009170564125618402,-0.0030142176414724,datetime.datetime(2025, 9, 12, 16, 20, 37, 764962)
trans_gpc-10080-gsu,1.0349063419179105,0.00014374581703807568,1.6656331834619121e-12,0.0010710420083950537,1.0349063120023054,3.637978807091713e-12,8.998456747997745e-13,-1.7988042428655196e-14,datetime.datetime(2025, 9, 12, 16, 20, 37, 764962)
trans_860708-c0362-cyp,1.0328184056900092,1.6138778653908827e-05,2.334046985633803e-14,0.00012000626800154162,1.0328183919725633,1.8189894035458565e-12,-1.3437889942448465e-13,-3.268095212431001e-14,datetime.datetime(2025, 9, 12, 16, 20, 37, 764962)
trans_gpc-10072-gsu,1.0357073278375974,0.00014385707192447647,3.692218602038832e-12,0.0010727033416444752,1.0357072978988386,5.4569682106375694e-12,-1.3586709623661254e-12,-2.387759052975411e-13,datetime.datetime(2025, 9, 12, 16, 20, 37, 764962)
trans_gpc-10076-gsu,1.0349058902629669,0.00014374575439903226,1.3657844005060538e-12,0.001071041069220324,1.0349058603473749,5.6843418860808015e-12,-1.0695653420019254e-12,-1.1385480743380434e-12,datetime.datetime(2025, 9, 12, 16, 20, 37, 764962)
trans_reg_c0362-cyp-reg_a,1.0040767646830233,131.55178982044674,571.1901617936516,-760.3268603000157,1.0260017118156493,129.13245814872377,-570.9752757637507,764.1045718045381,datetime.datetime(2025, 9, 12, 16, 20, 37, 764962)
trans_reg_c0362-cyp-reg_b,1.0040767646830233,126.33912135762927,470.9681650614662,-795.5393162501284,1.0260017118156493,125.55643931401372,-470.7699707476186,799.0251293835433,datetime.datetime(2025, 9, 12, 16, 20, 37, 764962)
trans_reg_c0362-cyp-reg_c,1.0040767646830233,125.18518900673148,327.41782266598307,-854.1333001293616,1.0260017118156493,123.64189543717,-327.2232319854113,857.556113892274,datetime.datetime(2025, 9, 12, 16, 20, 37, 764962)
trans_gpc-00550-gsu,1.0350068422819836,2.15639666977081e-05,-4.2247456227828553e-13,0.0001606870050498119,1.035006827859376,4.014703847472533e-12,5.629759547462208e-13,-7.57860231732993e-13,datetime.datetime(2025, 9, 12, 16, 21, 37, 764962)
trans_8695-c0362-cyp,1.0305729680021298,0.00011868617476306511,0.0005271824745463679,0.00070538080246979,1.0305729391572596,0.0019430163286539926,-0.0005271824724041134,-0.00017327648097878318,datetime.datetime(2025, 9, 12, 16, 21, 37, 764962)
trans_8208-c0362-cyp,1.032149983511727,0.00021504444789027823,3.058777137826541e-12,0.0015980069084647317,1.0321499537979204,1.0408504667792985e-11,-4.447361721609803e-13,2.5956460793559488e-12,datetime.datetime(2025, 9, 12, 16, 21, 37, 764962)
trans_8208-c0362-cyp_1,1.032149983511727,0.00021504444789027823,3.058777137826541e-12,0.0015980069084647317,1.0321499537979204,1.0408504667792985e-11,-4.447361721609803e-13,2.5956460793559488e-12,datetime.datetime(2025, 9, 12, 16, 21, 37, 764962)
trans_860267-c0362-cyp,1.0299343568628008,0.0010766125940406548,0.007411573808675657,0.002966454197495483,1.0299341136041833,0.027333501059172004,-0.007411573221520393,-0.002436066291181078,datetime.datetime(2025, 9, 12, 16, 21, 37, 764962)
trans_gpc-10080-gsu,1.0345115088943164,0.00014369097568562631,1.2498420007278634e-12,0.001070219432340623,1.0345114789901249,2.0463630789890885e-12,-5.217773972650613e-13,-2.532402713750276e-13,datetime.datetime(2025, 9, 12, 16, 21, 37, 764962)
trans_860708-c0362-cyp,1.0325886316711057,1.6135188231855606e-05,-1.5447101573123208e-13,0.00011995243456941,1.0325886179567119,9.094947017729282e-13,2.2258723693260982e-13,-1.3462456518494206e-13,datetime.datetime(2025, 9, 12, 16, 21, 37, 764962)
trans_gpc-10072-gsu,1.0353301173184386,0.00014380467853099754,1.284212926971895e-12,0.001071916618666565,1.0353300873905835,7.283056116166653e-12,-6.429191933995257e-13,-1.925912854171457e-12,datetime.datetime(2025, 9, 12, 16, 21, 37, 764962)
trans_gpc-10076-gsu,1.034511034432305,0.00014369090983017997,1.0467845687478494e-12,0.0010702184468830722,1.0345110045281267,1.1144962751773774e-11,4.686809215166241e-13,-3.120992567842201e-12,datetime.datetime(2025, 9, 12, 16, 21, 37, 764962)
trans_reg_c0362-cyp-reg_a,1.0039067902204788,133.40623367902765,610.0504828131812,-746.6962007556522,1.0257620690064917,130.9527123988743,-609.8294958623353,750.580671422107,datetime.datetime(2025, 9, 12, 16, 21, 37, 764962)
trans_reg_c0362-cyp-reg_b,1.0039067902204788,126.52478223687908,473.47687598391116,-796.6696399657299,1.0257620690064917,125.74094692799505,-473.2780987364402,800.1656880249362,datetime.datetime(2025, 9, 12, 16, 21, 37, 764962)
trans_reg_c0362-cyp-reg_c,1.0039067902204788,125.28231739863448,358.81407588628724,-840.9011561340641,1.0257620690064917,123.73778898582066,-358.6191831896596,844.3292087360073,datetime.datetime(2025, 9, 12, 16, 21, 37, 764962)
trans_gpc-00550-gsu,1.0368501875159317,2.160237212809513e-05,-1.1993440312066396e-13,0.00016125898106329674,1.0368501730676372,3.5052853183967133e-12,1.3245237922587634e-13,-8.790087469348917e-13,datetime.datetime(2025, 9, 12, 16, 22, 37, 764962)
trans_8695-c0362-cyp,1.0325973882975081,0.00023254286942366742,0.0014115247835371437,0.0009981413289409068,1.03259733441783,0.005192217137357679,-0.0014115247567737296,-0.0004639457489121506,datetime.datetime(2025, 9, 12, 16, 22, 37, 764962)
trans_8208-c0362-cyp,1.0341734760726424,0.00021546603380309968,-8.808242225877284e-13,0.001604273400197501,1.0341734463005834,1.6058815389890133e-11,1.4862881336793633e-12,4.249647160879479e-12,datetime.datetime(2025, 9, 12, 16, 22, 37, 764962)
trans_8208-c0362-cyp_1,1.0341734760726424,0.00021546603380309968,-8.808242225877284e-13,0.001604273400197501,1.0341734463005834,1.6058815389890133e-11,1.4862881336793633e-12,4.249647160879479e-12,datetime.datetime(2025, 9, 12, 16, 22, 37, 764962)
trans_860267-c0362-cyp,1.0319601841602912,0.001411092306685401,0.009790193187680702,0.003750358513253787,1.0319598687818485,0.03603493242052235,-0.009790192173269582,-0.0032178805535486867,datetime.datetime(2025, 9, 12, 16, 22, 37, 764962)
trans_gpc-10080-gsu,1.0363227617883943,0.00014394255435764487,8.793807002027699e-13,0.0010739667939376658,1.0363227318318453,5.485279756748491e-12,2.927559530195555e-13,-7.859041842939553e-13,datetime.datetime(2025, 9, 12, 16, 22, 37, 764962)
trans_860708-c0362-cyp,1.034599138647801,1.6166604305780293e-05,-3.552657234151199e-13,0.00012041957085531033,1.0345991249067046,3.4247609047039416e-12,4.1993157767040504e-13,-5.148690521139744e-13,datetime.datetime(2025, 9, 12, 16, 22, 37, 764962)
trans_gpc-10072-gsu,1.0371911585233258,0.0001440631723009928,5.255340294885169e-13,0.0010757666310491636,1.0371911285416744,3.6662903532026344e-12,-1.6350590077011473e-13,-1.0411189211763706e-12,datetime.datetime(2025, 9, 12, 16, 22, 37, 764962)
trans_gpc-10076-gsu,1.0363220796011228,0.00014394245930043296,1.2320202393001356e-12,0.001073965377488611,1.0363220496445937,6.113747035669421e-12,-4.1708261347057555e-13,9.077453494971821e-13,datetime.datetime(2025, 9, 12, 16, 22, 37, 764962)
trans_reg_c0362-cyp-reg_a,1.0031813515564323,136.62745314876156,648.6001746311734,-743.6838264134184,1.0312918450872957,133.296835171745,-648.3683871199329,747.7573897004548,datetime.datetime(2025, 9, 12, 16, 22, 37, 764962)
trans_reg_c0362-cyp-reg_b,1.0031813515564323,126.8943670392881,481.29707205836706,-796.3160220934903,1.0312918450872957,126.1082293801225,-481.09713185960277,799.8324595578985,datetime.datetime(2025, 9, 12, 16, 22, 37, 764962)
trans_reg_c0362-cyp-reg_c,1.0031813515564323,125.22898035516462,360.8698676294955,-839.0777059189143,1.0312918450872957,123.68510665244197,-360.6751408471801,842.5028367372938,datetime.datetime(2025, 9, 12, 16, 22, 37, 764962)
trans_gpc-00550-gsu,1.0366770742672884,2.159876531039397e-05,3.195627887742775e-13,0.00016120540351408224,1.0366770598214063,1.2442196646133151e-12,-8.324305135918063e-14,-2.9153421303248225e-13,datetime.datetime(2025, 9, 12, 16, 23, 37, 764962)
trans_8695-c0362-cyp,1.0325043026953944,0.0002807013192231673,0.001764354383298227,0.0011140140023444406,1.032504238823518,0.0064906611916561345,-0.0017643543430690771,-0.0005799142937953488,datetime.datetime(2025, 9, 12, 16, 23, 37, 764962)
trans_8208-c0362-cyp,1.0340430459495336,0.00021543885925724254,2.471452412514119e-12,0.0016038699413164703,1.034043016181229,1.8246517127680408e-11,8.649419644784875e-13,4.767581983854887e-12,datetime.datetime(2025, 9, 12, 16, 23, 37, 764962)
trans_8208-c0362-cyp_1,1.0340430459495336,0.00021543885925724254,2.471452412514119e-12,0.0016038699413164703,1.034043016181229,1.8246517127680408e-11,8.649419644784875e-13,4.767581983854887e-12,datetime.datetime(2025, 9, 12, 16, 23, 37, 764962)
trans_860267-c0362-cyp,1.0318746603156799,0.0011342181902317412,0.007832499776767992,0.003106810746187062,1.0318744046142336,0.028831589987507136,-0.007832499124372547,-0.0025744229954758617,datetime.datetime(2025, 9, 12, 16, 23, 37, 764962)
trans_gpc-10080-gsu,1.0361600775576745,0.00014391995780808746,1.7542529061331801e-12,0.0010736311795869588,1.0361600476058281,1.0913936421275139e-11,5.046887535864706e-15,7.5367150442495e-13,datetime.datetime(2025, 9, 12, 16, 23, 37, 764962)
trans_860708-c0362-cyp,1.0344777580252602,1.6164707638556743e-05,7.93149213841604e-14,0.00012039140856415787,1.0344777442857758,1.5916157281026244e-12,-4.936195363050411e-15,-3.3735543109239087e-13,datetime.datetime(2025, 9, 12, 16, 23, 37, 764962)
trans_gpc-10072-gsu,1.0370209238810293,0.00014403952689393898,5.418468972118173e-13,0.001075415132984891,1.0370208939042989,5.886373360226189e-12,-1.4494323773129058e-12,-8.692993478611409e-13,datetime.datetime(2025, 9, 12, 16, 23, 37, 764962)
trans_gpc-10076-gsu,1.0361595433970614,0.0001439198836627145,3.2345262249849906e-12,0.0010736300717970307,1.0361595134452306,5.886373360226189e-12,-1.4106121735560628e-12,9.313702388748194e-13,datetime.datetime(2025, 9, 12, 16, 23, 37, 764962)
trans_reg_c0362-cyp-reg_a,1.0032061190542572,136.59335393799125,647.9334529553091,-743.9705152044421,1.031318539867973,133.26356876202783,-647.7017811251372,748.0420549473735,datetime.datetime(2025, 9, 12, 16, 23, 37, 764962)
trans_reg_c0362-cyp-reg_b,1.0032061190542572,127.33595788789776,497.32665263276266,-789.5807725651977,1.031318539867973,126.54705339372669,-497.1253184829354,793.1215830266385,datetime.datetime(2025, 9, 12, 16, 23, 37, 764962)
trans_reg_c0362-cyp-reg_c,1.0032061190542572,125.34686515632002,365.61007906663724,-838.3871897216865,1.031318539867973,123.80153228501537,-365.4149855071817,841.8187538929465,datetime.datetime(2025, 9, 12, 16, 23, 37, 764962)
trans_gpc-00550-gsu,1.0366568653457968,2.1598344288953713e-05,-1.8600914103265864e-13,0.00016119896156963748,1.0366568509001965,2.7284841053187847e-12,4.783449702147263e-13,-5.937108039315034e-13,datetime.datetime(2025, 9, 12, 16, 24, 37, 764962)
trans_8695-c0362-cyp,1.0325338782127358,0.00011903676924223747,0.0005302636302286299,0.0007084199450234309,1.032533849282493,0.0019506680981611357,-0.0005302636264012708,-0.0001742904003728899,datetime.datetime(2025, 9, 12, 16, 24, 37, 764962)
trans_8208-c0362-cyp,1.0340867104606934,0.00021544795716638325,3.810079269445099e-12,0.0016040036752100703,1.0340866806911322,1.2789548917042838e-11,-6.569116279866167e-13,3.2540627475209477e-12,datetime.datetime(2025, 9, 12, 16, 24, 37, 764962)
trans_8208-c0362-cyp_1,1.0340867104606934,0.00021544795716638325,3.810079269445099e-12,0.0016040036752100703,1.0340866806911322,1.2789548917042838e-11,-6.569116279866167e-13,3.2540627475209477e-12,datetime.datetime(2025, 9, 12, 16, 24, 37, 764962)
trans_860267-c0362-cyp,1.0319024314827825,0.00141078811939627,0.009787501438234288,0.0037494139315476186,1.0319021161705182,0.036027057987431665,-0.009787500423975446,-0.0032169958203508665,datetime.datetime(2025, 9, 12, 16, 24, 37, 764962)
trans_gpc-10080-gsu,1.0361896778103918,0.00014392406914042526,1.7943111805390766e-12,0.0010736910877339456,1.0361896478576897,5.6843418860808015e-12,-1.4082313246443332e-12,2.9466519968628625e-13,datetime.datetime(2025, 9, 12, 16, 24, 37, 764962)
trans_860708-c0362-cyp,1.03450840941741,1.6165186536019895e-05,-2.097380256667683e-13,0.00012039841451632032,1.034508395677518,2.2737367544323206e-12,-1.2107352639759609e-13,-4.578583342477591e-13,datetime.datetime(2025, 9, 12, 16, 24, 37, 764962)
trans_gpc-10072-gsu,1.0369859367194556,0.0001440346673302529,-3.1409459061437777e-13,0.001075341846209871,1.0369859067437366,8.16011011465851e-12,1.3762431664780566e-12,-2.954434882355446e-13,datetime.datetime(2025, 9, 12, 16, 24, 37, 764962)
trans_gpc-10076-gsu,1.0361894229342496,0.0001439240336034118,2.5209897815126062e-12,0.0010736905577461327,1.0361893929815553,1.0913936421275139e-11,-4.4635585329326225e-13,3.0013473513346955e-12,datetime.datetime(2025, 9, 12, 16, 24, 37, 764962)
trans_reg_c0362-cyp-reg_a,1.0027996030155553,137.05085796218552,657.0277383457639,-739.838769657275,1.030883272219957,133.70989859421863,-656.7945120357996,743.9374984940619,datetime.datetime(2025, 9, 12, 16, 24, 37, 764962)
trans_reg_c0362-cyp-reg_b,1.0027996030155553,127.01540664756234,485.2870986539384,-795.1348710587571,1.030883272219957,126.22851227163774,-485.0867768537082,798.6579929704126,datetime.datetime(2025, 9, 12, 16, 24, 37, 764962)
trans_reg_c0362-cyp-reg_c,1.0027996030155553,125.24170621160137,359.4222526153314,-839.9090991879339,1.030883272219957,123.69767731928692,-359.2274862518448,843.3349265615673,datetime.datetime(2025, 9, 12, 16, 24, 37, 764962)
trans_gpc-00550-gsu,1.0370540599122862,2.160661957612869e-05,2.496193748664083e-13,0.00016132227277300534,1.037054045461151,1.9263406909430113e-12,-1.5414313709559494e-13,-6.271619548236438e-14,datetime.datetime(2025, 9, 12, 16, 25, 37, 764962)
trans_8695-c0362-cyp,1.0327905553436258,0.00023244074254608185,0.0014109766307799484,0.000998160963547508,1.0327905014843302,0.005189230669272692,-0.0014109766047064164,-0.00046376556636550673,datetime.datetime(2025, 9, 12, 16, 25, 37, 764962)
trans_8208-c0362-cyp,1.034367734545939,0.0002155065073850685,2.5642032507738886e-12,0.0016048758248561321,1.0343677047682875,1.274712282878745e-11,1.0412166530334762e-13,2.7198851330407005e-12,datetime.datetime(2025, 9, 12, 16, 25, 37, 764962)
trans_8208-c0362-cyp_1,1.034367734545939,0.0002155065073850685,2.5642032507738886e-12,0.0016048758248561321,1.0343677047682875,1.274712282878745e-11,1.0412166530334762e-13,2.7198851330407005e-12,datetime.datetime(2025, 9, 12, 16, 25, 37, 764962)
trans_860267-c0362-cyp,1.0321533870925996,0.0011347509029579377,0.007838335026433661,0.0031089909156119407,1.0321531312746006,0.028845273669533232,-0.007838334373024348,-0.0025763159366060393,datetime.datetime(2025, 9, 12, 16, 25, 37, 764962)
trans_gpc-10080-gsu,1.0365860449314985,0.0001439791233865606,6.83566142925529e-13,0.0010745113448692892,1.036586014967339,1.1350440072846986e-11,-4.47824299279523e-13,-2.573693712611124e-12,datetime.datetime(2025, 9, 12, 16, 25, 37, 764962)
trans_860708-c0362-cyp,1.0347899551963113,1.6169586005692553e-05,-1.9633078290285515e-13,0.00012046396585712812,1.0347899414526802,3.3349145657974054e-12,3.3843814547369976e-14,-4.0085384799341655e-13,datetime.datetime(2025, 9, 12, 16, 25, 37, 764962)
trans_gpc-10072-gsu,1.0373682210517634,0.00014408776554083905,2.4762187196547546e-12,0.0010761334130667617,1.0373681910649937,8.134767913360665e-12,1.6075590249538683e-13,-5.2190755191783395e-15,datetime.datetime(2025, 9, 12, 16, 25, 37, 764962)
trans_gpc-10076-gsu,1.036585497433431,0.00014397904753372028,1.9063328918905718e-12,0.0010745102110630948,1.0365854674692874,1.317652797837607e-11,-1.5128714522134172e-12,1.2241102400422714e-12,datetime.datetime(2025, 9, 12, 16, 25, 37, 764962)
trans_reg_c0362-cyp-reg_a,1.0034268673351332,135.60249420446925,629.4412865464149,-750.6437376478739,1.031577019941771,132.29690498625396,-629.2129635896295,754.6566802565852,datetime.datetime(2025, 9, 12, 16, 25, 37, 764962)
trans_reg_c0362-cyp-reg_b,1.0034268673351332,126.2189372190448,456.3820573734565,-805.4888756484842,1.031577019941771,125.43702898222884,-456.1842399118438,808.9681766023422,datetime.datetime(2025, 9, 12, 16, 25, 37, 764962)
trans_reg_c0362-cyp-reg_c,1.0034268673351332,125.02900141513577,342.9294064452295,-844.8799482160548,1.031577019941771,123.48761498447645,-342.7353010532531,848.2942011584952,datetime.datetime(2025, 9, 12, 16, 25, 37, 764962)
trans_gpc-00550-gsu,1.0368912865203133,2.1603228410886694e-05,1.8284065494283964e-13,0.00016127304649614474,1.036891272071446,2.877835470256373e-12,5.800496033957081e-14,-7.214423730516251e-13,datetime.datetime(2025, 9, 12, 16, 26, 37, 764962)
trans_8695-c0362-cyp,1.0325443172590614,0.00011912115634626954,0.0005309947731611805,0.000708673754717048,1.0325442883082367,0.00195332604824073,-0.0005309947677404965,-0.00017453029511444628,datetime.datetime(2025, 9, 12, 16, 26, 37, 764962)
trans_8208-c0362-cyp,1.0340593329729826,0.00021544225307862873,3.758675705747838e-12,0.0016039282769705681,1.0340593032042094,1.9492306488190878e-11,1.3468101332721165e-13,5.574939890775429e-12,datetime.datetime(2025, 9, 12, 16, 26, 37, 764962)
trans_8208-c0362-cyp_1,1.0340593329729826,0.00021544225307862873,3.758675705747838e-12,0.0016039282769705681,1.0340593032042094,1.9492306488190878e-11,1.3468101332721165e-13,5.574939890775429e-12,datetime.datetime(2025, 9, 12, 16, 26, 37, 764962)
trans_860267-c0362-cyp,1.0319159220927387,0.00121691123181591,0.008417466068640097,0.0032991216536428355,1.0319156485635979,0.030983475923555322,-0.008417465315803518,-0.002766688215563759,datetime.datetime(2025, 9, 12, 16, 26, 37, 764962)
trans_gpc-10080-gsu,1.0364233133146261,0.00014395652055653694,1.4701363008906565e-12,0.001074182480136219,1.0364232833551703,7.283056116166653e-12,-1.1034231264117393e-13,-1.5739207756770904e-12,datetime.datetime(2025, 9, 12, 16, 26, 37, 764962)
trans_860708-c0362-cyp,1.0345228609938797,1.6165412419984582e-05,-8.28186821422508e-14,0.00012040250491157783,1.034522847253796,2.5011104298755527e-12,1.0984061286701963e-13,-6.688941897853228e-13,datetime.datetime(2025, 9, 12, 16, 26, 37, 764962)
trans_gpc-10072-gsu,1.0371947019120356,0.00014406366471909584,6.793214896855249e-13,0.0010757825319391812,1.0371946719302818,8.789956277689934e-12,-4.9661516694752e-13,-2.472024097311802e-12,datetime.datetime(2025, 9, 12, 16, 26, 37, 764962)
trans_gpc-10076-gsu,1.0364227290895125,0.00014395643908523474,7.612728451095175e-13,0.0010741812623994676,1.036422699130074,1.094224796738606e-11,-9.01619244468377e-13,1.0714884674047378e-12,datetime.datetime(2025, 9, 12, 16, 26, 37, 764962)
trans_reg_c0362-cyp-reg_a,1.0026738925100156,135.29501880597985,624.5345092016498,-750.8919408118184,1.030809734898401,131.99693362174605,-624.3072204899988,754.8867583074733,datetime.datetime(2025, 9, 12, 16, 26, 37, 764962)
trans_reg_c0362-cyp-reg_b,1.0026738925100156,128.25773276780222,526.3544320340241,-777.0778126949331,1.030809734898401,127.4630572361331,-526.1501725459387,780.6697658116597,datetime.datetime(2025, 9, 12, 16, 26, 37, 764962)
trans_reg_c0362-cyp-reg_c,1.0026738925100156,125.33143844743815,338.41338200870166,-851.688928905919,1.030809734898401,123.78633048620993,-338.21833641341004,855.1197282775365,datetime.datetime(2025, 9, 12, 16, 26, 37, 764962)
trans_gpc-00550-gsu,1.0377372758337182,2.1620854108142908e-05,-3.9078015671469013e-13,0.00016153521525210686,1.0377372613730627,3.4865952731128434e-12,2.672341451941636e-13,-3.9301151845960526e-13,datetime.datetime(2025, 9, 12, 16, 27, 37, 764962)
trans_8695-c0362-cyp,1.033205460384798,0.0002324370014946753,0.0014113940937461906,0.000998728239755609,1.0332054065241802,0.005188675758125162,-0.001411394068768282,-0.0004639027931507432,datetime.datetime(2025, 9, 12, 16, 27, 37, 764962)
trans_8208-c0362-cyp,1.0347884894561103,0.0002155941699679367,1.7131721319341154e-12,0.001606183510062344,1.034788459666346,1.1343341570863758e-11,4.84349853096799e-13,2.5720337292674115e-12,datetime.datetime(2025, 9, 12, 16, 27, 37, 764962)
trans_8208-c0362-cyp_1,1.0347884894561103,0.0002155941699679367,1.7131721319341154e-12,0.001606183510062344,1.034788459666346,1.1343341570863758e-11,4.84349853096799e-13,2.5720337292674115e-12,datetime.datetime(2025, 9, 12, 16, 27, 37, 764962)
trans_860267-c0362-cyp,1.032563128636997,0.0014671239502058449,0.0101919746478154,0.003883041442489624,1.0325628011790475,0.037491832500045744,-0.010191973549557354,-0.0033499399947687233,datetime.datetime(2025, 9, 12, 16, 27, 37, 764962)
trans_gpc-10080-gsu,1.037323083168076,0.0001440814964436923,1.3480558960776712e-12,0.0010760416452375078,1.0373230531826112,4.294757632123564e-12,9.049835303912927e-13,-6.54224173357303e-13,datetime.datetime(2025, 9, 12, 16, 27, 37, 764962)
trans_860708-c0362-cyp,1.0352406735202475,1.6176628976342112e-05,-1.7870012804580007e-13,0.00012056906390905081,1.0352406597706303,3.831424961251121e-12,3.814161359292366e-13,-9.259503001679351e-13,datetime.datetime(2025, 9, 12, 16, 27, 37, 764962)
trans_gpc-10072-gsu,1.0380240561723972,0.00014417885959824866,2.319806076400699e-12,0.0010774964814059586,1.03802402616667,7.932736439215277e-12,3.4582880722575836e-13,-2.0754681908600327e-12,datetime.datetime(2025, 9, 12, 16, 27, 37, 764962)
trans_gpc-10076-gsu,1.037322801768238,0.0001440814572239791,1.965447965837641e-12,0.0010760410593561246,1.0373227717827813,7.275957614183426e-12,-1.0618763693377244e-12,2.470361497455094e-14,datetime.datetime(2025, 9, 12, 16, 27, 37, 764962)
trans_reg_c0362-cyp-reg_a,1.0035356234613149,132.89484650383213,573.8986048998042,-769.7798330833189,1.0317830641936445,129.6553801206156,-573.6793088085991,773.6348109162295,datetime.datetime(2025, 9, 12, 16, 27, 37, 764962)
trans_reg_c0362-cyp-reg_b,1.0035356234613149,125.66507792345207,436.40829928945476,-811.1011146114831,1.0317830641936445,124.88663323501588,-436.21221404738156,814.5500764554048,datetime.datetime(2025, 9, 12, 16, 27, 37, 764962)
trans_reg_c0362-cyp-reg_c,1.0035356234613149,124.99598541250869,289.8288743476162,-865.7538789873545,1.0317830641936445,123.45506096113999,-289.63487137038203,869.1663945613203,datetime.datetime(2025, 9, 12, 16, 27, 37, 764962)
trans_gpc-00550-gsu,1.0383011234143222,2.163260168479728e-05,1.0956437081384439e-13,0.00016171043145230026,1.0383011089458096,3.852681381886023e-12,-2.8658125423626817e-13,-9.733989326889989e-13,datetime.datetime(2025, 9, 12, 16, 28, 37, 764962)
trans_8695-c0362-cyp,1.0335891561777226,0.0001193249874401752,0.0005327865686188696,0.0007103399678336938,1.0335891271773192,0.0019579455679039006,-0.0005327865643472313,-0.0001751179270615146,datetime.datetime(2025, 9, 12, 16, 28, 37, 764962)
trans_8208-c0362-cyp,1.0352123864159533,0.0002156824871108733,-1.40689210975653e-12,0.001607497723592696,1.0352123566139857,1.1592611600677011e-11,2.555387789465195e-12,2.038592025333699e-12,datetime.datetime(2025, 9, 12, 16, 28, 37, 764962)
trans_8208-c0362-cyp_1,1.0352123864159533,0.0002156824871108733,-1.40689210975653e-12,0.001607497723592696,1.0352123566139857,1.1592611600677011e-11,2.555387789465195e-12,2.038592025333699e-12,datetime.datetime(2025, 9, 12, 16, 28, 37, 764962)
trans_860267-c0362-cyp,1.0329378815939543,0.0011359504765796474,0.007852633875227867,0.0031145195375352703,1.0329376255078488,0.02887596731431661,-0.007852633220366376,-0.0025810345279884505,datetime.datetime(2025, 9, 12, 16, 28, 37, 764962)
trans_gpc-10080-gsu,1.0379196360420977,0.0001441643559339044,1.4303716683317092e-12,0.0010772771872736777,1.0379196060393887,2.2737367544323206e-13,-6.535478390894431e-14,2.0126240080459068e-15,datetime.datetime(2025, 9, 12, 16, 28, 37, 764962)
trans_860708-c0362-cyp,1.0356607587213034,1.6183193180214698e-05,-1.1030847296786966e-13,0.00012066677782255692,1.0356607449661066,2.3475320905019453e-12,3.1497684309583073e-13,-5.065653819877545e-13,datetime.datetime(2025, 9, 12, 16, 28, 37, 764962)
trans_gpc-10072-gsu,1.0385690243564532,0.00014425455416265456,1.1130427517158649e-12,0.0010786262160146919,1.0385689943349723,7.283056116166653e-12,4.4993283957539434e-13,-1.5021159892491101e-13,datetime.datetime(2025, 9, 12, 16, 28, 37, 764962)
trans_gpc-10076-gsu,1.0379193073963897,0.00014416431084900605,1.4947487275707161e-12,0.0010772765091437487,1.03791927739369,1.1350440072846986e-11,-7.131215112404361e-13,-1.2981367638958623e-12,datetime.datetime(2025, 9, 12, 16, 28, 37, 764962)
trans_reg_c0362-cyp-reg_a,1.0041260332421853,131.91217241991941,550.2810831001002,-778.8432480615003,1.0324306843188524,128.696709707128,-550.06501805113,782.6417037128269,datetime.datetime(2025, 9, 12, 16, 28, 37, 764962)
trans_reg_c0362-cyp-reg_b,1.0041260332421853,124.69695412107588,373.43357722736243,-835.5980914771252,1.0324306843188524,123.92460201931918,-373.2405014810564,838.994438343182,datetime.datetime(2025, 9, 12, 16, 28, 37, 764962)
trans_reg_c0362-cyp-reg_c,1.0041260332421853,124.87573789667584,266.20606983770966,-871.2150856101057,1.0324306843188524,123.33631421615954,-266.0124399184693,874.6210303556029,datetime.datetime(2025, 9, 12, 16, 28, 37, 764962)
trans_gpc-00550-gsu,1.0382439834841382,2.1631411234353736e-05,2.467308215375886e-14,0.00016169299030447282,1.0382439690164216,2.223705422491103e-12,2.6601440786182768e-14,9.783656596428224e-14,datetime.datetime(2025, 9, 12, 16, 29, 37, 764962)
trans_8695-c0362-cyp,1.0334835060149616,8.31907888088748e-05,0.00017676979865658294,0.0005932154789033224,1.0334834870850125,0.0006496803644357717,-0.00017676979728453525,-5.8102042707369305e-05,datetime.datetime(2025, 9, 12, 16, 29, 37, 764962)
trans_8208-c0362-cyp,1.0350804921417873,0.00021565500761573783,9.397600943955584e-13,0.0016070905613655624,1.0350804623436167,3.637978807091713e-12,9.05693742362372e-13,5.20942103919147e-13,datetime.datetime(2025, 9, 12, 16, 29, 37, 764962)
trans_8208-c0362-cyp_1,1.0350804921417873,0.00021565500761573783,9.397600943955584e-13,0.0016070905613655624,1.0350804623436167,3.637978807091713e-12,9.05693742362372e-13,5.20942103919147e-13,datetime.datetime(2025, 9, 12, 16, 29, 37, 764962)
trans_860267-c0362-cyp,1.0328363591669913,0.0016052383681511345,0.011171256980644884,0.004205198738713618,1.032836001951247,0.04108329689205343,-0.011171255664538348,-0.0036718134948968612,datetime.datetime(2025, 9, 12, 16, 29, 37, 764962)
trans_gpc-10080-gsu,1.037848872070029,0.00014415452678286574,1.3394004308442398e-12,0.001077132364880434,1.0378488420693655,6.113747035669421e-12,5.683335341225004e-13,-1.4464124891906957e-12,datetime.datetime(2025, 9, 12, 16, 29, 37, 764962)
trans_860708-c0362-cyp,1.035543182972625,1.618135599619031e-05,-2.682599344484143e-13,0.00012063956750542803,1.0355431692189896,1.3922330312238183e-12,1.7336734915035786e-13,-1.973555752929178e-13,datetime.datetime(2025, 9, 12, 16, 29, 37, 764962)
trans_gpc-10072-gsu,1.038518425893425,0.000144247526434365,1.233383494295137e-12,0.0010785232582627938,1.038518395873407,2.2737367544323206e-12,-5.875419441699776e-13,-2.542388040585228e-13,datetime.datetime(2025, 9, 12, 16, 29, 37, 764962)
trans_gpc-10076-gsu,1.0378486354635414,0.00014415449419925624,1.6518167736401246e-12,0.0010771318748265693,1.0378486054628844,5.9117155615240335e-12,-5.991040754175032e-13,-7.850421262058731e-13,datetime.datetime(2025, 9, 12, 16, 29, 37, 764962)
trans_reg_c0362-cyp-reg_a,1.0037873938023925,131.58823222659368,542.6923189304787,-780.9096125944145,1.0320952844545124,128.38068022641906,-542.4773137482166,784.6895091202515,datetime.datetime(2025, 9, 12, 16, 29, 37, 764962)
trans_reg_c0362-cyp-reg_b,1.0037873938023925,125.17573477320578,413.04924483371104,-819.1734302267954,1.0320952844545124,124.40035836893661,-412.85468368304885,822.5957193074602,datetime.datetime(2025, 9, 12, 16, 29, 37, 764962)
trans_reg_c0362-cyp-reg_c,1.0037873938023925,125.12365256048889,261.69506713678095,-876.0061202579109,1.0320952844545124,123.58117609639777,-261.5006676256158,879.4255892977956,datetime.datetime(2025, 9, 12, 16, 29, 37, 764962)
trans_gpc-00550-gsu,1.038746942589958,2.164189019350789e-05,-3.799508234078597e-14,0.0001618495329239925,1.038746928115233,1.8469803821102827e-12,3.2168968104546266e-13,-3.981530637988401e-14,datetime.datetime(2025, 9, 12, 16, 30, 37, 764962)
trans_8695-c0362-cyp,1.0336719602100741,0.00023239621005255012,0.0014115902172992178,0.0009992754819958362,1.033671906355626,0.0051870573326795654,-0.0014115901904721518,-0.0004639672399227174,datetime.datetime(2025, 9, 12, 16, 30, 37, 764962)
trans_8208-c0362-cyp,1.0352853270355211,0.0002156976845096666,2.55039274421609e-13,0.001607725404093121,1.0352852972314535,1.242083658279842e-11,9.009941851169953e-13,1.2749488479297366e-12,datetime.datetime(2025, 9, 12, 16, 30, 37, 764962)
trans_8208-c0362-cyp_1,1.0352853270355211,0.0002156976845096666,2.55039274421609e-13,0.001607725404093121,1.0352852972314535,1.242083658279842e-11,9.009941851169953e-13,1.2749488479297366e-12,datetime.datetime(2025, 9, 12, 16, 30, 37, 764962)
trans_860267-c0362-cyp,1.0330180313810362,0.0015795428462196724,0.010991461866808439,0.004146297055030003,1.0330176796982564,0.040415019731564444,-0.010991460594604237,-0.003612724912172476,datetime.datetime(2025, 9, 12, 16, 30, 37, 764962)
trans_gpc-10080-gsu,1.0383880597181516,0.0001442294188761924,2.9071972624389316e-12,0.0010782510807801162,1.0383880297019017,7.304269160294347e-12,-7.084866316573868e-13,-1.933257717049884e-12,datetime.datetime(2025, 9, 12, 16, 30, 37, 764962)
trans_860708-c0362-cyp,1.0357657083123593,1.618483303613071e-05,-1.088097980857586e-13,0.0001206913243138889,1.0357656945557685,1.3642420526593924e-12,1.9530236631504373e-13,-3.3975925843755903e-13,datetime.datetime(2025, 9, 12, 16, 30, 37, 764962)
trans_gpc-10072-gsu,1.038995745985191,0.0001443138249458993,3.178969577161128e-12,0.0010795138437992005,1.0389957159513752,1.4984872224695792e-11,-1.6472179243355316e-12,-2.3267259805257347e-12,datetime.datetime(2025, 9, 12, 16, 30, 37, 764962)
trans_gpc-10076-gsu,1.0383879242556417,0.00014422939986243603,1.6514904149084186e-12,0.0010782507975513013,1.0383878942393958,3.6450773090749405e-12,-9.549601741995363e-14,-1.0445266795999103e-12,datetime.datetime(2025, 9, 12, 16, 30, 37, 764962)
trans_reg_c0362-cyp-reg_a,1.0039249420582492,131.21132386668572,532.5232881229722,-784.7464610227994,1.0322546368262748,128.01297965585877,-532.3095128228388,788.5048396634653,datetime.datetime(2025, 9, 12, 16, 30, 37, 764962)
trans_reg_c0362-cyp-reg_b,1.0039249420582492,124.77648154929275,386.5642143725764,-829.394768619514,1.0322546368262748,124.00361809961728,-386.37089230266844,832.7953961305376,datetime.datetime(2025, 9, 12, 16, 30, 37, 764962)
trans_reg_c0362-cyp-reg_c,1.0039249420582492,125.16851599763112,248.2318308203967,-879.8735311483448,1.0322546368262748,123.62549481119738,-248.03729186632384,883.2954267378524,datetime.datetime(2025, 9, 12, 16, 30, 37, 764962)
trans_gpc-00550-gsu,1.0370774925896704,2.1607107908185837e-05,1.7741437984518386e-13,0.00016133046005763045,1.0370774781382084,4.014703847472533e-12,-3.797692750823392e-13,-1.0637011373043125e-12,datetime.datetime(2025, 9, 12, 16, 31, 37, 764962)
trans_8695-c0362-cyp,1.0318803886191956,0.0001192525495985057,0.0005321010400217793,0.000708347727816087,1.0318803596362838,0.0019586622307596778,-0.0005321010343057016,-0.00017489315235692836,datetime.datetime(2025, 9, 12, 16, 31, 37, 764962)
trans_8208-c0362-cyp,1.0335254469839326,0.00021533102006679575,2.603199449405236e-12,0.0016022667422633061,1.033525417230529,2.0135669141342327e-11,1.5544851031253927e-12,5.168071198573738e-12,datetime.datetime(2025, 9, 12, 16, 31, 37, 764962)
trans_8208-c0362-cyp_1,1.0335254469839326,0.00021533102006679575,2.603199449405236e-12,0.0016022667422633061,1.033525417230529,2.0135669141342327e-11,1.5544851031253927e-12,5.168071198573738e-12,datetime.datetime(2025, 9, 12, 16, 31, 37, 764962)
trans_860267-c0362-cyp,1.0312212473538143,0.0019076507499769713,0.013288629959797921,0.004899482541381599,1.0312208250203232,0.048946690548507935,-0.01328862809596423,-0.004367760833863915,datetime.datetime(2025, 9, 12, 16, 31, 37, 764962)
trans_gpc-10080-gsu,1.036707992368109,0.00014399606189860302,1.1275992709003367e-12,0.0010747680683734523,1.0367079624004243,1.0921034923258366e-11,-1.1539639967443823e-12,-1.0195126648598028e-12,datetime.datetime(2025, 9, 12, 16, 31, 37, 764962)
trans_860708-c0362-cyp,1.0339993277350532,1.6157231697949165e-05,-3.3084487374105546e-13,0.00012028025698832444,1.033999314001923,4.1487081151070295e-12,4.750053837771967e-13,-9.74917455195657e-13,datetime.datetime(2025, 9, 12, 16, 31, 37, 764962)
trans_gpc-10072-gsu,1.0373201418265063,0.00014408108770376513,1.0828023668668641e-12,0.0010760407946222147,1.0373201118411266,1.137165311697468e-11,4.4584799570781516e-13,-1.3159853129740275e-12,datetime.datetime(2025, 9, 12, 16, 31, 37, 764962)
trans_gpc-10076-gsu,1.0367076899080658,0.00014399601971128924,1.8450796793190172e-12,0.0010747674375701265,1.03670765994039,1.1350440072846986e-11,3.2055840179663996e-13,-3.1176367869626793e-12,datetime.datetime(2025, 9, 12, 16, 31, 37, 764962)
trans_reg_c0362-cyp-reg_a,1.0051201160513124,128.2192632410771,480.9803156280699,-793.4486544379986,1.0272231534654257,125.86139792568918,-480.7761785851525,797.0382971106105,datetime.datetime(2025, 9, 12, 16, 31, 37, 764962)
trans_reg_c0362-cyp-reg_b,1.0051201160513124,124.18041402575928,334.4721010542271,-847.0227539901598,1.0272231534654257,123.4113088462775,-334.28062150134394,850.39113833237,datetime.datetime(2025, 9, 12, 16, 31, 37, 764962)
trans_reg_c0362-cyp-reg_c,1.0051201160513124,125.20540415361496,233.81014683653032,-883.5943917690921,1.0272231534654257,123.66193646599802,-233.6154931883555,887.0182764583387,datetime.datetime(2025, 9, 12, 16, 31, 37, 764962)
trans_gpc-00550-gsu,1.0367624861646403,2.160054471755716e-05,-5.285542381376629e-14,0.00016123221669303735,1.036762471717568,3.693960764220565e-12,1.3681387255589206e-13,6.898781068713326e-14,datetime.datetime(2025, 9, 12, 16, 32, 37, 764962)
trans_8695-c0362-cyp,1.0315056192421588,8.303149813946869e-05,0.00017609569761893677,0.0005909503216069948,1.0315056003484726,0.0006484382065704307,-0.00017609569700007997,-5.787945363808236e-05,datetime.datetime(2025, 9, 12, 16, 32, 37, 764962)
trans_8208-c0362-cyp,1.0331255189824846,0.00021524769654042935,2.2908045946290473e-13,0.0016010356611698357,1.033125489240594,1.137165311697468e-11,1.1371726307362487e-12,2.7139055560451675e-12,datetime.datetime(2025, 9, 12, 16, 32, 37, 764962)
trans_8208-c0362-cyp_1,1.0331255189824846,0.00021524769654042935,2.2908045946290473e-13,0.0016010356611698357,1.033125489240594,1.137165311697468e-11,1.1371726307362487e-12,2.7139055560451675e-12,datetime.datetime(2025, 9, 12, 16, 32, 37, 764962)
trans_860267-c0362-cyp,1.0308499931616522,0.0016323122829846842,0.011341251966341902,0.00425902630889994,1.0308496301358454,0.04178854004366207,-0.011341250605231994,-0.0037276866339536543,datetime.datetime(2025, 9, 12, 16, 32, 37, 764962)
trans_gpc-10080-gsu,1.036405554564132,0.00014395405414819164,1.8715122854229273e-12,0.0010741434799145216,1.0364055246051895,9.094947017729282e-12,-4.950695969044892e-13,-1.8233931808279703e-12,datetime.datetime(2025, 9, 12, 16, 32, 37, 764962)
trans_860708-c0362-cyp,1.0336173683133574,1.615126321329286e-05,2.3862630133594107e-13,0.00012019199743196526,1.0336173545853002,1.1648593557805863e-12,1.1633647891269538e-13,-2.9591852735722753e-13,datetime.datetime(2025, 9, 12, 16, 32, 37, 764962)
trans_gpc-10072-gsu,1.0370021734744275,0.0001440369228494234,1.1032917218711803e-12,0.0010753775339379682,1.037002143498239,4.067383956680332e-12,-9.383237792629018e-14,-1.1634202858678047e-12,datetime.datetime(2025, 9, 12, 16, 32, 37, 764962)
trans_gpc-10076-gsu,1.0364051979677071,0.00014395400448246319,4.4776957142111945e-13,0.0010741427424668846,1.0364051680087754,3.637978807091713e-12,8.923358232722524e-13,-5.399074178749779e-13,datetime.datetime(2025, 9, 12, 16, 32, 37, 764962)
trans_reg_c0362-cyp-reg_a,1.0108725835645629,128.13940280339196,457.60332699463663,-812.5884658500709,1.033151225242365,125.78305667742853,-457.3994440825674,816.1738600301023,datetime.datetime(2025, 9, 12, 16, 32, 37, 764962)
trans_reg_c0362-cyp-reg_b,1.0108725835645629,123.90310515625875,340.41461077909094,-839.8647338819907,1.033151225242365,123.13570868938959,-340.22398547576336,843.2180761678484,datetime.datetime(2025, 9, 12, 16, 32, 37, 764962)
trans_reg_c0362-cyp-reg_c,1.0108725835645629,125.01195823621138,372.64000724387114,-829.1765443646718,1.033151225242365,123.4707420424958,-372.4459548286722,832.589768740018,datetime.datetime(2025, 9, 12, 16, 32, 37, 764962)
trans_gpc-00550-gsu,1.0378848122729532,2.1623927960004935e-05,-1.5608187008478435e-13,0.00016158122022005733,1.037884797810242,3.4399341085399918e-12,5.25514474736487e-13,-1.6678189580510878e-13,datetime.datetime(2025, 9, 12, 16, 33, 37, 764962)
trans_8695-c0362-cyp,1.0323279138801955,0.00023194849394521036,0.0014068491393522805,0.0009963266136295062,1.03232786012623,0.0051763570843708995,-0.001406849113230276,-0.0004624086326745849,datetime.datetime(2025, 9, 12, 16, 33, 37, 764962)
trans_8208-c0362-cyp,1.0340037253014367,0.00021543066749285658,-3.632610844073182e-13,0.001603750097501828,1.0340036955342642,1.2875583933684884e-11,1.3218584734168425e-12,3.2128706587065394e-12,datetime.datetime(2025, 9, 12, 16, 33, 37, 764962)
trans_8208-c0362-cyp_1,1.0340037253014367,0.00021543066749285658,-3.632610844073182e-13,0.001603750097501828,1.0340036955342642,1.2875583933684884e-11,1.3218584734168425e-12,3.2128706587065394e-12,datetime.datetime(2025, 9, 12, 16, 33, 37, 764962)
trans_860267-c0362-cyp,1.031658826672284,0.0015215653886519968,0.010567764054228067,0.004005625928399405,1.0316584874949826,0.03890822698254156,-0.010567762873126444,-0.00347345663626224,datetime.datetime(2025, 9, 12, 16, 33, 37, 764962)
trans_gpc-10080-gsu,1.0375266940948453,0.0001441097773230692,1.2485232084302745e-12,0.0010764653878394587,1.0375266641034948,9.53145066930113e-12,-6.124818009676558e-13,-6.578527743517261e-13,datetime.datetime(2025, 9, 12, 16, 33, 37, 764962)
trans_860708-c0362-cyp,1.0344990182767486,1.6165039861336568e-05,-1.109869125857227e-13,0.00012039651094407908,1.0344990045369817,2.529101408439979e-12,3.5781231234673277e-13,-5.887737056712136e-13,datetime.datetime(2025, 9, 12, 16, 33, 37, 764962)
trans_gpc-10072-gsu,1.0381292477295052,0.00014419347030565597,1.0155675883583016e-12,0.0010777150428325918,1.038129217720737,7.705362763772045e-12,7.981368873107106e-14,-1.2328299333692847e-13,datetime.datetime(2025, 9, 12, 16, 33, 37, 764962)
trans_gpc-10076-gsu,1.037526210163505,0.00014410971016555376,2.1375345399948784e-12,0.0010764643838928603,1.0375261801721685,1.094224796738606e-11,-1.252207669242386e-13,7.61509260083763e-13,datetime.datetime(2025, 9, 12, 16, 33, 37, 764962)
trans_reg_c0362-cyp-reg_a,1.0089405763714148,126.47919831080337,387.81732030736225,-832.870173323735,1.0312915375097356,124.15348652193322,-387.61868611659327,836.3636502473445,datetime.datetime(2025, 9, 12, 16, 33, 37, 764962)
trans_reg_c0362-cyp-reg_b,1.0089405763714148,123.73054930213473,291.0679994078842,-857.3942938045834,1.0312915375097356,122.9642732900731,-290.87790461079385,860.7383722340746,datetime.datetime(2025, 9, 12, 16, 33, 37, 764962)
trans_reg_c0362-cyp-reg_c,1.0089405763714148,125.04863053412652,241.74692729523892,-879.5407680591007,1.0312915375097356,123.50709072468298,-241.55276081320122,882.9561002767122,datetime.datetime(2025, 9, 12, 16, 33, 37, 764962)
trans_gpc-00550-gsu,1.0383124151999263,2.1632836985897168e-05,2.478151965319003e-13,0.0001617146199282667,1.0383124007312563,1.6989670154997792e-12,2.920677907651017e-13,-3.6640273218911646e-13,datetime.datetime(2025, 9, 12, 16, 34, 37, 764962)
trans_8695-c0362-cyp,1.032690727550122,0.00011947117713954721,0.0005340133075592201,0.0007098147284574265,1.0326906985139914,0.001964157779207101,-0.0005340133037495619,-0.00017552169099802178,datetime.datetime(2025, 9, 12, 16, 34, 37, 764962)
trans_8208-c0362-cyp,1.0343854115356563,0.00021551019035958614,1.874390597594866e-12,0.0016049341785696206,1.0343853817574955,8.782857775706707e-12,4.017809487815247e-13,2.4690770139784065e-12,datetime.datetime(2025, 9, 12, 16, 34, 37, 764962)
trans_8208-c0362-cyp_1,1.0343854115356563,0.00021551019035958614,1.874390597594866e-12,0.0016049341785696206,1.0343853817574955,8.782857775706707e-12,4.017809487815247e-13,2.4690770139784065e-12,datetime.datetime(2025, 9, 12, 16, 34, 37, 764962)
trans_860267-c0362-cyp,1.032017900633369,0.0009425326203575909,0.006477608811234407,0.002661591660233307,1.0320176862772044,0.023840837772301803,-0.006477608362878074,-0.002129056847129572,datetime.datetime(2025, 9, 12, 16, 34, 37, 764962)
trans_gpc-10080-gsu,1.0379711830730312,0.0001441715159683058,2.0277880815461336e-12,0.0010773888408984527,1.037971153068832,7.705362763772045e-12,-1.0120500442702652e-12,-1.6671323218769337e-12,datetime.datetime(2025, 9, 12, 16, 34, 37, 764962)
trans_860708-c0362-cyp,1.0348772974581626,1.617095086200514e-05,-3.467036014835265e-13,0.00012048457823651323,1.0348772837133715,1.5916157281026244e-12,3.442537031273744e-13,-2.801073550460674e-13,datetime.datetime(2025, 9, 12, 16, 34, 37, 764962)
trans_gpc-10072-gsu,1.0385518369758377,0.00014425216724562378,1.3387347515270154e-12,0.0010785943371257336,1.0385518069548536,1.274712282878745e-11,7.815244844184904e-13,-3.2766401809606245e-12,datetime.datetime(2025, 9, 12, 16, 34, 37, 764962)
trans_gpc-10076-gsu,1.0379706624269842,0.00014417144353832172,1.3016503985774364e-12,0.0010773877569591802,1.0379706324228,7.932736439215277e-12,-5.403643837162176e-13,-1.5334647977550158e-12,datetime.datetime(2025, 9, 12, 16, 34, 37, 764962)
trans_reg_c0362-cyp-reg_a,1.0079668042762078,125.87678176229782,357.9796238393636,-840.4112602542377,1.0303417870508322,123.56218682906646,-357.7828772577171,843.8716712731074,datetime.datetime(2025, 9, 12, 16, 34, 37, 764962)
trans_reg_c0362-cyp-reg_b,1.0079668042762078,123.82836594159478,264.40020544920856,-867.1830907870399,1.0303417870508322,123.06150607887143,-264.20980993624914,870.532448859777,datetime.datetime(2025, 9, 12, 16, 34, 37, 764962)
trans_reg_c0362-cyp-reg_c,1.0079668042762078,126.02668743392708,180.91351552415037,-902.522471131616,1.0303417870508322,124.47311404560243,-180.7162998151388,905.9912114264479,datetime.datetime(2025, 9, 12, 16, 34, 37, 764962)
trans_gpc-00550-gsu,1.0388362517639849,2.164375098426357e-05,-2.217797859423165e-13,0.00016187804137864694,1.038836237288015,4.575464487429067e-12,5.4372058357517286e-14,-1.170676149834014e-12,datetime.datetime(2025, 9, 12, 16, 35, 37, 764962)
trans_8695-c0362-cyp,1.032884757002221,8.314238596633842e-05,0.00017656660694633894,0.0005925272505172814,1.032884738083328,0.0006493060848374924,-0.0001765666073764203,-5.803285327107706e-05,datetime.datetime(2025, 9, 12, 16, 35, 37, 764962)
trans_8208-c0362-cyp,1.0346011062868812,0.0002155551294901117,2.8511674314904424e-12,0.0016056053332329792,1.0346010765025113,1.2732925824820995e-11,2.2744010352682726e-12,1.8170546603513445e-12,datetime.datetime(2025, 9, 12, 16, 35, 37, 764962)
trans_8208-c0362-cyp_1,1.0346011062868812,0.0002155551294901117,2.8511674314904424e-12,0.0016056053332329792,1.0346010765025113,1.2732925824820995e-11,2.2744010352682726e-12,1.8170546603513445e-12,datetime.datetime(2025, 9, 12, 16, 35, 37, 764962)
trans_860267-c0362-cyp,1.0322043522206432,0.0007746146995690909,0.005289493486656953,0.002271259980161088,1.0322041741182046,0.01946442374155359,-0.0052894931859247775,-0.0017385330990193667,datetime.datetime(2025, 9, 12, 16, 35, 37, 764962)
trans_gpc-10080-gsu,1.0385275081647787,0.00014424878783536835,1.6466976289486457e-12,0.0010785456851230004,1.0385274781444982,5.6843418860808015e-12,-1.0652543737071448e-12,-1.1471715295545652e-12,datetime.datetime(2025, 9, 12, 16, 35, 37, 764962)
trans_860708-c0362-cyp,1.0351121100022753,1.617462007384665e-05,-2.2339603311747476e-13,0.00012053939168318539,1.0351120962543654,3.3047385166578644e-12,5.548224623534671e-14,-8.796124021176014e-13,datetime.datetime(2025, 9, 12, 16, 35, 37, 764962)
trans_gpc-10072-gsu,1.0390453060604754,0.00014432070866343403,1.3169896909137613e-12,0.0010796207795840487,1.039045276025227,5.6843418860808015e-12,-1.338467180932655e-13,6.458522702096715e-13,datetime.datetime(2025, 9, 12, 16, 35, 37, 764962)
trans_gpc-10076-gsu,1.0385271156533682,0.00014424873341819768,1.1522523941931427e-12,0.0010785448687675213,1.0385270856330988,4.522131307566796e-12,8.404396262406243e-13,-6.555595852039687e-13,datetime.datetime(2025, 9, 12, 16, 35, 37, 764962)
trans_reg_c0362-cyp-reg_a,1.0082599255691762,125.7049032321081,334.64285021200897,-848.9178437711298,1.0306809163511035,123.3934964458467,-334.44664051582095,852.3688700642894,datetime.datetime(2025, 9, 12, 16, 35, 37, 764962)
trans_reg_c0362-cyp-reg_b,1.0082599255691762,123.87769418707636,251.58233329398615,-871.1343814040436,1.0306809163511035,123.11053731649103,-251.39178604589833,874.4863867199307,datetime.datetime(2025, 9, 12, 16, 35, 37, 764962)
trans_reg_c0362-cyp-reg_c,1.0082599255691762,126.40770821176348,164.32814810008563,-908.8165620974386,1.0306809163511035,124.84943996370929,-164.1297380871428,912.3062143331083,datetime.datetime(2025, 9, 12, 16, 35, 37, 764962)
trans_gpc-00550-gsu,1.039187782735972,2.1651074934743696e-05,-7.919486030502631e-14,0.00016198764620369217,1.0391877682551038,2.1537143663862434e-12,4.045750260929415e-13,-4.341552384663802e-13,datetime.datetime(2025, 9, 12, 16, 36, 37, 764962)
trans_8695-c0362-cyp,1.0330870055084962,0.00023197345971125535,0.0014078400761847467,0.0009974453955870432,1.033086951745215,0.00517619864068428,-0.0014078400498039642,-0.00046274128460242173,datetime.datetime(2025, 9, 12, 16, 36, 37, 764962)
trans_8208-c0362-cyp,1.034825859543333,0.00021560195536388013,2.324118172220002e-12,0.001606303646715212,1.0348258297524933,1.993491902946371e-11,1.1595822974197077e-12,5.568382574663886e-12,datetime.datetime(2025, 9, 12, 16, 36, 37, 764962)
trans_8208-c0362-cyp_1,1.034825859543333,0.00021560195536388013,2.324118172220002e-12,0.001606303646715212,1.0348258297524933,1.993491902946371e-11,1.1595822974197077e-12,5.568382574663886e-12,datetime.datetime(2025, 9, 12, 16, 36, 37, 764962)
trans_860267-c0362-cyp,1.0324015159958297,0.000774763538637712,0.005291531815290604,0.0022721129374333373,1.0324013378602712,0.019468170753675688,-0.005291531514794165,-0.0017391822305291614,datetime.datetime(2025, 9, 12, 16, 36, 37, 764962)
trans_gpc-10080-gsu,1.0388686652115438,0.0001442961738389429,1.6668289916713096e-12,0.0010792552494955617,1.0388686351814014,1.0921034923258366e-11,-1.1581357015470397e-13,-2.855487098220875e-12,datetime.datetime(2025, 9, 12, 16, 36, 37, 764962)
trans_860708-c0362-cyp,1.0353373697086437,1.617813988980443e-05,2.268361182482942e-14,0.00012059190477491444,1.035337355957742,2.490090253187157e-12,-3.1988661911565416e-14,-3.4000534974153627e-13,datetime.datetime(2025, 9, 12, 16, 36, 37, 764962)
trans_gpc-10072-gsu,1.0393931141907597,0.00014436901827342846,2.7620046007259536e-12,0.0010803436443421657,1.039393084145457,1.2449148128909341e-11,-1.0418197702698088e-12,2.4894322678396897e-13,datetime.datetime(2025, 9, 12, 16, 36, 37, 764962)
trans_gpc-10076-gsu,1.0388683099112705,0.00014429612430210884,1.4495359842991996e-12,0.0010792545092763051,1.0388682798811386,4.067383956680332e-12,-9.870637671337846e-13,-6.220803149322298e-13,datetime.datetime(2025, 9, 12, 16, 36, 37, 764962)
trans_reg_c0362-cyp-reg_a,1.0092939834332728,125.77799777525124,308.21278285552455,-860.4252455629888,1.031785675372133,123.46527390636811,-308.0163448679587,863.8803033968278,datetime.datetime(2025, 9, 12, 16, 36, 37, 764962)
trans_reg_c0362-cyp-reg_b,1.0092939834332728,124.08425887636038,225.45787577908766,-879.7255772314679,1.031785675372133,123.31583753562442,-225.26669250756711,883.0887102061456,datetime.datetime(2025, 9, 12, 16, 36, 37, 764962)
trans_reg_c0362-cyp-reg_c,1.0092939834332728,126.41641851026927,160.54322684140578,-909.0625635462068,1.031785675372133,124.85804319527463,-160.34478948354314,912.5526759805699,datetime.datetime(2025, 9, 12, 16, 36, 37, 764962)
trans_gpc-00550-gsu,1.039171641268097,2.1650738660583906e-05,3.2194738867029337e-13,0.00016198263999045082,1.0391716267874536,2.9558577807620168e-12,-1.841811841261532e-13,-6.86775765979492e-13,datetime.datetime(2025, 9, 12, 16, 37, 37, 764962)
trans_8695-c0362-cyp,1.0331113663749911,0.00011964493255784852,0.0005355261964964991,0.0007107482941225757,1.0331113372965628,0.00196891683358229,-0.0005355261919998566,-0.00017601895111145235,datetime.datetime(2025, 9, 12, 16, 37, 37, 764962)
trans_8208-c0362-cyp,1.034845341013052,0.00021560601515418007,3.5403718663326586e-12,0.0016063643837875533,1.034845311221651,1.4239825986344276e-11,1.0675718075289109e-13,4.010595284932707e-12,datetime.datetime(2025, 9, 12, 16, 37, 37, 764962)
trans_8208-c0362-cyp_1,1.034845341013052,0.00021560601515418007,3.5403718663326586e-12,0.0016063643837875533,1.034845311221651,1.4239825986344276e-11,1.0675718075289109e-13,4.010595284932707e-12,datetime.datetime(2025, 9, 12, 16, 37, 37, 764962)
trans_860267-c0362-cyp,1.0324275507253236,0.0007747820711613593,0.005291774702858023,0.0022722660854338954,1.0324273725830866,0.019468621879670456,-0.005291774401770552,-0.0017393083930595376,datetime.datetime(2025, 9, 12, 16, 37, 37, 764962)
trans_gpc-10080-gsu,1.0388591187701548,0.00014429484749038058,8.882230177059692e-13,0.001079235621631662,1.0388590887402884,3.637978807091713e-12,-5.404440563736638e-13,-8.926940523795017e-13,datetime.datetime(2025, 9, 12, 16, 37, 37, 764962)
trans_860708-c0362-cyp,1.035353600870428,1.6178393510625564e-05,3.9413916900175863e-14,0.00012059570638224117,1.035353587119311,2.2737367544323206e-12,-7.166374362411417e-14,-5.985431575376969e-13,datetime.datetime(2025, 9, 12, 16, 37, 37, 764962)
trans_gpc-10072-gsu,1.0393740147260957,0.0001443663654379553,1.3549822444614002e-12,0.0010803040899016571,1.0393739846813455,5.464066712620797e-12,-4.899215494508891e-13,1.3211771753642537e-12,datetime.datetime(2025, 9, 12, 16, 37, 37, 764962)
trans_gpc-10076-gsu,1.0388586355260159,0.00014429478042218553,1.8413405123568483e-12,0.0010792346177194655,1.0388586054961633,3.6450773090749405e-12,-8.784674002040573e-14,-1.0481864968765692e-12,datetime.datetime(2025, 9, 12, 16, 37, 37, 764962)
trans_reg_c0362-cyp-reg_a,1.0095238773667818,125.72412100761672,302.4620665634585,-862.2692194378243,1.0320282232211266,123.41239440386316,-302.2657968172095,865.7213411027659,datetime.datetime(2025, 9, 12, 16, 37, 37, 764962)
trans_reg_c0362-cyp-reg_b,1.0095238773667818,124.14390577756751,219.21213877621713,-881.7412086621343,1.0320282232211266,123.37511809437044,-219.02077165343846,885.1075587823211,datetime.datetime(2025, 9, 12, 16, 37, 37, 764962)
trans_reg_c0362-cyp-reg_c,1.0095238773667818,126.38998863078206,160.51830841962976,-908.7367280791954,1.0320282232211266,124.83193926355928,-160.31995402751957,912.2253836076393,datetime.datetime(2025, 9, 12, 16, 37, 37, 764962)
trans_gpc-00550-gsu,1.0391386103455316,2.1650050436108334e-05,-1.4105877013323443e-13,0.00016197227420334793,1.0391385958653487,1.5135934175969807e-12,4.2414065528647007e-13,8.631286432057954e-14,datetime.datetime(2025, 9, 12, 16, 38, 37, 764962)
trans_8695-c0362-cyp,1.032959207726899,8.314869151723624e-05,0.0001765903362760429,0.0005926163913750335,1.0329591888065073,0.0006493497634023081,-0.0001765903361857501,-5.804426860311172e-05,datetime.datetime(2025, 9, 12, 16, 38, 37, 764962)
trans_8208-c0362-cyp,1.0346727754098253,0.00021557006105184712,2.597977711432664e-12,0.0016058295690973962,1.034672745623392,8.811169321817628e-12,-2.185060491625842e-13,2.4679758598540893e-12,datetime.datetime(2025, 9, 12, 16, 38, 37, 764962)
trans_8208-c0362-cyp_1,1.0346727754098253,0.00021557006105184712,2.597977711432664e-12,0.0016058295690973962,1.034672745623392,8.811169321817628e-12,-2.185060491625842e-13,2.4679758598540893e-12,datetime.datetime(2025, 9, 12, 16, 38, 37, 764962)
trans_860267-c0362-cyp,1.0322787533385782,0.0005823418382679649,0.003925276094300046,0.0018230271347809066,1.0322786168269744,0.014443364784946944,-0.003925275926441275,-0.001290223606162904,datetime.datetime(2025, 9, 12, 16, 38, 37, 764962)
trans_gpc-10080-gsu,1.0388662540589584,0.00014429583883725445,9.693486941950159e-13,0.0010792492576372644,1.0388662240288857,9.524352167317902e-12,5.077243214208658e-13,-6.835965188132262e-13,datetime.datetime(2025, 9, 12, 16, 38, 37, 764962)
trans_860708-c0362-cyp,1.0351951163225535,1.6175917035889225e-05,-6.346437221235735e-14,0.00012055885334440618,1.0351951025735413,2.2737367544323206e-12,-6.476241929708004e-14,-7.573659909410635e-14,datetime.datetime(2025, 9, 12, 16, 38, 37, 764962)
trans_gpc-10072-gsu,1.039315692711445,0.00014435826470628088,1.873396973141317e-12,0.0010801828348623087,1.0393156626683808,7.932736439215277e-12,-5.398799303780219e-13,-1.5364614064587495e-12,datetime.datetime(2025, 9, 12, 16, 38, 37, 764962)
trans_gpc-10076-gsu,1.0388658550611758,0.00014429578312849523,6.583784663283242e-13,0.0010792484253070974,1.0388658250311147,9.53145066930113e-12,-5.732639871033273e-13,6.84990583864838e-13,datetime.datetime(2025, 9, 12, 16, 38, 37, 764962)
trans_reg_c0362-cyp-reg_a,1.0087970978354865,125.6359687722386,317.162539203329,-855.5868057302091,1.0312586373527104,123.32584901243264,-316.96654461394644,859.034086645955,datetime.datetime(2025, 9, 12, 16, 38, 37, 764962)
trans_reg_c0362-cyp-reg_b,1.0087970978354865,123.86144415127056,247.08760323812015,-871.8604488589708,1.0312586373527104,123.09439039758867,-246.8971059741751,875.2115634598588,datetime.datetime(2025, 9, 12, 16, 38, 37, 764962)
trans_reg_c0362-cyp-reg_c,1.0087970978354865,126.44893499858468,162.72706452204864,-909.4952099126893,1.0312586373527104,124.89015875318837,-162.52852506820076,912.9871305587549,datetime.datetime(2025, 9, 12, 16, 38, 37, 764962)
trans_gpc-00550-gsu,1.0392878591527763,2.165315991165988e-05,3.070777553678544e-13,0.0001620189793796157,1.0392878446705138,2.756475083883211e-12,-2.1299814106713615e-13,-2.9067399972554774e-13,datetime.datetime(2025, 9, 12, 16, 39, 37, 764962)
trans_8695-c0362-cyp,1.0330762133229936,8.315782028108919e-05,0.00017663264397170102,0.0005927481194469839,1.0330761944005853,0.0006494273597631914,-0.0001766326433634077,-5.805459628262296e-05,datetime.datetime(2025, 9, 12, 16, 39, 37, 764962)
trans_8208-c0362-cyp,1.0348200250579895,0.000215600740244801,1.9081558720254745e-12,0.0016062875770409457,1.0348199952673174,7.73070496506989e-12,-1.2820099140470748e-12,1.4356152428961705e-12,datetime.datetime(2025, 9, 12, 16, 39, 37, 764962)
trans_8208-c0362-cyp_1,1.0348200250579895,0.000215600740244801,1.9081558720254745e-12,0.0016062875770409457,1.0348199952673174,7.73070496506989e-12,-1.2820099140470748e-12,1.4356152428961705e-12,datetime.datetime(2025, 9, 12, 16, 39, 37, 764962)
trans_860267-c0362-cyp,1.0323898660109962,0.0009110917530022683,0.0062572843971774594,0.002589555823232007,1.0323896584362797,0.023021560446532356,-0.006257283978119761,-0.0020566357075126433,datetime.datetime(2025, 9, 12, 16, 39, 37, 764962)
trans_gpc-10080-gsu,1.0390065401780626,0.00014431532381119417,2.1503332066352685e-12,0.001079542647666817,1.039006510143935,5.464066712620797e-12,-4.89993230723693e-13,1.3216625452919867e-12,datetime.datetime(2025, 9, 12, 16, 39, 37, 764962)
trans_860708-c0362-cyp,1.0353334309776985,1.6178078341103993e-05,8.137091434684551e-14,0.00012059114073611596,1.0353334172268491,1.6989670154997792e-12,1.0904624206082378e-13,-4.043662462544512e-13,datetime.datetime(2025, 9, 12, 16, 39, 37, 764962)
trans_gpc-10072-gsu,1.0394693804756778,0.0001443796114682922,1.7943506793252627e-12,0.0010805031968618602,1.0394693504281707,8.16011011465851e-12,-7.27060762048188e-13,2.814210874959525e-13,datetime.datetime(2025, 9, 12, 16, 39, 37, 764962)
trans_gpc-10076-gsu,1.0390062528800497,0.00014431528414126242,3.013535384774335e-13,0.0010795420525582088,1.03900622284593,7.304269160294347e-12,3.585942178151009e-13,-1.962498755555346e-12,datetime.datetime(2025, 9, 12, 16, 39, 37, 764962)
trans_reg_c0362-cyp-reg_a,1.0096552648081765,125.80479153331193,303.1072253527702,-862.7902642471009,1.0321636607301303,123.49158011630236,-302.9107036562075,866.2467995916318,datetime.datetime(2025, 9, 12, 16, 39, 37, 764962)
trans_reg_c0362-cyp-reg_b,1.0096552648081765,124.00651031747171,228.8165533731078,-877.9315240812767,1.0321636607301303,123.238568655634,-228.625609612049,881.2904529529,datetime.datetime(2025, 9, 12, 16, 39, 37, 764962)
trans_reg_c0362-cyp-reg_c,1.0096552648081765,126.26339151769884,167.16264422104763,-906.7037205960536,1.0321636607301303,124.7069022085131,-166.96468698970003,910.1854295561026,datetime.datetime(2025, 9, 12, 16, 39, 37, 764962)
trans_gpc-00550-gsu,1.039019868684446,2.1647576560222147e-05,-1.5142547892671442e-13,0.0001619351884078609,1.039019854205918,3.865352482534945e-12,5.411881901400489e-13,-3.6435982716276577e-13,datetime.datetime(2025, 9, 12, 16, 40, 37, 764962)
trans_8695-c0362-cyp,1.0329108618815643,0.00023173961928961374,0.0014059295917986108,0.0009966226156257027,1.0329108081685319,0.005170046653294842,-0.0014059295672517462,-0.0004621012768207809,datetime.datetime(2025, 9, 12, 16, 40, 37, 764962)
trans_8208-c0362-cyp,1.0346548885854487,0.00021556633481551292,7.332062162274111e-13,0.0016057717110670464,1.0346548587995306,1.2962205646644744e-11,1.6164759509967733e-12,-5.068834378997604e-13,datetime.datetime(2025, 9, 12, 16, 40, 37, 764962)
trans_8208-c0362-cyp_1,1.0346548885854487,0.00021556633481551292,7.332062162274111e-13,0.0016057717110670464,1.0346548587995306,1.2962205646644744e-11,1.6164759509967733e-12,-5.068834378997604e-13,datetime.datetime(2025, 9, 12, 16, 40, 37, 764962)
trans_860267-c0362-cyp,1.0322257261884487,0.001023647348967519,0.007052907229399487,0.002850967035450911,1.0322254943266074,0.02595305561969865,-0.007052906699792687,-0.0023182167965615135,datetime.datetime(2025, 9, 12, 16, 40, 37, 764962)
trans_gpc-10080-gsu,1.0387109191802122,0.00014427426280115018,2.7370149462829786e-12,0.0010789266670252512,1.03871088915463,5.1448789686149945e-12,-4.026918112416687e-13,-1.426690050756317e-12,datetime.datetime(2025, 9, 12, 16, 40, 37, 764962)
trans_860708-c0362-cyp,1.035156573848892,1.6175314777049343e-05,-2.76597289018167e-13,0.0001205497045973839,1.0351565601003916,1.2442196646133151e-12,4.4148075953408246e-14,-2.91099830831281e-13,datetime.datetime(2025, 9, 12, 16, 40, 37, 764962)
trans_gpc-10072-gsu,1.0392157075047594,0.00014434437694695274,7.950219874791609e-13,0.0010799742958677956,1.0392156774645853,8.362141588803897e-12,1.1090019769513697e-12,-5.50559828052091e-13,datetime.datetime(2025, 9, 12, 16, 40, 37, 764962)
trans_gpc-10076-gsu,1.038710584145395,0.00014427421645669817,6.911943638970852e-13,0.0010789259725063598,1.0387105541198223,8.134767913360665e-12,8.748582481135433e-13,-1.8217845680801993e-12,datetime.datetime(2025, 9, 12, 16, 40, 37, 764962)
trans_reg_c0362-cyp-reg_a,1.0090244153625856,125.82541612012041,332.36030396161135,-851.496812688691,1.031468527916092,123.5117958294256,-332.1637178700697,854.9544523365194,datetime.datetime(2025, 9, 12, 16, 40, 37, 764962)
trans_reg_c0362-cyp-reg_b,1.0090244153625856,123.96963952274211,239.51842242571811,-875.3305688894652,1.031468527916092,123.20192079030568,-239.32759220250492,878.6875304755562,datetime.datetime(2025, 9, 12, 16, 40, 37, 764962)
trans_reg_c0362-cyp-reg_c,1.0090244153625856,125.99346305569941,179.1420571852139,-902.1145483749358,1.031468527916092,124.44029940901575,-178.94494544607122,905.5814501203372,datetime.datetime(2025, 9, 12, 16, 40, 37, 764962)
trans_gpc-00550-gsu,1.038614970638513,2.16391405365206e-05,3.1874197291975574e-15,0.00016180902467077148,1.0386149561656268,2.0463630789890885e-12,-2.9933732994627343e-13,-3.5294199083663207e-13,datetime.datetime(2025, 9, 12, 16, 41, 37, 764962)
trans_8695-c0362-cyp,1.0325383539202786,0.0001197453674696894,0.0005363663129260334,0.0007104312608206534,1.0325383248173738,0.001973100546906909,-0.0005363663079450218,-0.00017629507877038836,datetime.datetime(2025, 9, 12, 16, 41, 37, 764962)
trans_8208-c0362-cyp,1.0342260983975564,0.0002154769978137541,2.704453050395017e-12,0.0016044422355758268,1.0342260686239824,1.2761237370931917e-11,-1.713905688627363e-12,2.7474459923667996e-12,datetime.datetime(2025, 9, 12, 16, 41, 37, 764962)
trans_8208-c0362-cyp_1,1.0342260983975564,0.0002154769978137541,2.704453050395017e-12,0.0016044422355758268,1.0342260686239824,1.2761237370931917e-11,-1.713905688627363e-12,2.7474459923667996e-12,datetime.datetime(2025, 9, 12, 16, 41, 37, 764962)
trans_860267-c0362-cyp,1.0318648185587824,0.0008307399253139533,0.005685346717836866,0.0024010621764502743,1.031864628334529,0.020928020247358063,-0.005685346371084794,-0.0018686851874929258,datetime.datetime(2025, 9, 12, 16, 41, 37, 764962)
trans_gpc-10080-gsu,1.0383409973013313,0.00014422288180745272,6.165795339574398e-13,0.0010781575412262805,1.038340967286442,1.091748826801546e-11,6.262599756697463e-13,1.1767713328026527e-12,datetime.datetime(2025, 9, 12, 16, 41, 37, 764962)
trans_860708-c0362-cyp,1.0347384636011938,1.6168781385944496e-05,-1.1461387719978452e-13,0.00012045243136471468,1.0347384498582468,1.8189894035458565e-12,1.6404023975433474e-13,-4.3779106122346736e-13,datetime.datetime(2025, 9, 12, 16, 41, 37, 764962)
trans_gpc-10072-gsu,1.0387803975376861,0.00014428391325469478,1.9577588595415252e-12,0.0010790702678230542,1.038780367510095,7.275957614183426e-12,1.1935311143431942e-14,5.17727823302052e-13,datetime.datetime(2025, 9, 12, 16, 41, 37, 764962)
trans_gpc-10076-gsu,1.038340763017032,0.00014422284933723032,1.3387648160195776e-12,0.0010781570539049202,1.0383407330021497,1.8189894035458565e-12,-4.577070833458497e-13,-2.567536198769505e-13,datetime.datetime(2025, 9, 12, 16, 41, 37, 764962)
trans_reg_c0362-cyp-reg_a,1.0077331069837587,125.9877410842868,369.1017853125527,-836.2347484691147,1.030084199352076,123.67109138355275,-368.90469173975885,839.7012234690759,datetime.datetime(2025, 9, 12, 16, 41, 37, 764962)
trans_reg_c0362-cyp-reg_b,1.0077331069837587,123.74475305889062,289.64790124309894,-857.9462021852692,1.030084199352076,122.97839000579293,-289.4577627978706,861.2910431003294,datetime.datetime(2025, 9, 12, 16, 41, 37, 764962)
trans_reg_c0362-cyp-reg_c,1.0077331069837587,125.90711462491329,192.34930074546597,-899.657259192562,1.030084199352076,124.35501229960134,-192.15245909591198,903.1194678427596,datetime.datetime(2025, 9, 12, 16, 41, 37, 764962)
trans_gpc-00550-gsu,1.0378890999686718,2.162401739679696e-05,2.7686368605714367e-14,0.00016158250846627815,1.0378890855059006,2.9558577807620168e-12,1.532272993156388e-13,-8.149486408699748e-13,datetime.datetime(2025, 9, 12, 16, 42, 37, 764962)
trans_8695-c0362-cyp,1.0322556299190966,0.00023149565812482066,0.0014034278768524032,0.000995120985950981,1.0322555762604422,0.005164131586077167,-0.0014034278508017685,-0.0004612785224590321,datetime.datetime(2025, 9, 12, 16, 42, 37, 764962)
trans_8208-c0362-cyp,1.033933489823854,0.00021541603396970364,1.4610089960759302e-12,0.0016035304896666802,1.0339334600587036,1.3734394232862122e-11,1.063294246311152e-12,3.3674613283124983e-12,datetime.datetime(2025, 9, 12, 16, 42, 37, 764962)
trans_8208-c0362-cyp_1,1.033933489823854,0.00021541603396970364,1.4610089960759302e-12,0.0016035304896666802,1.0339334600587036,1.3734394232862122e-11,1.063294246311152e-12,3.3674613283124983e-12,datetime.datetime(2025, 9, 12, 16, 42, 37, 764962)
trans_860267-c0362-cyp,1.0315879083816688,0.0005821765772112642,0.003921599586573029,0.0018211186600381307,1.0315877719120812,0.014439565067091825,-0.003921599419649879,-0.0012890298503650931,datetime.datetime(2025, 9, 12, 16, 42, 37, 764962)
trans_gpc-10080-gsu,1.037580881092216,0.00014411730387003764,1.0853751231110208e-12,0.0010765766949568881,1.037580851099299,1.0945840895141462e-11,6.665139950052087e-13,-1.574159831502115e-12,datetime.datetime(2025, 9, 12, 16, 42, 37, 764962)
trans_860708-c0362-cyp,1.0344133375495843,1.6163701129282597e-05,1.0110169689284132e-13,0.00012037644907707728,1.034413323810955,4.320099833421409e-12,2.1969648906883407e-13,-1.1851567145708007e-12,datetime.datetime(2025, 9, 12, 16, 42, 37, 764962)
trans_gpc-10072-gsu,1.0380796351758252,0.0001441865794290619,7.280663572029057e-13,0.0010776121213498953,1.038079605168491,9.53145066930113e-12,4.62841342615402e-13,-3.958557216642668e-13,datetime.datetime(2025, 9, 12, 16, 42, 37, 764962)
trans_gpc-10076-gsu,1.0375805608343271,0.0001441172592427364,1.2482552231435351e-12,0.001076576027927727,1.0375805308414197,9.094947017729282e-12,-1.385857411341324e-12,-1.2867040601551313e-12,datetime.datetime(2025, 9, 12, 16, 42, 37, 764962)
trans_reg_c0362-cyp-reg_a,1.0075954127295783,126.71763596744564,409.933968432647,-822.7739212735629,1.029877757562245,124.38750610068327,-409.7345846614594,826.2804688779477,datetime.datetime(2025, 9, 12, 16, 42, 37, 764962)
trans_reg_c0362-cyp-reg_b,1.0075954127295783,123.81697219634864,302.3759309972322,-854.7238923608347,1.029877757562245,123.05015089324735,-302.1855705693203,858.0726400891914,datetime.datetime(2025, 9, 12, 16, 42, 37, 764962)
trans_reg_c0362-cyp-reg_c,1.0075954127295783,125.26801069364585,227.84732704741353,-885.4545587350934,1.029877757562245,123.72377373568132,-227.65247868111658,888.8818449612978,datetime.datetime(2025, 9, 12, 16, 42, 37, 764962)
trans_gpc-00550-gsu,1.0370747108551777,2.1607049913420783e-05,4.1900158386301563e-13,0.00016132944596506835,1.0370746964037547,2.756475083883211e-12,-3.447654477782222e-13,-7.042863568510411e-13,datetime.datetime(2025, 9, 12, 16, 43, 37, 764962)
trans_8695-c0362-cyp,1.0317948592230695,0.00011974252231774325,0.0005363091600567823,0.0007096424879796429,1.0317948301208328,0.001974315760231483,-0.0005363091532778047,-0.00017627629267511196,datetime.datetime(2025, 9, 12, 16, 43, 37, 764962)
trans_8208-c0362-cyp,1.0334606772649895,0.00021531752584396172,1.085937373010437e-12,0.0016020657589933492,1.0334606475134505,1.3279646881975658e-11,2.3496931691902906e-12,2.675839241518797e-12,datetime.datetime(2025, 9, 12, 16, 43, 37, 764962)
trans_8208-c0362-cyp_1,1.0334606772649895,0.00021531752584396172,1.085937373010437e-12,0.0016020657589933492,1.0334606475134505,1.3279646881975658e-11,2.3496931691902906e-12,2.675839241518797e-12,datetime.datetime(2025, 9, 12, 16, 43, 37, 764962)
trans_860267-c0362-cyp,1.0311324887667783,0.0007173894247058252,0.004878909440292902,0.002135243594425719,1.0311323230411078,0.01797228222259546,-0.004878909183580268,-0.0016036236835560718,datetime.datetime(2025, 9, 12, 16, 43, 37, 764962)
trans_gpc-10080-gsu,1.0366912668027142,0.0001439937387083578,1.3840636709644416e-12,0.0010747332254784575,1.036691236835513,1.4580226774477773e-11,-7.348545066012538e-13,-3.733801754731624e-12,datetime.datetime(2025, 9, 12, 16, 43, 37, 764962)
trans_860708-c0362-cyp,1.0339228791371513,1.6156037132419565e-05,-4.001380871608562e-13,0.00012026245030635002,1.0339228654050365,1.8469803821102827e-12,2.0658424027541253e-13,1.2244534724359824e-13,datetime.datetime(2025, 9, 12, 16, 43, 37, 764962)
trans_gpc-10072-gsu,1.0373217011529758,0.0001440813043535265,1.7176280710240466e-12,0.001076042306222649,1.037321671167551,9.094947017729282e-12,-1.0303124230280934e-12,-2.191157276792309e-12,datetime.datetime(2025, 9, 12, 16, 43, 37, 764962)
trans_gpc-10076-gsu,1.036690903817614,0.00014399368849331501,2.6561863958329825e-12,0.0010747324715136683,1.0366908738504235,7.38792152844113e-12,2.2512754085402398e-13,-1.950469963490888e-12,datetime.datetime(2025, 9, 12, 16, 43, 37, 764962)
trans_reg_c0362-cyp-reg_a,1.005612394485988,128.2023249242962,477.84616915861665,-795.7271521521116,1.02773347481394,125.84477734618928,-477.6420860369504,799.3158682224719,datetime.datetime(2025, 9, 12, 16, 43, 37, 764962)
trans_reg_c0362-cyp-reg_b,1.005612394485988,124.20057469084513,355.1704652229236,-837.7485780018121,1.02773347481394,123.43131987891593,-354.9789235299287,841.1180150191151,datetime.datetime(2025, 9, 12, 16, 43, 37, 764962)
trans_reg_c0362-cyp-reg_c,1.005612394485988,125.13498762195168,250.2558806370766,-878.7889654824838,1.02773347481394,123.59237817941758,-250.0614458921516,882.2090279357219,datetime.datetime(2025, 9, 12, 16, 43, 37, 764962)
trans_gpc-00550-gsu,1.0360212049774196,2.1585100471818562e-05,-2.417979282510335e-13,0.00016100308422692687,1.036021190540677,1.1368683772161603e-12,1.8357965628088686e-13,-2.6320064389581936e-13,datetime.datetime(2025, 9, 12, 16, 44, 37, 764962)
trans_8695-c0362-cyp,1.0310738335672234,0.0002311338144789275,0.0013995063420084337,0.0009926187411116495,1.0310737799900664,0.005155581741803292,-0.0013995063145980954,-0.0004599950004502495,datetime.datetime(2025, 9, 12, 16, 44, 37, 764962)
trans_8208-c0362-cyp,1.0326539538263797,0.00021514944774319054,4.5415729163500445e-13,0.0015995739027592662,1.0326539240980652,1.8442133410084896e-11,2.5919393821420503e-12,4.121153875840582e-12,datetime.datetime(2025, 9, 12, 16, 44, 37, 764962)
trans_8208-c0362-cyp_1,1.0326539538263797,0.00021514944774319054,4.5415729163500445e-13,0.0015995739027592662,1.0326539240980652,1.8442133410084896e-11,2.5919393821420503e-12,4.121153875840582e-12,datetime.datetime(2025, 9, 12, 16, 44, 37, 764962)
trans_860267-c0362-cyp,1.0304292404303357,0.0009653241214406039,0.006628987880996571,0.002709745395826969,1.03042902117154,0.024435535649212865,-0.006628987409928455,-0.0021788464335219023,datetime.datetime(2025, 9, 12, 16, 44, 37, 764962)
trans_gpc-10080-gsu,1.0355553045517463,0.00014383595629518888,1.2551829263462988e-12,0.0010723873260696378,1.035555274617382,5.4569682106375694e-12,-8.894651040057688e-14,-6.294985823114789e-13,datetime.datetime(2025, 9, 12, 16, 44, 37, 764962)
trans_860708-c0362-cyp,1.033133654733393,1.6143704786131716e-05,-1.0156759808199745e-13,0.00012007955879489618,1.0331336410117602,2.9431866801130944e-12,-1.1989877915554678e-14,-8.413020919314209e-13,datetime.datetime(2025, 9, 12, 16, 44, 37, 764962)
trans_gpc-10072-gsu,1.0363212408304538,0.0001439423429467232,2.070156646799548e-12,0.0010739755733427993,1.0363212108739488,1.4566112232333307e-11,-1.5398554481921595e-12,6.874174033826786e-13,datetime.datetime(2025, 9, 12, 16, 44, 37, 764962)
trans_gpc-10076-gsu,1.0355548051219838,0.0001438358869326684,1.9044647577709516e-12,0.0010723862857142184,1.0355547751876337,8.16011011465851e-12,-6.228078342157468e-13,-2.0536777727585503e-12,datetime.datetime(2025, 9, 12, 16, 44, 37, 764962)
trans_reg_c0362-cyp-reg_a,1.0046305028701996,130.19056793477355,536.713707344753,-773.7261082886282,1.0266291019748068,127.79634200896108,-536.5032452238495,777.4264214240713,datetime.datetime(2025, 9, 12, 16, 44, 37, 764962)
trans_reg_c0362-cyp-reg_b,1.0046305028701996,125.77860586193074,451.24198526751087,-801.8122410394537,1.0266291019748068,124.99943036737844,-451.04554561502835,805.2673357346047,datetime.datetime(2025, 9, 12, 16, 44, 37, 764962)
trans_reg_c0362-cyp-reg_c,1.0046305028701996,125.15096481634644,305.04772742188254,-862.4553019541428,1.0266291019748068,123.60811579009474,-304.85324308929637,865.8762676988982,datetime.datetime(2025, 9, 12, 16, 44, 37, 764962)
trans_gpc-00550-gsu,1.03599684015478,2.1584592888904057e-05,-1.7106180838152856e-14,0.0001609949790462788,1.035996825718377,1.7409670930402127e-12,1.9690905125361683e-14,-3.927623733467289e-13,datetime.datetime(2025, 9, 12, 16, 45, 37, 764962)
trans_8695-c0362-cyp,1.031042809620805,0.00011973859173345188,0.0005362436390620866,0.0007088447217914367,1.0310427805195068,0.001975510785913478,-0.0005362436361158498,-0.00017625476084334453,datetime.datetime(2025, 9, 12, 16, 45, 37, 764962)
trans_8208-c0362-cyp,1.032661787602761,0.00021515107963732567,1.8071576006473134e-12,0.0015995930831464475,1.032661757874221,5.4569682106375694e-12,1.3519814067921323e-12,2.496036792875834e-13,datetime.datetime(2025, 9, 12, 16, 45, 37, 764962)
trans_8208-c0362-cyp_1,1.032661787602761,0.00021515107963732567,1.8071576006473134e-12,0.0015995930831464475,1.032661757874221,5.4569682106375694e-12,1.3519814067921323e-12,2.496036792875834e-13,datetime.datetime(2025, 9, 12, 16, 45, 37, 764962)
trans_860267-c0362-cyp,1.0303911106860275,0.0010218286828965668,0.007027882030187229,0.002840808071018961,1.0303908792383216,0.025906955785919894,-0.007027881502484239,-0.002309949649432945,datetime.datetime(2025, 9, 12, 16, 45, 37, 764962)
trans_gpc-10080-gsu,1.0355554592704366,0.0001438359779522158,7.422408607876683e-13,0.0010723845970078564,1.0355554293360676,2.0463630789890885e-12,5.227310213655822e-13,2.5388941174480607e-13,datetime.datetime(2025, 9, 12, 16, 45, 37, 764962)
trans_860708-c0362-cyp,1.0331266747070702,1.614359559974283e-05,-1.5683027066674265e-13,0.00012007754879778102,1.0331266609855303,2.261065653783398e-12,5.778509286002617e-14,-5.825117058942039e-13,datetime.datetime(2025, 9, 12, 16, 45, 37, 764962)
trans_gpc-10072-gsu,1.0362933537282024,0.00014393846942896817,5.835774710694075e-13,0.001073913897489313,1.0362933237725034,2.0463630789890885e-12,-5.229768243102125e-13,-2.5448000917473076e-13,datetime.datetime(2025, 9, 12, 16, 45, 37, 764962)
trans_gpc-10076-gsu,1.0355549839726972,0.0001438359116756086,1.4648708912545771e-12,0.0010723836060053196,1.035554954038342,1.1343341570863758e-11,-1.4874988606897528e-12,8.162420788489795e-13,datetime.datetime(2025, 9, 12, 16, 45, 37, 764962)
trans_reg_c0362-cyp-reg_a,1.0050589806670414,130.64015799464997,546.7047612875135,-771.1836080457483,1.0270511351001657,128.23764456092337,-546.4928431010484,774.9094167541383,datetime.datetime(2025, 9, 12, 16, 45, 37, 764962)
trans_reg_c0362-cyp-reg_b,1.0050589806670414,125.60704003467917,443.15574773008274,-805.2912460170709,1.0270511351001657,124.82894188802958,-442.9598435887559,808.7369832428598,datetime.datetime(2025, 9, 12, 16, 45, 37, 764962)
trans_reg_c0362-cyp-reg_c,1.0050589806670414,125.10547496435686,323.3926140975367,-854.4532995698564,1.0270511351001657,123.56316774055121,-323.1982711510313,857.8717570256393,datetime.datetime(2025, 9, 12, 16, 45, 37, 764962)
trans_gpc-00550-gsu,1.0356516317972362,2.157740066933507e-05,-9.148780105890097e-14,0.0001608880389906818,1.0356516173656434,3.865352482534945e-12,3.408591825112444e-14,-8.198163901476731e-13,datetime.datetime(2025, 9, 12, 16, 46, 37, 764962)
trans_8695-c0362-cyp,1.0309802963975427,0.0002310160749861268,0.0013985366136381673,0.0009921992155809069,1.0309802428456027,0.005152485969416669,-0.0013985365868987637,-0.000459673383151928,datetime.datetime(2025, 9, 12, 16, 46, 37, 764962)
trans_8208-c0362-cyp,1.0325948598502404,0.0002151371361128789,2.797904515711158e-12,0.0015993872110673809,1.0325948301236267,1.2449148128909341e-11,-7.389821926911934e-13,2.3143730448961107e-12,datetime.datetime(2025, 9, 12, 16, 46, 37, 764962)
trans_8208-c0362-cyp_1,1.0325948598502404,0.0002151371361128789,2.797904515711158e-12,0.0015993872110673809,1.0325948301236267,1.2449148128909341e-11,-7.389821926911934e-13,2.3143730448961107e-12,datetime.datetime(2025, 9, 12, 16, 46, 37, 764962)
trans_860267-c0362-cyp,1.03033173556023,0.0010217678854874935,0.007027053284822935,0.002840501850788612,1.030331504124805,0.02590540683555207,-0.007027052757069884,-0.0023097042842774055,datetime.datetime(2025, 9, 12, 16, 46, 37, 764962)
trans_gpc-10080-gsu,1.0351884183485727,0.00014378499659585536,6.051168073561985e-13,0.0010716263696624905,1.0351883884248139,7.705362763772045e-12,1.0179963872037173e-12,1.6533739460390027e-12,datetime.datetime(2025, 9, 12, 16, 46, 37, 764962)
trans_860708-c0362-cyp,1.0330406383096635,1.6142251271693504e-05,-8.304317140623436e-14,0.00012005766828352442,1.033040624589266,2.9558577807620168e-12,2.2165116055030544e-13,-7.338161740500483e-13,datetime.datetime(2025, 9, 12, 16, 46, 37, 764962)
trans_gpc-10072-gsu,1.0359717305290879,0.0001438937968027471,6.408287338277586e-13,0.0010732498379104204,1.0359717005826858,7.304269160294347e-12,1.4452975725938214e-13,5.069382558914225e-13,datetime.datetime(2025, 9, 12, 16, 46, 37, 764962)
trans_gpc-10076-gsu,1.0351880323340938,0.0001437849433756288,1.3878058997135457e-12,0.0010716255686687424,1.0351880024103461,9.123258563840204e-12,-6.867885432282549e-14,-4.0801468344462676e-13,datetime.datetime(2025, 9, 12, 16, 46, 37, 764962)
trans_reg_c0362-cyp-reg_a,1.0042310724894317,131.27376586328114,563.9017577655965,-763.4318787658756,1.02617333516062,128.85956275184074,-563.6877790387628,767.1937179945984,datetime.datetime(2025, 9, 12, 16, 46, 37, 764962)
trans_reg_c0362-cyp-reg_b,1.0042310724894317,125.7159806593802,445.25164669000554,-805.7073705587542,1.02617333516062,124.9372051433166,-445.05540258479897,809.1590790422994,datetime.datetime(2025, 9, 12, 16, 46, 37, 764962)
trans_reg_c0362-cyp-reg_c,1.0042310724894317,125.0873287322395,317.07331115070855,-856.768250924501,1.02617333516062,123.54525181674168,-316.8790245677582,860.1857254665721,datetime.datetime(2025, 9, 12, 16, 46, 37, 764962)
trans_gpc-00550-gsu,1.0372943235315883,2.1611625471169236e-05,2.2085915062954043e-13,0.00016139911291145303,1.0372943090771052,2.9431866801130944e-12,2.2524194584817315e-13,-7.838799972100962e-13,datetime.datetime(2025, 9, 12, 16, 47, 37, 764962)
trans_8695-c0362-cyp,1.0326802563541404,0.0002807491202276546,0.001764965663703003,0.0011144011301624317,1.032680192471351,0.006491765569570511,-0.0017649656233746712,-0.0005801161493879405,datetime.datetime(2025, 9, 12, 16, 47, 37, 764962)
trans_8208-c0362-cyp,1.034251187527798,0.00021548222470264616,4.3041139576038814e-13,0.0016045258245902577,1.0342511577535016,1.8979296146808664e-11,-3.6567522441758456e-13,5.210218111879778e-12,datetime.datetime(2025, 9, 12, 16, 47, 37, 764962)
trans_8208-c0362-cyp_1,1.034251187527798,0.00021548222470264616,4.3041139576038814e-13,0.0016045258245902577,1.0342511577535016,1.8979296146808664e-11,-3.6567522441758456e-13,5.210218111879778e-12,datetime.datetime(2025, 9, 12, 16, 47, 37, 764962)
trans_860267-c0362-cyp,1.0320396002016354,0.0014083853234224577,0.00977186734075503,0.0037444205691721444,1.0320392854056089,0.035964473758908745,-0.009771866329318906,-0.00321185714344451,datetime.datetime(2025, 9, 12, 16, 47, 37, 764962)
trans_gpc-10080-gsu,1.0368221673359024,0.00014401192031603796,2.0546000022853003e-12,0.0010750157561033296,1.0368221373649174,5.886373360226189e-12,-1.4477097361719488e-12,-8.653262779571674e-13,datetime.datetime(2025, 9, 12, 16, 47, 37, 764962)
trans_860708-c0362-cyp,1.0347109627872955,1.6168351703545537e-05,-8.315016860813133e-15,0.00012044647464162027,1.0347109490447135,2.5974415405843117e-12,-3.639454624672425e-13,-3.682211781385495e-13,datetime.datetime(2025, 9, 12, 16, 47, 37, 764962)
trans_gpc-10072-gsu,1.0376137290160061,0.0001441218660994822,1.8463747215174964e-12,0.0010766550286880516,1.0376136990221398,7.304269160294347e-12,-1.4403367449064965e-13,-5.122184386769545e-13,datetime.datetime(2025, 9, 12, 16, 47, 37, 764962)
trans_gpc-10076-gsu,1.0368216608571295,0.00014401184982818521,8.355733084608463e-13,0.0010750147019208513,1.036821630886159,2.2737367544323206e-12,3.2692004185715667e-13,2.594371695197079e-13,datetime.datetime(2025, 9, 12, 16, 47, 37, 764962)
trans_reg_c0362-cyp-reg_a,1.0037383223431189,134.50004287288326,606.406328396444,-759.5914574499665,1.0319389828612777,131.22137873040018,-606.1817028052791,763.5397076156227,datetime.datetime(2025, 9, 12, 16, 47, 37, 764962)
trans_reg_c0362-cyp-reg_b,1.0037383223431189,127.67289329369714,511.85600279517877,-781.2408478813222,1.0319389828612777,126.88186972972052,-511.6536018113723,784.800266592056,datetime.datetime(2025, 9, 12, 16, 47, 37, 764962)
trans_reg_c0362-cyp-reg_c,1.0037383223431189,125.3664895054079,346.3108916646342,-848.233229326599,1.0319389828612777,123.82093932379883,-346.1157369742508,851.6659181426558,datetime.datetime(2025, 9, 12, 16, 47, 37, 764962)
trans_gpc-00550-gsu,1.0371010933061788,2.16075995429926e-05,3.7582813597336614e-13,0.0001613373866166406,1.0371010788543884,2.033691978340166e-12,-1.64898757018146e-13,-5.478386339716324e-13,datetime.datetime(2025, 9, 12, 16, 48, 37, 764962)
trans_8695-c0362-cyp,1.0325864860769112,0.00028072362733881157,0.001764634858661157,0.0011141922586479953,1.0325864221999226,0.006491176095620764,-0.0017646348173988582,-0.0005800074191516912,datetime.datetime(2025, 9, 12, 16, 48, 37, 764962)
trans_8208-c0362-cyp,1.034179809529609,0.000215467353670718,4.50742251335845e-12,0.0016042946378019792,1.0341797797573673,1.5439037073655012e-11,-8.689115839395557e-13,3.908712768845751e-12,datetime.datetime(2025, 9, 12, 16, 48, 37, 764962)
trans_8208-c0362-cyp_1,1.034179809529609,0.000215467353670718,4.50742251335845e-12,0.0016042946378019792,1.0341797797573673,1.5439037073655012e-11,-8.689115839395557e-13,3.908712768845751e-12,datetime.datetime(2025, 9, 12, 16, 48, 37, 764962)
trans_860267-c0362-cyp,1.0319426351183392,0.0019070698000387867,0.013293698342242274,0.004901893072060223,1.031942212901886,0.04893113771021312,-0.01329369648016904,-0.004369427279576609,datetime.datetime(2025, 9, 12, 16, 48, 37, 764962)
trans_gpc-10080-gsu,1.0366120485897241,0.0001439827355038229,7.219110274847562e-13,0.0010745688586946591,1.036612018624813,7.503331289626658e-12,-1.0221699714771669e-13,-1.7975435117736704e-12,datetime.datetime(2025, 9, 12, 16, 48, 37, 764962)
trans_860708-c0362-cyp,1.0346249248438217,1.616700727020311e-05,-1.5990061098120068e-13,0.00012042569892929726,1.0346249111023829,2.0743540575535147e-12,1.140876968933931e-13,-5.198710866646263e-13,datetime.datetime(2025, 9, 12, 16, 48, 37, 764962)
trans_gpc-10072-gsu,1.0374413410418024,0.0001440979217883686,8.127152093667655e-13,0.0010762876661821043,1.037441311052919,7.275957614183426e-12,5.804538235655872e-13,1.9335386265986577e-12,datetime.datetime(2025, 9, 12, 16, 48, 37, 764962)
trans_gpc-10076-gsu,1.0366113647767319,0.000143982640432788,1.4465906632288307e-12,0.001074567439171788,1.0366113348118402,6.113747035669421e-12,-4.693247178219174e-13,-3.585962764687426e-13,datetime.datetime(2025, 9, 12, 16, 48, 37, 764962)
trans_reg_c0362-cyp-reg_a,1.0031772010435935,136.44403757634294,645.362009876146,-744.7382085195536,1.0312928732231423,133.11789799126058,-645.1308442614327,748.8008885655822,datetime.datetime(2025, 9, 12, 16, 48, 37, 764962)
trans_reg_c0362-cyp-reg_b,1.0031772010435935,127.30643460108432,495.9429833227264,-790.1892998838247,1.0312928732231423,126.51771548343905,-495.74174251821825,793.7284766648885,datetime.datetime(2025, 9, 12, 16, 48, 37, 764962)
trans_reg_c0362-cyp-reg_c,1.0031772010435935,125.32936673513564,362.26811411950376,-839.7851750618177,1.0312928732231423,123.78425378753909,-362.07307501986264,843.215789354963,datetime.datetime(2025, 9, 12, 16, 48, 37, 764962)
trans_gpc-00550-gsu,1.0371795594452562,2.160923442393829e-05,2.5102205123556095e-13,0.00016136181042527114,1.0371795449923724,1.1368683772161603e-12,2.940040198545471e-14,-3.245556160785779e-13,datetime.datetime(2025, 9, 12, 16, 49, 37, 764962)
trans_8695-c0362-cyp,1.0326881221269595,0.00012009656633549986,0.0005393924025045471,0.0007115753878193901,1.0326880929387559,0.0019839448280448476,-0.000539392398177069,-0.0001772855378129456,datetime.datetime(2025, 9, 12, 16, 49, 37, 764962)
trans_8208-c0362-cyp,1.0342929224183048,0.0002154909205248821,1.3422203678364884e-12,0.0016046455453077699,1.0342928926428072,1.7677679465671118e-11,1.6652746807034728e-13,4.4230059957065775e-12,datetime.datetime(2025, 9, 12, 16, 49, 37, 764962)
trans_8208-c0362-cyp_1,1.0342929224183048,0.0002154909205248821,1.3422203678364884e-12,0.0016046455453077699,1.0342928926428072,1.7677679465671118e-11,1.6652746807034728e-13,4.4230059957065775e-12,datetime.datetime(2025, 9, 12, 16, 49, 37, 764962)
trans_860267-c0362-cyp,1.0320423238057748,0.0020211627882968397,0.014100799202916257,0.0051672926473765,1.0320418770171567,0.05189689881730354,-0.014100797108780396,-0.004634722479622168,datetime.datetime(2025, 9, 12, 16, 49, 37, 764962)
trans_gpc-10080-gsu,1.0366923816528455,0.00014399389330899335,1.7049267570651282e-12,0.0010747359600572967,1.0366923516856124,5.464066712620797e-12,4.2241422486238795e-13,1.3042627761029928e-12,datetime.datetime(2025, 9, 12, 16, 49, 37, 764962)
trans_860708-c0362-cyp,1.0347342951873681,1.6168716340592372e-05,6.402621965592714e-14,0.00012045115645637271,1.0347342814444762,2.9310023985646555e-12,-1.4060684209826583e-14,-7.6611249229395e-13,datetime.datetime(2025, 9, 12, 16, 49, 37, 764962)
trans_gpc-10072-gsu,1.0375154442797976,0.00014410821454159442,5.450388508576598e-13,0.0010764412984817246,1.0375154142887724,7.275957614183426e-12,1.887004018667942e-14,5.163792023497232e-13,datetime.datetime(2025, 9, 12, 16, 49, 37, 764962)
trans_gpc-10076-gsu,1.0366916579041918,0.00014399379277120814,2.06422359934344e-12,0.0010747344595646946,1.0366916279369796,3.865352482534945e-12,-7.848093610037892e-14,-5.271612308930983e-13,datetime.datetime(2025, 9, 12, 16, 49, 37, 764962)
trans_reg_c0362-cyp-reg_a,1.003519270671173,136.04416688957278,637.5119534334652,-748.1179117728225,1.0316587558088892,132.7277934087514,-637.2821407366736,752.1569277878865,datetime.datetime(2025, 9, 12, 16, 49, 37, 764962)
trans_reg_c0362-cyp-reg_b,1.003519270671173,126.78608038896282,479.47998124400095,-796.1166627590461,1.0316587558088892,126.00061653395403,-479.2803821371826,799.6271192844475,datetime.datetime(2025, 9, 12, 16, 49, 37, 764962)
trans_reg_c0362-cyp-reg_c,1.003519270671173,125.24238717959297,359.4382771560107,-839.9021623090313,1.0316587558088892,123.69834985069777,-359.24350867458924,843.3280265541908,datetime.datetime(2025, 9, 12, 16, 49, 37, 764962)
trans_gpc-00550-gsu,1.0373445317224084,2.1612671463578528e-05,-6.237581219765977e-14,0.00016141323735177152,1.0373445172672253,1.3642420526593924e-12,2.4926179222164197e-13,-2.647350208240381e-13,datetime.datetime(2025, 9, 12, 16, 50, 37, 764962)
trans_8695-c0362-cyp,1.032784060273966,8.313447283865822e-05,0.00017653061636051112,0.000592412014409439,1.0327840413568345,0.0006492411496544798,-0.0001765306156898097,-5.80232056028859e-05,datetime.datetime(2025, 9, 12, 16, 50, 37, 764962)
trans_8208-c0362-cyp,1.0343827045622842,0.00021550962639576402,3.2319452322737704e-13,0.0016049236087579534,1.0343826747842018,1.094224796738606e-11,5.187671067631926e-13,6.693473309639349e-13,datetime.datetime(2025, 9, 12, 16, 50, 37, 764962)
trans_8208-c0362-cyp_1,1.0343827045622842,0.00021550962639576402,3.2319452322737704e-13,0.0016049236087579534,1.0343826747842018,1.094224796738606e-11,5.187671067631926e-13,6.693473309639349e-13,datetime.datetime(2025, 9, 12, 16, 50, 37, 764962)
trans_860267-c0362-cyp,1.0321382038311242,0.0014439486413161005,0.010024063247123422,0.003827411958514826,1.03213788137121,0.03688937055151999,-0.01002406218323368,-0.0032947498495118827,datetime.datetime(2025, 9, 12, 16, 50, 37, 764962)
trans_gpc-10080-gsu,1.0368620036237768,0.0001440174535024551,9.082169113994175e-13,0.0010750873211972495,1.0368619736516402,2.5011104298755527e-12,2.606402800489962e-13,2.6232025853726277e-13,datetime.datetime(2025, 9, 12, 16, 50, 37, 764962)
trans_860708-c0362-cyp,1.03483414225087,1.617027656357332e-05,3.096449722062716e-13,0.00012047437208435286,1.0348341285066522,3.787476846108755e-12,-1.7252472625566184e-13,-4.851283069494301e-13,datetime.datetime(2025, 9, 12, 16, 50, 37, 764962)
trans_gpc-10072-gsu,1.0376637393497,0.00014412881252238977,1.8571012297408097e-12,0.0010767500509075,1.037663709354388,7.503331289626658e-12,3.037455837735163e-14,-1.803602090643133e-12,datetime.datetime(2025, 9, 12, 16, 50, 37, 764962)
trans_gpc-10076-gsu,1.0368614147957451,0.00014401737190082445,1.1233730005250075e-12,0.0010750860990989956,1.0368613848236254,1.094224796738606e-11,-1.9741368534149246e-13,-2.8413901645082612e-12,datetime.datetime(2025, 9, 12, 16, 50, 37, 764962)
trans_reg_c0362-cyp-reg_a,1.0025030751562793,135.74837397258196,633.4487658069867,-747.4629923698647,1.0306183953322783,132.43921724906932,-633.2199513501705,751.4845042531621,datetime.datetime(2025, 9, 12, 16, 50, 37, 764962)
trans_reg_c0362-cyp-reg_b,1.0025030751562793,126.79351663318343,478.6685788319155,-796.9494173524025,1.0306183953322783,126.00800858774969,-478.46895630776476,800.4602927749369,datetime.datetime(2025, 9, 12, 16, 50, 37, 764962)
trans_reg_c0362-cyp-reg_c,1.0025030751562793,125.10031055542974,327.75232727326824,-852.6373495313584,1.0306183953322783,123.55806250389169,-327.55800037855863,856.055521925279,datetime.datetime(2025, 9, 12, 16, 50, 37, 764962)
trans_gpc-00550-gsu,1.0379650040135158,2.1625598842099156e-05,-1.1055015410044162e-14,0.00016160667606857987,1.0379649895496867,3.992019346168095e-12,-2.975319505109604e-13,-1.0032641527799473e-12,datetime.datetime(2025, 9, 12, 16, 51, 37, 764962)
trans_8695-c0362-cyp,1.0332553141466716,0.00023128302359760406,0.001402916311262809,0.0009959942747201794,1.0332552605272582,0.005157249744024216,-0.0014029162851865937,-0.00046111614531915506,datetime.datetime(2025, 9, 12, 16, 51, 37, 764962)
trans_8208-c0362-cyp,1.034883326635315,0.00021561392892484858,2.156360345492714e-12,0.001606481364570657,1.0348832968428203,4.092726157978177e-12,-3.8866091381398075e-13,9.035918986439644e-13,datetime.datetime(2025, 9, 12, 16, 51, 37, 764962)
trans_8208-c0362-cyp_1,1.034883326635315,0.00021561392892484858,2.156360345492714e-12,0.001606481364570657,1.0348832968428203,4.092726157978177e-12,-3.8866091381398075e-13,9.035918986439644e-13,datetime.datetime(2025, 9, 12, 16, 51, 37, 764962)
trans_860267-c0362-cyp,1.0326023521523584,0.0012734162086084399,0.008822593586910135,0.0034329868623387107,1.0326020664363824,0.032453179033038446,-0.008822592762586304,-0.0028998456380959436,datetime.datetime(2025, 9, 12, 16, 51, 37, 764962)
trans_gpc-10080-gsu,1.037491012686832,0.00014410482147015122,1.6762938936237816e-12,0.001076395149480212,1.0374909826965129,7.275957614183426e-12,4.831156911571525e-13,-1.9617173373330035e-12,datetime.datetime(2025, 9, 12, 16, 51, 37, 764962)
trans_860708-c0362-cyp,1.0353376615607182,1.6178144479205163e-05,-3.4492145034245574e-14,0.0001205919204316296,1.0353376478098124,2.8358353927159395e-12,1.0134861651463006e-13,-7.781203078315603e-13,datetime.datetime(2025, 9, 12, 16, 51, 37, 764962)
trans_gpc-10072-gsu,1.038281363367825,0.0001442145985289389,8.157833384508928e-13,0.0010780334963602,1.0382813333546597,7.712461265755273e-12,-8.760868967264232e-13,1.7033863219786396e-12,datetime.datetime(2025, 9, 12, 16, 51, 37, 764962)
trans_gpc-10076-gsu,1.0374904640994709,0.0001441047454687674,3.9675910820657917e-13,0.0010763940122220567,1.0374904341091677,5.4569682106375694e-12,4.1456020663505007e-13,-1.3214064998809443e-12,datetime.datetime(2025, 9, 12, 16, 51, 37, 764962)
trans_reg_c0362-cyp-reg_a,1.0041975921744917,132.56987138029604,564.1861035105995,-774.8045106042786,1.0324832679923035,129.33834799702996,-563.9678785866555,778.6407661739362,datetime.datetime(2025, 9, 12, 16, 51, 37, 764962)
trans_reg_c0362-cyp-reg_b,1.0041975921744917,125.58085033355913,436.89449924392744,-809.6215178367167,1.0324832679923035,124.80292639392766,-436.6986767693371,813.0658639456856,datetime.datetime(2025, 9, 12, 16, 51, 37, 764962)
trans_reg_c0362-cyp-reg_c,1.0041975921744917,124.99300954946742,298.5629120477869,-862.6081073635287,1.0324832679923035,123.4521137820686,-298.36891832039737,866.0204554107688,datetime.datetime(2025, 9, 12, 16, 51, 37, 764962)
trans_gpc-00550-gsu,1.0383823364576135,2.1634293773820472e-05,-1.2969810598770227e-13,0.00016173648276834415,1.038382321987969,3.360573799707263e-12,1.0503534017297785e-13,-7.877405774761151e-13,datetime.datetime(2025, 9, 12, 16, 52, 37, 764962)
trans_8695-c0362-cyp,1.0336062675241127,0.00012032824549154504,0.0005414372632539581,0.0007131870954672926,1.033606238279924,0.001989679408825114,-0.0005414372577505998,-0.00017794560562741466,datetime.datetime(2025, 9, 12, 16, 52, 37, 764962)
trans_8208-c0362-cyp,1.0352507205338937,0.00021569047444166238,2.6660436584086123e-12,0.0016076220755886165,1.0352506907308225,9.094947017729282e-12,-4.0708447953961797e-13,2.3598989866440404e-12,datetime.datetime(2025, 9, 12, 16, 52, 37, 764962)
trans_8208-c0362-cyp_1,1.0352507205338937,0.00021569047444166238,2.6660436584086123e-12,0.0016076220755886165,1.0352506907308225,9.094947017729282e-12,-4.0708447953961797e-13,2.3598989866440404e-12,datetime.datetime(2025, 9, 12, 16, 52, 37, 764962)
trans_860267-c0362-cyp,1.0329499063298142,0.001081511378110453,0.00746741897674969,0.0029878900848300666,1.032949661983902,0.027459002121805694,-0.007467418384208165,-0.0024543913454071276,datetime.datetime(2025, 9, 12, 16, 52, 37, 764962)
trans_gpc-10080-gsu,1.0378819718632488,0.00014415912442752215,1.6829474758228712e-12,0.0010772058081985813,1.0378819418616283,9.552663713428823e-12,2.2885516032967743e-13,-1.4910974215462933e-13,datetime.datetime(2025, 9, 12, 16, 52, 37, 764962)
trans_860708-c0362-cyp,1.0357033137585783,1.6183858165558655e-05,3.202650471212376e-14,0.00012067709848718469,1.0357033000028162,2.529101408439979e-12,1.8148246728800902e-13,-5.978512616197706e-13,datetime.datetime(2025, 9, 12, 16, 52, 37, 764962)
trans_gpc-10072-gsu,1.0387095246554585,0.00014427406960740768,1.7396714225431653e-12,0.0010789217167328548,1.0387094946299165,4.092726157978177e-12,-1.1915673684821642e-13,5.336567555715132e-13,datetime.datetime(2025, 9, 12, 16, 52, 37, 764962)
trans_gpc-10076-gsu,1.0378815644231147,0.0001441590679693835,1.2533413092097323e-12,0.0010772049642167097,1.0378815344215062,7.283056116166653e-12,4.177338380347911e-13,-1.9601841610925774e-12,datetime.datetime(2025, 9, 12, 16, 52, 37, 764962)
trans_reg_c0362-cyp-reg_a,1.0049124631041675,131.17998521535415,527.9596508493772,-788.6739100088056,1.0332815288916322,127.98241546883438,-527.7459776364784,792.4305363942128,datetime.datetime(2025, 9, 12, 16, 52, 37, 764962)
trans_reg_c0362-cyp-reg_b,1.0049124631041675,124.72244177564134,392.00335216556806,-825.7492804271649,1.0332815288916322,123.94990548665736,-391.8101975238193,829.1469552846714,datetime.datetime(2025, 9, 12, 16, 52, 37, 764962)
trans_reg_c0362-cyp-reg_c,1.0049124631041675,124.95513310202155,271.8706723103808,-870.740154258922,1.0332815288916322,123.41472658401945,-271.67679610179476,874.1504333503558,datetime.datetime(2025, 9, 12, 16, 52, 37, 764962)
trans_gpc-00550-gsu,1.0384520681738885,2.1635746557101504e-05,1.8232255223800397e-13,0.0001617585862704553,1.0384520537032726,3.1973872292607096e-12,3.8469802567312563e-13,-7.310032607177134e-13,datetime.datetime(2025, 9, 12, 16, 53, 37, 764962)
trans_8695-c0362-cyp,1.0335613623584337,0.0002312544158321233,0.0014030320212778753,0.0009963507031977732,1.033561308743452,0.005156136226103814,-0.0014030319943275343,-0.0004611544346940487,datetime.datetime(2025, 9, 12, 16, 53, 37, 764962)
trans_8208-c0362-cyp,1.0351534714130315,0.00021567021219762856,5.353267672897345e-13,0.0016073235435701638,1.0351534416127603,1.7565715551413413e-11,7.786474552788317e-13,2.090076642530388e-12,datetime.datetime(2025, 9, 12, 16, 53, 37, 764962)
trans_8208-c0362-cyp_1,1.0351534714130315,0.00021567021219762856,5.353267672897345e-13,0.0016073235435701638,1.0351534416127603,1.7565715551413413e-11,7.786474552788317e-13,2.090076642530388e-12,datetime.datetime(2025, 9, 12, 16, 53, 37, 764962)
trans_860267-c0362-cyp,1.0329125399861774,0.0008322581564178596,0.0057016933608404164,0.0024075167885471054,1.0329123494230954,0.02096685791224768,-0.005701693013402835,-0.0018740570102171823,datetime.datetime(2025, 9, 12, 16, 53, 37, 764962)
trans_gpc-10080-gsu,1.0379994535956498,0.0001441754419707586,1.5446366598975693e-12,0.0010774518424545864,1.0379994235906336,9.094947017729282e-12,1.1687743658686767e-13,1.6803249700398045e-12,datetime.datetime(2025, 9, 12, 16, 53, 37, 764962)
trans_860708-c0362-cyp,1.035635760138889,1.6182802497817115e-05,-3.380078560794031e-13,0.0001206616193694117,1.0356357463840242,1.6196067066670504e-12,6.104459108279307e-14,3.401846762124982e-13,datetime.datetime(2025, 9, 12, 16, 53, 37, 764962)
trans_gpc-10072-gsu,1.038753353179253,0.00014428015696989248,1.406286745039842e-12,0.0010790153347724472,1.038753323152444,1.137165311697468e-11,5.00201820269927e-13,7.690865871618041e-13,datetime.datetime(2025, 9, 12, 16, 53, 37, 764962)
trans_gpc-10076-gsu,1.0379989608919058,0.00014417537403875542,3.413650681571845e-12,0.0010774508230888221,1.0379989308869035,1.1779845222435605e-11,-1.027930616500037e-12,-2.832148928566219e-12,datetime.datetime(2025, 9, 12, 16, 53, 37, 764962)
trans_reg_c0362-cyp-reg_a,1.0049917559564856,130.79789190169046,517.250420907066,-792.5286169823905,1.0333815397105488,127.60965664666712,-517.0379905970117,796.2634956242629,datetime.datetime(2025, 9, 12, 16, 53, 37, 764962)
trans_reg_c0362-cyp-reg_b,1.0049917559564856,124.94906273408372,409.8781201559146,-817.9381142097268,1.0333815397105488,124.17509486223356,-409.68426299492904,821.3480504548552,datetime.datetime(2025, 9, 12, 16, 53, 37, 764962)
trans_reg_c0362-cyp-reg_c,1.0049917559564856,125.08294390126882,269.76448295112095,-873.148493293196,1.0333815397105488,123.54096338572442,-269.5702099233263,876.5657451743932,datetime.datetime(2025, 9, 12, 16, 53, 37, 764962)
trans_gpc-00550-gsu,1.0368054252925234,2.1601439523021655e-05,-1.3614088242158705e-13,0.00016124594348529634,1.0368054108448528,3.879508255590406e-12,7.99267369635782e-14,-1.0730306364325395e-12,datetime.datetime(2025, 9, 12, 16, 54, 37, 764962)
trans_8695-c0362-cyp,1.0316495187101042,0.00012018467610482562,0.0005400957052096255,0.0007107372984518947,1.0316494895003994,0.0019885335046088025,-0.0005400957000528266,-0.00017752087352648467,datetime.datetime(2025, 9, 12, 16, 54, 37, 764962)
trans_8208-c0362-cyp,1.0333044659791846,0.00021528497920961275,1.4980911997031221e-12,0.0016015831161081391,1.0333044362321426,1.0913936421275139e-11,-1.3938783946442164e-12,2.481566874976362e-12,datetime.datetime(2025, 9, 12, 16, 54, 37, 764962)
trans_8208-c0362-cyp_1,1.0333044659791846,0.00021528497920961275,1.4980911997031221e-12,0.0016015831161081391,1.0333044362321426,1.0913936421275139e-11,-1.3938783946442164e-12,2.481566874976362e-12,datetime.datetime(2025, 9, 12, 16, 54, 37, 764962)
trans_860267-c0362-cyp,1.0309880193521577,0.0009652860564028795,0.00663218447872823,0.002711366239479796,1.0309878000958144,0.024434162725897726,-0.006632184008353003,-0.0021798934649361395,datetime.datetime(2025, 9, 12, 16, 54, 37, 764962)
trans_gpc-10080-gsu,1.0363698158097012,0.0001439490900198472,1.1142457234658564e-12,0.0010740684849202518,1.036369785851792,3.637978807091713e-12,-2.7195758157706573e-14,-1.0429610017010525e-12,datetime.datetime(2025, 9, 12, 16, 54, 37, 764962)
trans_860708-c0362-cyp,1.0337796967720572,1.6153799783391386e-05,-4.907122547930312e-13,0.00012022927075657369,1.0337796830418438,2.4230881193699087e-12,2.837078221922146e-13,-5.852287550441997e-13,datetime.datetime(2025, 9, 12, 16, 54, 37, 764962)
trans_gpc-10072-gsu,1.0370975854812616,0.0001440501753042325,2.3703886197629087e-12,0.0010755790963981834,1.0370975555023152,1.4984872224695792e-11,-6.092525304836531e-13,-4.1455533225480866e-12,datetime.datetime(2025, 9, 12, 16, 54, 37, 764962)
trans_gpc-10076-gsu,1.0363693491883905,0.0001439490252628833,1.632514285213049e-12,0.0010740675139482192,1.0363693192304948,1.541072552754409e-11,-9.957412596236087e-14,-4.418252959948598e-12,datetime.datetime(2025, 9, 12, 16, 54, 37, 764962)
trans_reg_c0362-cyp-reg_a,1.0050277309607063,128.75840537675018,497.61651908083036,-787.6396342029038,1.027100764965457,126.39059433451827,-497.41066174933127,791.2593782760953,datetime.datetime(2025, 9, 12, 16, 54, 37, 764962)
trans_reg_c0362-cyp-reg_b,1.0050277309607063,124.41112144243176,372.6863194034351,-831.8752942640074,1.027100764965457,123.64054000872251,-372.4941277858926,835.2561072653682,datetime.datetime(2025, 9, 12, 16, 54, 37, 764962)
trans_reg_c0362-cyp-reg_c,1.0050277309607063,125.10968034454832,257.48404284177434,-876.6819866772948,1.027100764965457,123.56737836872051,-257.2896867408293,880.1006791190675,datetime.datetime(2025, 9, 12, 16, 54, 37, 764962)
trans_gpc-00550-gsu,1.0369841816183039,2.1605163867306762e-05,3.4671450823212106e-13,0.00016130135211341195,1.0369841671681426,3.0118397378908688e-12,-7.118046956294431e-14,-7.120628265125963e-13,datetime.datetime(2025, 9, 12, 16, 55, 37, 764962)
trans_8695-c0362-cyp,1.0318895538366102,8.30622624049986e-05,0.00017622686508171026,0.0005913850007409955,1.031889534935954,0.000648682058519918,-0.00017622686429546905,-5.7920723682867966e-05,datetime.datetime(2025, 9, 12, 16, 55, 37, 764962)
trans_8208-c0362-cyp,1.0335574163224877,0.00021533768092412824,1.1190707388530896e-12,0.0016023664757125976,1.033557386568164,9.094947017729282e-12,-4.0994040295097587e-13,2.3472184510848947e-12,datetime.datetime(2025, 9, 12, 16, 55, 37, 764962)
trans_8208-c0362-cyp_1,1.0335574163224877,0.00021533768092412824,1.1190707388530896e-12,0.0016023664757125976,1.033557386568164,9.094947017729282e-12,-4.0994040295097587e-13,2.3472184510848947e-12,datetime.datetime(2025, 9, 12, 16, 55, 37, 764962)
trans_860267-c0362-cyp,1.0312264974814183,0.0010226567503720107,0.00703926723113384,0.0028454163030603137,1.0312262658458253,0.025927948587759868,-0.007039266702560068,-0.002313697545820898,datetime.datetime(2025, 9, 12, 16, 55, 37, 764962)
trans_gpc-10080-gsu,1.0365636293785625,0.00014397601026323257,1.427600388598238e-12,0.0010744683995020303,1.0365635994150508,1.137165311697468e-11,-6.347985720573728e-13,-2.570217798536991e-12,datetime.datetime(2025, 9, 12, 16, 55, 37, 764962)
trans_860708-c0362-cyp,1.0340204370929795,1.6157561552146964e-05,-2.713215887855877e-13,0.00012028520923832044,1.034020423359569,2.529101408439979e-12,4.044108508289058e-13,-5.422019299128852e-13,datetime.datetime(2025, 9, 12, 16, 55, 37, 764962)
trans_gpc-10072-gsu,1.0372672233250386,0.00014407373742187415,2.085787211350554e-12,0.0010759301738576276,1.0372671933411886,7.275957614183426e-12,-5.181488876099282e-13,1.5080563715207255e-13,datetime.datetime(2025, 9, 12, 16, 55, 37, 764962)
trans_gpc-10076-gsu,1.036563181848073,0.00014397594787967104,1.435702681740203e-12,0.0010744674664441797,1.0365631518845744,4.294757632123564e-12,-1.6539803593396238e-13,-1.1613830252395847e-12,datetime.datetime(2025, 9, 12, 16, 55, 37, 764962)
trans_reg_c0362-cyp-reg_a,1.0051067645798928,128.08216982461659,477.41108707803545,-794.4297789810965,1.027214598029016,125.72683229820905,-477.20738632208565,798.0117862609603,datetime.datetime(2025, 9, 12, 16, 55, 37, 764962)
trans_reg_c0362-cyp-reg_b,1.0051067645798928,124.14955334359891,340.61308666433797,-844.0195366720325,1.027214598029016,123.38063259767137,-340.4217022810086,847.3862443574758,datetime.datetime(2025, 9, 12, 16, 55, 37, 764962)
trans_reg_c0362-cyp-reg_c,1.0051067645798928,125.26887943588271,232.1494952829888,-884.8082879039578,1.027214598029016,123.72463007490097,-231.9546442167614,888.2356384296764,datetime.datetime(2025, 9, 12, 16, 55, 37, 764962)
trans_gpc-00550-gsu,1.0386446206133149,2.1639758442387715e-05,5.630221315208739e-13,0.0001618176747964468,1.0386446061400154,2.8638263712803657e-12,2.993923591519976e-14,-7.808099674807386e-13,datetime.datetime(2025, 9, 12, 16, 56, 37, 764962)
trans_8695-c0362-cyp,1.0334616739830358,0.00023108648732102541,0.0014016801354080006,0.0009958015428496228,1.0334616204037106,0.0051516789836340195,-0.001401680109644523,-0.0004607099741335746,datetime.datetime(2025, 9, 12, 16, 56, 37, 764962)
trans_8208-c0362-cyp,1.035025472366388,0.00021564354456917492,2.2597297609505683e-12,0.0016069218849599572,1.0350254425698013,1.6058815389890133e-11,-4.677533300633148e-13,4.04227145171836e-12,datetime.datetime(2025, 9, 12, 16, 56, 37, 764962)
trans_8208-c0362-cyp_1,1.035025472366388,0.00021564354456917492,2.2597297609505683e-12,0.0016069218849599572,1.0350254425698013,1.6058815389890133e-11,-4.677533300633148e-13,4.04227145171836e-12,datetime.datetime(2025, 9, 12, 16, 56, 37, 764962)
trans_860267-c0362-cyp,1.0328150237880875,0.0008323484347779697,0.005701797916670411,0.0024074477902852913,1.032814833206623,0.020969280305692825,-0.005701797568443234,-0.0018740902308176139,datetime.datetime(2025, 9, 12, 16, 56, 37, 764962)
trans_gpc-10080-gsu,1.0382424372954113,0.0001442091923249767,3.3941608516829816e-12,0.0010779502253853883,1.038242407283371,7.932736439215277e-12,-5.618224396486656e-13,-2.0598618674115613e-12,datetime.datetime(2025, 9, 12, 16, 56, 37, 764962)
trans_860708-c0362-cyp,1.0355426096392122,1.6181346934306146e-05,-3.683383893032796e-15,0.00012063959147567751,1.0355425958855846,2.8271599903875092e-12,1.4192746829853926e-13,-7.307661925227711e-13,datetime.datetime(2025, 9, 12, 16, 56, 37, 764962)
trans_gpc-10072-gsu,1.0389159690098344,0.00014430274381850323,1.2417811189047167e-12,0.0010793482288457357,1.038915938978325,9.10204551971251e-12,-1.514153353791993e-13,-4.0382225276553e-13,datetime.datetime(2025, 9, 12, 16, 56, 37, 764962)
trans_gpc-10076-gsu,1.0382419894057975,0.00014420912990965033,1.1670062485813482e-12,0.0010779492967807759,1.03824195939377,1.042381204654519e-11,2.3267350338781632e-12,-8.342362528231326e-13,datetime.datetime(2025, 9, 12, 16, 56, 37, 764962)
trans_reg_c0362-cyp-reg_a,1.010008386529203,128.34628466540013,467.4322114080582,-807.7916212635016,1.0322510993102467,125.98611556991239,-467.2276696537762,811.3885150795253,datetime.datetime(2025, 9, 12, 16, 56, 37, 764962)
trans_reg_c0362-cyp-reg_b,1.010008386529203,125.88313948456756,390.3361062436426,-833.1006243787122,1.0322510993102467,124.33116325235265,-390.1393398166991,836.5615184515223,datetime.datetime(2025, 9, 12, 16, 56, 37, 764962)
trans_reg_c0362-cyp-reg_c,1.010008386529203,125.31238081202537,381.89244761011383,-828.6955628157639,1.0322510993102467,123.76744934891904,-381.6974614177036,832.1251740692838,datetime.datetime(2025, 9, 12, 16, 56, 37, 764962)
trans_gpc-00550-gsu,1.0400787016167732,2.1669636923836357e-05,-1.922599776865014e-13,0.00016226481587664624,1.0400786871234906,4.080055057329255e-12,5.101419456098025e-13,-9.17777586801009e-13,datetime.datetime(2025, 9, 12, 16, 57, 37, 764962)
trans_8695-c0362-cyp,1.034487697269016,0.00012064098001776542,0.0005441503651162866,0.0007150072591462219,1.0344876679484434,0.0019979679356813425,-0.0005441503615008604,-0.0001788536058581375,datetime.datetime(2025, 9, 12, 16, 57, 37, 764962)
trans_8208-c0362-cyp,1.0361670770666276,0.00021588139367122888,3.465803781119159e-12,0.0016104667671903766,1.036167047237176,9.549694368615746e-12,-4.552913723723176e-13,1.5425922891880522e-12,datetime.datetime(2025, 9, 12, 16, 57, 37, 764962)
trans_8208-c0362-cyp_1,1.0361670770666276,0.00021588139367122888,3.465803781119159e-12,0.0016104667671903766,1.036167047237176,9.549694368615746e-12,-4.552913723723176e-13,1.5425922891880522e-12,datetime.datetime(2025, 9, 12, 16, 57, 37, 764962)
trans_860267-c0362-cyp,1.0338166686734935,0.0007758243330077025,0.0053060030791230615,0.0022783901645784927,1.033816490290897,0.01949480746909151,-0.00530600277763644,-0.0017439987882700376,datetime.datetime(2025, 9, 12, 16, 57, 37, 764962)
trans_gpc-10080-gsu,1.039710596362802,0.00014441311568138664,2.369133420693226e-12,0.0010809992533323423,1.0397105663083224,5.4569682106375694e-12,9.59621594675739e-13,-1.187386698671785e-12,datetime.datetime(2025, 9, 12, 16, 57, 37, 764962)
trans_860708-c0362-cyp,1.0366673002443212,1.61989213124243e-05,-1.4956497260305842e-13,0.00012090166138627023,1.0366672864757562,2.9431866801130944e-12,2.5838082593763904e-13,-3.946957370205335e-13,datetime.datetime(2025, 9, 12, 16, 57, 37, 764962)
trans_gpc-10072-gsu,1.0403310078526804,0.00014449928937215815,2.4791360232062633e-12,0.0010822909861663125,1.0403309777802667,7.30786208804975e-12,-2.4651859550036804e-13,-2.088714212773448e-12,datetime.datetime(2025, 9, 12, 16, 57, 37, 764962)
trans_gpc-10076-gsu,1.03971014233868,0.00014441305279702695,1.3144804567738476e-12,0.001080998310672603,1.0397101122842136,7.712461265755273e-12,-1.0589012477104892e-12,-3.86645674739415e-13,datetime.datetime(2025, 9, 12, 16, 57, 37, 764962)
trans_reg_c0362-cyp-reg_a,1.0081604623678182,126.53407779051078,394.42637107936594,-829.415203140695,1.030483268906283,124.2073462341551,-394.227564492673,832.9116699419347,datetime.datetime(2025, 9, 12, 16, 57, 37, 764962)
trans_reg_c0362-cyp-reg_b,1.0081604623678182,125.32085087984154,305.55824523261043,-865.0527601658912,1.030483268906283,123.77590816855698,-305.36323253547516,868.4830249241942,datetime.datetime(2025, 9, 12, 16, 57, 37, 764962)
trans_reg_c0362-cyp-reg_c,1.0081604623678182,125.13857080765803,239.35681924877986,-881.309548313733,1.030483268906283,123.59592355271033,-239.1623733587552,884.7297862924573,datetime.datetime(2025, 9, 12, 16, 57, 37, 764962)
trans_gpc-00550-gsu,1.0386633690318339,2.1640148971540584e-05,-4.419207903262612e-14,0.0001618242978432119,1.038663354558273,3.880672360450449e-12,1.5139132910871117e-13,-5.498606597383251e-13,datetime.datetime(2025, 9, 12, 16, 58, 37, 764962)
trans_8695-c0362-cyp,1.032783295139015,8.313438456985328e-05,0.00017653109863213727,0.0005924122842112916,1.0327832762219102,0.0006492413547601239,-0.00017653109865258058,-5.802296379164711e-05,datetime.datetime(2025, 9, 12, 16, 58, 37, 764962)
trans_8208-c0362-cyp,1.034521873142155,0.00021553862152195666,1.3703091578110004e-12,0.001605359390986777,1.0345218433600663,7.733674309882967e-12,2.300946184325878e-13,2.2016625943061334e-12,datetime.datetime(2025, 9, 12, 16, 58, 37, 764962)
trans_8208-c0362-cyp_1,1.034521873142155,0.00021553862152195666,1.3703091578110004e-12,0.001605359390986777,1.0345218433600663,7.733674309882967e-12,2.300946184325878e-13,2.2016625943061334e-12,datetime.datetime(2025, 9, 12, 16, 58, 37, 764962)
trans_860267-c0362-cyp,1.0320997620766035,0.0005833621894975869,0.003931899042488186,0.0018249706478339813,1.0320996253481372,0.014470211335082365,-0.003931898875524719,-0.0012923526635791865,datetime.datetime(2025, 9, 12, 16, 58, 37, 764962)
trans_gpc-10080-gsu,1.0383281725269444,0.00014422110056497897,1.023169941133384e-12,0.0010781326850702476,1.038328142512426,5.4569682106375694e-12,-4.3465070372816817e-13,7.910683089026034e-13,datetime.datetime(2025, 9, 12, 16, 58, 37, 764962)
trans_860708-c0362-cyp,1.0350167399791674,1.6173129778447838e-05,-3.712715464926353e-13,0.00012051718285794947,1.0350167262325245,4.228068423939758e-12,1.0388319309794134e-14,-9.84123725160184e-13,datetime.datetime(2025, 9, 12, 16, 58, 37, 764962)
trans_gpc-10072-gsu,1.0388857990827542,0.00014429855371657049,1.7231745318840865e-12,0.001079290093390528,1.0388857690521165,1.137165311697468e-11,-6.403176808049091e-13,-3.1095356811093254e-12,datetime.datetime(2025, 9, 12, 16, 58, 37, 764962)
trans_gpc-10076-gsu,1.038327851143784,0.0001442210560471625,2.007095727465935e-12,0.0010781320171443956,1.0383278211292748,3.865352482534945e-12,-6.076744254584246e-13,-8.896369455977262e-13,datetime.datetime(2025, 9, 12, 16, 58, 37, 764962)
trans_reg_c0362-cyp-reg_a,1.0080871062551107,125.98803594687708,351.1395869563444,-844.2847271933595,1.0304819488485564,123.67140140082557,-350.94249242880255,847.7512317018534,datetime.datetime(2025, 9, 12, 16, 58, 37, 764962)
trans_reg_c0362-cyp-reg_b,1.0080871062551107,123.7878827164226,264.95997812652826,-866.4898097331779,1.0304819488485564,123.02127323447152,-264.7697070857773,869.836981699833,datetime.datetime(2025, 9, 12, 16, 58, 37, 764962)
trans_reg_c0362-cyp-reg_c,1.0080871062551107,126.15397428264896,176.52245385360268,-904.5270542221556,1.0304819488485564,124.59883224759066,-176.32483956726486,908.0027767608523,datetime.datetime(2025, 9, 12, 16, 58, 37, 764962)
trans_gpc-00550-gsu,1.03890544696358,2.164519257672742e-05,2.803851790501856e-14,0.00016190010635281412,1.038905432486646,3.865352482534945e-12,6.874578525654516e-13,-5.659338364783826e-13,datetime.datetime(2025, 9, 12, 16, 59, 37, 764962)
trans_8695-c0362-cyp,1.032830247832723,0.00023079973626519373,0.001398892864476649,0.0009942370981882139,1.0328301943164628,0.005144568773315675,-0.001398892838242796,-0.00045979775899521256,datetime.datetime(2025, 9, 12, 16, 59, 37, 764962)
trans_8208-c0362-cyp,1.0345494350130953,0.00021554436358828727,1.8893219306745367e-12,0.0016054488366344893,1.0345494052302129,1.906290133860226e-11,-4.526894559246157e-13,5.315656454286875e-12,datetime.datetime(2025, 9, 12, 16, 59, 37, 764962)
trans_8208-c0362-cyp_1,1.0345494350130953,0.00021554436358828727,1.8893219306745367e-12,0.0016054488366344893,1.0345494052302129,1.906290133860226e-11,-4.526894559246157e-13,5.315656454286875e-12,datetime.datetime(2025, 9, 12, 16, 59, 37, 764962)
trans_860267-c0362-cyp,1.032148208311481,0.0007171980795754755,0.004882177614881944,0.002137366995928881,1.0321480426167555,0.01796655080370417,-0.004882177358676524,-0.0016046971069520956,datetime.datetime(2025, 9, 12, 16, 59, 37, 764962)
trans_gpc-10080-gsu,1.0386043300718275,0.00014425945806379768,1.6853541487740764e-12,0.0010787089258753918,1.0386043000493264,1.1350440072846986e-11,-1.055485396906858e-12,-6.238337529975988e-13,datetime.datetime(2025, 9, 12, 16, 59, 37, 764962)
trans_860708-c0362-cyp,1.0350686055984604,1.6173940194524986e-05,-5.541950344814528e-13,0.00012052955343267427,1.0350685918511282,2.682257053342332e-12,6.180215195143911e-13,-1.1999958455704606e-13,datetime.datetime(2025, 9, 12, 16, 59, 37, 764962)
trans_gpc-10072-gsu,1.0391090290287803,0.00014432955935002767,1.9130541300399482e-12,0.0010797563070421643,1.0391089989916902,5.886373360226189e-12,5.258267607758874e-13,-3.885888893267146e-13,datetime.datetime(2025, 9, 12, 16, 59, 37, 764962)
trans_gpc-10076-gsu,1.0386040552924312,0.00014425941989816156,1.5033052615243125e-12,0.0010787083542679093,1.0386040252699378,5.6843418860808015e-12,1.4916388343953573e-13,6.333144841613026e-13,datetime.datetime(2025, 9, 12, 16, 59, 37, 764962)
trans_reg_c0362-cyp-reg_a,1.0087751831064131,125.93616344595286,331.04767209250355,-852.6286605692088,1.0312205951024798,123.62050584313822,-330.8507397931273,856.0923503856103,datetime.datetime(2025, 9, 12, 16, 59, 37, 764962)
trans_reg_c0362-cyp-reg_b,1.0087751831064131,123.6941482435979,265.92600625194655,-864.7518982188125,1.0312205951024798,122.92811814262708,-265.73602325730843,868.0940027041834,datetime.datetime(2025, 9, 12, 16, 59, 37, 764962)
trans_reg_c0362-cyp-reg_c,1.0087751831064131,126.159738171669,177.7690808963488,-904.5251392738361,1.0312205951024798,124.60452486727638,-177.57144855223885,908.001185208944,datetime.datetime(2025, 9, 12, 16, 59, 37, 764962)
trans_gpc-00550-gsu,1.0392809439298079,2.1653015855980057e-05,3.9547261299066636e-14,0.00016201675329053186,1.0392809294476415,2.9558577807620168e-12,1.4507021771073541e-13,-2.0255701465714486e-13,datetime.datetime(2025, 9, 12, 17, 0, 37, 764962)
trans_8695-c0362-cyp,1.0330661384212176,0.00012060083106505532,0.0005437330545741018,0.0007134004331609066,1.0330661091104107,0.0019991797281058345,-0.0005437330488067328,-0.0001787179889317598,datetime.datetime(2025, 9, 12, 17, 0, 37, 764962)
trans_8208-c0362-cyp,1.0348265159334964,0.00021560209277465215,9.947088291939468e-14,0.001606305949477448,1.0348264861426373,1.0601847179252563e-11,8.484014438848077e-13,2.2050534376419642e-12,datetime.datetime(2025, 9, 12, 17, 0, 37, 764962)
trans_8208-c0362-cyp_1,1.0348265159334964,0.00021560209277465215,9.947088291939468e-14,0.001606305949477448,1.0348264861426373,1.0601847179252563e-11,8.484014438848077e-13,2.2050534376419642e-12,datetime.datetime(2025, 9, 12, 17, 0, 37, 764962)
trans_860267-c0362-cyp,1.0323754092631423,0.0005836300110402628,0.003934798837689171,0.0018262086920539096,1.0323752724738837,0.01447700617638735,-0.003934798669005082,-0.0012933057831477426,datetime.datetime(2025, 9, 12, 17, 0, 37, 764962)
trans_gpc-10080-gsu,1.0389913296195366,0.00014431321147136388,1.9822575516789677e-12,0.0010795104267010875,1.0389912995858486,3.865352482534945e-12,5.4216343824017574e-14,-5.282618436695463e-13,datetime.datetime(2025, 9, 12, 17, 0, 37, 764962)
trans_860708-c0362-cyp,1.0353404474002106,1.617818800263123e-05,-7.54003579407983e-14,0.00012059264513290382,1.035340433649268,1.8469803821102827e-12,-7.123496069239073e-14,-4.858487375305026e-13,datetime.datetime(2025, 9, 12, 17, 0, 37, 764962)
trans_gpc-10072-gsu,1.039478904567738,0.00014438093424724299,1.3779341279107627e-12,0.0010805225005927743,1.0394788745199557,7.275957614183426e-12,-3.743597387660089e-13,3.7949458047040827e-13,datetime.datetime(2025, 9, 12, 17, 0, 37, 764962)
trans_gpc-10076-gsu,1.0389910567534766,0.00014431317365403915,1.959773059979908e-12,0.001079509859968336,1.0389910267197962,9.53145066930113e-12,-4.789298912075551e-13,-1.9493143013639517e-12,datetime.datetime(2025, 9, 12, 17, 0, 37, 764962)
trans_reg_c0362-cyp-reg_a,1.009092268898821,125.90465669257128,315.46527864593696,-858.5785059047788,1.0315713672043543,123.58959473930338,-315.2684448459078,862.0404833655913,datetime.datetime(2025, 9, 12, 17, 0, 37, 764962)
trans_reg_c0362-cyp-reg_b,1.009092268898821,124.00872043469528,232.90548605342605,-877.2135470861875,1.0315713672043543,123.24076313973639,-232.71453548904927,880.5726075631251,datetime.datetime(2025, 9, 12, 17, 0, 37, 764962)
trans_reg_c0362-cyp-reg_c,1.009092268898821,126.39457215824596,162.39085939638957,-908.6656393954478,1.0315713672043543,124.83646593924666,-162.1924906179916,912.1545551192469,datetime.datetime(2025, 9, 12, 17, 0, 37, 764962)
trans_gpc-00550-gsu,1.0393041727037353,2.165349990345475e-05,1.6747810169942533e-14,0.0001620242685817142,1.0393041582212452,3.992019346168095e-12,-1.6026625383107685e-13,-1.0073643121995397e-12,datetime.datetime(2025, 9, 12, 17, 1, 37, 764962)
trans_8695-c0362-cyp,1.0331011346570493,8.315996927176336e-05,0.0001766401538210091,0.000592778256408012,1.0331011157341223,0.0006494411568450685,-0.00017664015249832315,-5.805880928640847e-05,datetime.datetime(2025, 9, 12, 17, 1, 37, 764962)
trans_8208-c0362-cyp,1.034869594016764,0.00021561106764853374,1.921278862566933e-12,0.0016064420310957814,1.034869564224665,1.4239825986344276e-11,-3.2744602866447444e-14,3.7816393531807535e-12,datetime.datetime(2025, 9, 12, 17, 1, 37, 764962)
trans_8208-c0362-cyp_1,1.034869594016764,0.00021561106764853374,1.921278862566933e-12,0.0016064420310957814,1.034869564224665,1.4239825986344276e-11,-3.2744602866447444e-14,3.7816393531807535e-12,datetime.datetime(2025, 9, 12, 17, 1, 37, 764962)
trans_860267-c0362-cyp,1.032409243168753,0.0007172672414569353,0.004883850491193723,0.0021381846834252977,1.03240907745646,0.01796816645179293,-0.004883850234011559,-0.0016052454918450195,datetime.datetime(2025, 9, 12, 17, 1, 37, 764962)
trans_gpc-10080-gsu,1.0390202084628692,0.00014431722277581945,2.171098977682417e-12,0.001079572397478087,1.0390201784283464,4.092726157978177e-12,-1.0467820415979926e-12,-5.096768159934661e-13,datetime.datetime(2025, 9, 12, 17, 1, 37, 764962)
trans_860708-c0362-cyp,1.0353764890760055,1.617875122455648e-05,-1.0847874486706598e-13,0.00012060121683000966,1.0353764753245842,2.2737367544323206e-12,2.3785068656816275e-13,-5.548864687200771e-13,datetime.datetime(2025, 9, 12, 17, 1, 37, 764962)
trans_gpc-10072-gsu,1.039495082095658,0.00014438318142873872,2.2347840938907734e-12,0.0010805578243942694,1.0394950520474084,7.733674309882967e-12,-1.1244587496916473e-12,-3.8773487698195937e-13,datetime.datetime(2025, 9, 12, 17, 1, 37, 764962)
trans_gpc-10076-gsu,1.0390199926451833,0.00014431719226893274,-1.0844478093297028e-13,0.0010795719448431357,1.0390199626106666,8.16011011465851e-12,3.5462860109260373e-13,2.0667011688900683e-12,datetime.datetime(2025, 9, 12, 17, 1, 37, 764962)
trans_reg_c0362-cyp-reg_a,1.009562780829427,125.93709628559313,304.6382013474583,-863.181891842158,1.0320710667040678,123.62144849704788,-304.44126608845346,866.6456613744633,datetime.datetime(2025, 9, 12, 17, 1, 37, 764962)
trans_reg_c0362-cyp-reg_b,1.009562780829427,123.95893773615519,231.89997230112536,-876.731250895181,1.0320710667040678,123.1912893105163,-231.70917501743585,880.0876151739901,datetime.datetime(2025, 9, 12, 17, 1, 37, 764962)
trans_reg_c0362-cyp-reg_c,1.009562780829427,126.33289189059357,165.41580854285817,-907.6543997300212,1.0320710667040678,124.77554570620218,-165.21763332469277,911.1399277825532,datetime.datetime(2025, 9, 12, 17, 1, 37, 764962)
trans_gpc-00550-gsu,1.0392511838985763,2.1652395910281205e-05,3.1594836447622344e-13,0.00016200816359590573,1.0392511694168245,3.240551411661186e-12,-1.9567352174476134e-13,-9.090863931963151e-13,datetime.datetime(2025, 9, 12, 17, 2, 37, 764962)
trans_8695-c0362-cyp,1.0329700379307745,0.000230685545514203,0.0013982018466356125,0.0009941468027807603,1.0329699844380091,0.0051413183269577245,-0.0013982018216338902,-0.000459562383559897,datetime.datetime(2025, 9, 12, 17, 2, 37, 764962)
trans_8208-c0362-cyp,1.034714294352642,0.00021557871126830523,2.762426076947932e-12,0.0016059619022580785,1.0347142645650136,1.6068285184661995e-11,-1.9324765149283027e-13,4.557203940057881e-12,datetime.datetime(2025, 9, 12, 17, 2, 37, 764962)
trans_8208-c0362-cyp_1,1.034714294352642,0.00021557871126830523,2.762426076947932e-12,0.0016059619022580785,1.0347142645650136,1.6068285184661995e-11,-1.9324765149283027e-13,4.557203940057881e-12,datetime.datetime(2025, 9, 12, 17, 2, 37, 764962)
trans_860267-c0362-cyp,1.0322818085381182,0.00041258818210295584,0.002715032868754027,0.0014251994861082084,1.0322817089217755,0.009990099308623848,-0.002715032786151489,-0.0008923924152510241,datetime.datetime(2025, 9, 12, 17, 2, 37, 764962)
trans_gpc-10080-gsu,1.038967555182638,0.00014430990935447095,1.80313701123036e-12,0.0010794656651852241,1.0389675251496373,9.123258563840204e-12,1.7738600125953453e-13,-1.6979008354296614e-12,datetime.datetime(2025, 9, 12, 17, 2, 37, 764962)
trans_860708-c0362-cyp,1.0352374440652525,1.6176578511853093e-05,-1.7624137815374503e-13,0.00012056898369603241,1.035237430315678,1.3642420526593924e-12,8.496419481292428e-15,-1.929942266192398e-13,datetime.datetime(2025, 9, 12, 17, 2, 37, 764962)
trans_gpc-10072-gsu,1.0394431355420235,0.00014437596604837451,6.658463797687419e-13,0.0010804524962890326,1.0394431054952753,5.4569682106375694e-12,4.672647914248184e-13,7.785478962587479e-13,datetime.datetime(2025, 9, 12, 17, 2, 37, 764962)
trans_gpc-10076-gsu,1.0389674196334024,0.0001443098901113901,1.216404574289065e-12,0.0010794653799742534,1.0389673896004055,7.73070496506989e-12,-1.0276468692034479e-13,1.809912721829711e-12,datetime.datetime(2025, 9, 12, 17, 2, 37, 764962)
trans_reg_c0362-cyp-reg_a,1.0089189345035674,125.8964461110957,316.2225926156169,-858.0688614389117,1.0313930586711852,123.58153411153188,-316.0257844884671,861.5303836328765,datetime.datetime(2025, 9, 12, 17, 2, 37, 764962)
trans_reg_c0362-cyp-reg_b,1.0089189345035674,123.72726998001804,256.0186399809872,-867.9121007638724,1.0313930586711852,122.96104178037875,-255.82855521793653,871.2559836238958,datetime.datetime(2025, 9, 12, 17, 2, 37, 764962)
trans_reg_c0362-cyp-reg_c,1.0089189345035674,126.44186687140842,165.30848412587923,-909.1659697993276,1.0313930586711852,124.88317717725873,-165.10996686790452,912.6575089914625,datetime.datetime(2025, 9, 12, 17, 2, 37, 764962)
trans_gpc-00550-gsu,1.0393599283147692,2.165466158695371e-05,-2.7251350069763816e-13,0.00016204174953398588,1.0393599138315022,3.1705603555563264e-12,7.8390293160576e-13,-4.3380036989571713e-13,datetime.datetime(2025, 9, 12, 17, 3, 37, 764962)
trans_8695-c0362-cyp,1.0331090991068634,0.00012073147794348295,0.0005448560175382857,0.0007138149469099958,1.0331090697643674,0.002003221825184318,-0.0005448560137579988,-0.00017908708549367516,datetime.datetime(2025, 9, 12, 17, 3, 37, 764962)
trans_8208-c0362-cyp,1.0348745370563897,0.00021561209735950895,1.0153341526916714e-12,0.0016064579192690961,1.0348745072641483,1.8628768979819047e-11,-2.6549865277085205e-13,5.201851610477919e-12,datetime.datetime(2025, 9, 12, 17, 3, 37, 764962)
trans_8208-c0362-cyp_1,1.0348745370563897,0.00021561209735950895,1.0153341526916714e-12,0.0016064579192690961,1.0348745072641483,1.8628768979819047e-11,-2.6549865277085205e-13,5.201851610477919e-12,datetime.datetime(2025, 9, 12, 17, 3, 37, 764962)
trans_860267-c0362-cyp,1.0324169121193238,0.0006653439231661793,0.004515442579767844,0.0020171036159125563,1.0324167576367456,0.01661263052486297,-0.004515442359672012,-0.0014841565923090108,datetime.datetime(2025, 9, 12, 17, 3, 37, 764962)
trans_gpc-10080-gsu,1.0390742121550878,0.0001443247233322272,2.3393516308117813e-12,0.0010796854647157057,1.039074182119004,1.8193445882198885e-11,-1.6143598628226908e-12,1.2330197851234657e-12,datetime.datetime(2025, 9, 12, 17, 3, 37, 764962)
trans_860708-c0362-cyp,1.0353879306110632,1.617892997712149e-05,-1.8774174706179258e-13,0.00012060392538395487,1.0353879168594904,4.309400224279509e-12,-3.307916229084097e-13,-1.1807906635529062e-12,datetime.datetime(2025, 9, 12, 17, 3, 37, 764962)
trans_gpc-10072-gsu,1.0395495064612026,0.00014439074074096948,8.40481423174111e-13,0.0010806715816556113,1.0395494764113795,8.134767913360665e-12,1.0420431547121304e-12,-5.495165077886969e-13,datetime.datetime(2025, 9, 12, 17, 3, 37, 764962)
trans_gpc-10076-gsu,1.0390739755021892,0.00014432469074292974,1.877267773522928e-12,0.001079684975137221,1.039073945466112,5.6843418860808015e-12,-1.42727800619334e-12,-2.4045454553438756e-13,datetime.datetime(2025, 9, 12, 17, 3, 37, 764962)
trans_reg_c0362-cyp-reg_a,1.0097704598502233,125.96882337140731,302.42856377946424,-864.4024176841957,1.0322875862284018,123.65259421548687,-302.2315292777947,867.867931196331,datetime.datetime(2025, 9, 12, 17, 3, 37, 764962)
trans_reg_c0362-cyp-reg_b,1.0097704598502233,123.98981848397749,228.40345443161235,-877.8797008759847,1.0322875862284018,123.2219806699303,-228.21256207014702,881.2377290238438,datetime.datetime(2025, 9, 12, 17, 3, 37, 764962)
trans_reg_c0362-cyp-reg_c,1.0097704598502233,126.25403829216967,167.98859082881478,-906.426745433075,1.0322875862284018,124.69766391920282,-167.79066292518314,909.9079391005573,datetime.datetime(2025, 9, 12, 17, 3, 37, 764962)
trans_gpc-00550-gsu,1.0395870986307443,2.1659394488049517e-05,-8.257755438646764e-14,0.00016211242001603842,1.0395870841443118,2.2737367544323206e-12,-1.2271213298480682e-13,-4.584079179717584e-13,datetime.datetime(2025, 9, 12, 17, 4, 37, 764962)
trans_8695-c0362-cyp,1.033209250805484,8.316867191487213e-05,0.00017667707405330274,0.0005929021526122016,1.0332092318805766,0.0006495091288386247,-0.00017667707370675983,-5.807094661476359e-05,datetime.datetime(2025, 9, 12, 17, 4, 37, 764962)
trans_8208-c0362-cyp,1.0349924787452338,0.00021563667050553313,1.3200599398299762e-12,0.0016068230818026838,1.034992448949597,1.2435033586764875e-11,-5.210208868820748e-13,-6.64785698829478e-13,datetime.datetime(2025, 9, 12, 17, 4, 37, 764962)
trans_8208-c0362-cyp_1,1.0349924787452338,0.00021563667050553313,1.3200599398299762e-12,0.0016068230818026838,1.034992448949597,1.2435033586764875e-11,-5.210208868820748e-13,-6.64785698829478e-13,datetime.datetime(2025, 9, 12, 17, 4, 37, 764962)
trans_860267-c0362-cyp,1.0325135034741155,0.0004128923834254319,0.0027177659336969128,0.0014263303783830113,1.0325134037895383,0.00999791842757612,-0.0027177658519739363,-0.0008932848083243812,datetime.datetime(2025, 9, 12, 17, 4, 37, 764962)
trans_gpc-10080-gsu,1.0393236312033325,0.00014435936706101146,1.2925974266636554e-12,0.001080202512261374,1.0393236011600389,1.1779845222435605e-11,-8.281231557203038e-14,-1.2828517757393467e-12,datetime.datetime(2025, 9, 12, 17, 4, 37, 764962)
trans_860708-c0362-cyp,1.0355056706122825,1.6180769746228343e-05,-1.3538617199982531e-13,0.00012063127607306063,1.0355056568591456,2.529101408439979e-12,1.685378055593118e-13,-1.7605825091604412e-13,datetime.datetime(2025, 9, 12, 17, 4, 37, 764962)
trans_gpc-10072-gsu,1.0397613651224822,0.00014442016772163956,1.5463847095192886e-12,0.0010811110658269455,1.039761335066535,1.4995517381921926e-11,-6.490674523747899e-13,-3.6370534083483176e-12,datetime.datetime(2025, 9, 12, 17, 4, 37, 764962)
trans_gpc-10076-gsu,1.0393234153636872,0.00014435933709005665,1.719221607958399e-12,0.0010802020637162046,1.0393233853203994,6.341120711112653e-12,-6.60321142352134e-13,-3.6396015319116883e-13,datetime.datetime(2025, 9, 12, 17, 4, 37, 764962)
trans_reg_c0362-cyp-reg_a,1.0097365160518679,125.96089662410525,295.92331111796784,-866.5575866842624,1.0322637756097592,123.64481901078254,-295.7263014037492,870.0226654331825,datetime.datetime(2025, 9, 12, 17, 4, 37, 764962)
trans_reg_c0362-cyp-reg_b,1.0097365160518679,124.13878349688757,218.31721204069547,-881.7502435148508,1.0322637756097592,123.37002774676745,-218.1258607092537,885.1163108234604,datetime.datetime(2025, 9, 12, 17, 4, 37, 764962)
trans_reg_c0362-cyp-reg_c,1.0097365160518679,126.46510740666079,158.17674025212526,-909.7714695483254,1.0322637756097592,124.90613190988866,-157.9781500097788,913.2642550467523,datetime.datetime(2025, 9, 12, 17, 4, 37, 764962)
trans_gpc-00550-gsu,1.0389913987522694,2.1646983401810595e-05,2.0958956597171007e-13,0.0001619264089156295,1.0389913842741374,3.865352482534945e-12,-2.0831677489183141e-13,-9.774201807287116e-13,datetime.datetime(2025, 9, 12, 17, 5, 37, 764962)
trans_8695-c0362-cyp,1.0328893390999083,0.0002305219912134315,0.0013969046559681414,0.0009936307861870058,1.0328892856419378,0.005136962655101221,-0.0013969046304056283,-0.0004591317324788355,datetime.datetime(2025, 9, 12, 17, 5, 37, 764962)
trans_8208-c0362-cyp,1.034616897585393,0.00021555841942446052,6.626383825328319e-13,0.0016056537964351577,1.0346168678005685,1.2227494071338842e-11,1.9560469788843026e-12,2.8364736004983702e-12,datetime.datetime(2025, 9, 12, 17, 5, 37, 764962)
trans_8208-c0362-cyp_1,1.034616897585393,0.00021555841942446052,6.626383825328319e-13,0.0016056537964351577,1.0346168678005685,1.2227494071338842e-11,1.9560469788843026e-12,2.8364736004983702e-12,datetime.datetime(2025, 9, 12, 17, 5, 37, 764962)
trans_860267-c0362-cyp,1.0322066102701448,0.0006649954884481449,0.00451208278499147,0.0020157742963715546,1.0322064558654336,0.016603688463198575,-0.004512082566448755,-0.0014830457846991035,datetime.datetime(2025, 9, 12, 17, 5, 37, 764962)
trans_gpc-10080-gsu,1.0386867427276232,0.00014427090503424042,2.9508592201688e-12,0.0010788770258685467,1.0386867127027397,3.865352482534945e-12,-4.755260781850345e-13,-8.93653847777061e-13,datetime.datetime(2025, 9, 12, 17, 5, 37, 764962)
trans_860708-c0362-cyp,1.0351308054176644,1.6174912081140135e-05,-2.7882581324096404e-13,0.00012054370458535996,1.0351307916695065,1.6599558602469573e-12,-6.990489165053266e-14,-4.683360666443061e-13,datetime.datetime(2025, 9, 12, 17, 5, 37, 764962)
trans_gpc-10072-gsu,1.0391954720702532,0.00014434156622670317,1.1259814625824705e-12,0.0010799327266110131,1.039195442030664,1.094224796738606e-11,-1.8237820348426836e-13,-2.854456615410311e-12,datetime.datetime(2025, 9, 12, 17, 5, 37, 764962)
trans_gpc-10076-gsu,1.038686360315143,0.00014427085207823973,-2.0874348777288884e-13,0.0010788762323356521,1.0386863302902707,3.865352482534945e-12,5.422064614923617e-14,-5.281518503657699e-13,datetime.datetime(2025, 9, 12, 17, 5, 37, 764962)
trans_reg_c0362-cyp-reg_a,1.0088240821607597,125.9748504044316,335.71278380329016,-851.1523563799341,1.0312628918940692,123.65847632737798,-335.51573050009785,854.6181653151682,datetime.datetime(2025, 9, 12, 17, 5, 37, 764962)
trans_reg_c0362-cyp-reg_b,1.0088240821607597,123.91941725039311,244.85208361766422,-873.4507090429782,1.0312628918940692,123.15200649068076,-244.6614079851628,876.8049643592158,datetime.datetime(2025, 9, 12, 17, 5, 37, 764962)
trans_reg_c0362-cyp-reg_c,1.0088240821607597,126.06706273329404,176.65095145732266,-903.3368070592078,1.0312628918940692,124.51299222802797,-176.45360936271692,906.8077469339898,datetime.datetime(2025, 9, 12, 17, 5, 37, 764962)
trans_gpc-00550-gsu,1.0382166482081725,2.1630841725717102e-05,-1.3810325409299718e-13,0.00016168556486730642,1.038216633740837,2.9694953097817298e-12,1.0732078750688555e-13,-7.504553870008837e-13,datetime.datetime(2025, 9, 12, 17, 6, 37, 764962)
trans_8695-c0362-cyp,1.032594090748504,0.00012079684497284289,0.0005453911613146943,0.0007134539110358802,1.0325940613902973,0.002006186217770164,-0.0005453911568619925,-0.00017925927828581206,datetime.datetime(2025, 9, 12, 17, 6, 37, 764962)
trans_8208-c0362-cyp,1.034296194639921,0.00021549160225731485,1.4966899525292733e-12,0.0016046623076109603,1.0342961648643287,1.9048704334635803e-11,3.383186111005955e-12,8.707375799138517e-13,datetime.datetime(2025, 9, 12, 17, 6, 37, 764962)
trans_8208-c0362-cyp_1,1.034296194639921,0.00021549160225731485,1.4966899525292733e-12,0.0016046623076109603,1.0342961648643287,1.9048704334635803e-11,3.383186111005955e-12,8.707375799138517e-13,datetime.datetime(2025, 9, 12, 17, 6, 37, 764962)
trans_860267-c0362-cyp,1.0319202623500359,0.0005837086202681651,0.0039337223863831206,0.001825385770381995,1.031920125548291,0.014479410480990856,-0.003933722216769613,-0.0012929519489341935,datetime.datetime(2025, 9, 12, 17, 6, 37, 764962)
trans_gpc-10080-gsu,1.0378706355366216,0.0001441575497799988,8.679791798499314e-13,0.0010771857474030867,1.037870605535329,1.3165882821149935e-11,-4.4371945044295263e-13,6.786041332951156e-13,datetime.datetime(2025, 9, 12, 17, 6, 37, 764962)
trans_860708-c0362-cyp,1.0347828594334805,1.616947513182316e-05,-3.347062838476508e-13,0.00012046296970278844,1.0347828456899435,2.7844660624476367e-12,9.371697463225667e-15,-1.5667591463075343e-13,datetime.datetime(2025, 9, 12, 17, 6, 37, 764962)
trans_gpc-10072-gsu,1.0384514068683968,0.00014423821750698766,1.458143793209299e-12,0.0010783904003462347,1.0384513768503159,1.1350440072846986e-11,-5.301612413775517e-13,-1.0137247479068265e-12,datetime.datetime(2025, 9, 12, 17, 6, 37, 764962)
trans_gpc-10076-gsu,1.037870254504993,0.0001441574970151652,7.855329199613071e-13,0.0010771849565084667,1.0378702245037115,7.712461265755273e-12,-8.984852923880146e-13,4.278378788537963e-13,datetime.datetime(2025, 9, 12, 17, 6, 37, 764962)
trans_reg_c0362-cyp-reg_a,1.0085495254850558,126.08211719629809,354.6470328081099,-844.0134974708875,1.030949462696463,123.76374879266176,-354.4496438171084,847.4851709220573,datetime.datetime(2025, 9, 12, 17, 6, 37, 764962)
trans_reg_c0362-cyp-reg_b,1.0085495254850558,123.61421533263253,284.915534781733,-858.0724663217268,1.030949462696463,122.84866575589253,-284.72579726937516,861.410274533716,datetime.datetime(2025, 9, 12, 17, 6, 37, 764962)
trans_reg_c0362-cyp-reg_c,1.0085495254850558,125.75881124772751,198.39866783884528,-897.0122588796053,1.030949462696463,124.20853576186174,-198.20228962972556,900.466348946184,datetime.datetime(2025, 9, 12, 17, 6, 37, 764962)
trans_gpc-00550-gsu,1.0360669515984156,2.158605361315563e-05,2.5761723483619383e-14,0.0001610157972674605,1.0360669371610356,2.3017277329967468e-12,2.9684906303521747e-13,-5.592287841511787e-13,datetime.datetime(2025, 9, 12, 17, 7, 37, 764962)
trans_8695-c0362-cyp,1.0316961430159395,0.00023015871959696562,0.0013929546939078958,0.0009911055299042216,1.0316960896397245,0.005128382116966687,-0.0013929546664820228,-0.0004578418507814678,datetime.datetime(2025, 9, 12, 17, 7, 37, 764962)
trans_8208-c0362-cyp,1.0332520645165812,0.0002152740614074876,-1.8889561789747843e-14,0.0016014164495087462,1.0332520347710477,1.6087126936001054e-11,1.603412684622466e-12,4.248550331977328e-12,datetime.datetime(2025, 9, 12, 17, 7, 37, 764962)
trans_8208-c0362-cyp_1,1.0332520645165812,0.0002152740614074876,-1.8889561789747843e-14,0.0016014164495087462,1.0332520347710477,1.6087126936001054e-11,1.603412684622466e-12,4.248550331977328e-12,datetime.datetime(2025, 9, 12, 17, 7, 37, 764962)
trans_860267-c0362-cyp,1.031060807951455,0.0009067725562015982,0.006218893863727603,0.0025755975948870647,1.0310606013212629,0.022909946728487174,-0.006218893448844,-0.002044051040453385,datetime.datetime(2025, 9, 12, 17, 7, 37, 764962)
trans_gpc-10080-gsu,1.0354313402254538,0.0001438187378968803,2.2260356162540073e-12,0.0010721256715390188,1.0354313102946728,3.637978807091713e-12,5.411316796799566e-13,8.901809056131287e-13,datetime.datetime(2025, 9, 12, 17, 7, 37, 764962)
trans_860708-c0362-cyp,1.0337051236827752,1.615263444365317e-05,-3.533869705110021e-13,0.00012021159734467305,1.0337051099535524,3.211222434769675e-12,4.865561402543278e-13,-2.1375365172964083e-13,datetime.datetime(2025, 9, 12, 17, 7, 37, 764962)
trans_gpc-10072-gsu,1.036435261828836,0.0001439581803469437,2.931152699031658e-12,0.0010742005054349183,1.036435231869035,1.317652797837607e-11,-1.595773331595926e-12,-1.160052395852238e-12,datetime.datetime(2025, 9, 12, 17, 7, 37, 764962)
trans_gpc-10076-gsu,1.0354286839529532,0.00014381836916454164,2.0591968581673557e-12,0.0010721201926424948,1.0354286540222488,7.705362763772045e-12,7.739570013509568e-14,-1.1655698910124793e-13,datetime.datetime(2025, 9, 12, 17, 7, 37, 764962)
trans_reg_c0362-cyp-reg_a,1.0076277869121306,127.777470415604,453.4471129515223,-808.478573877828,1.0298398579714056,125.42778103302798,-453.2443801539803,812.0437293364889,datetime.datetime(2025, 9, 12, 17, 7, 37, 764962)
trans_reg_c0362-cyp-reg_b,1.0076277869121306,123.91616987060685,339.99702979349917,-841.0658538170574,1.0298398579714056,123.14869514927423,-339.8063642837505,844.4199327706147,datetime.datetime(2025, 9, 12, 17, 7, 37, 764962)
trans_reg_c0362-cyp-reg_c,1.0076277869121306,124.6826448830385,278.01098200218007,-865.78602560767,1.0298398579714056,123.14559451287658,-277.8179504435053,869.1814893426751,datetime.datetime(2025, 9, 12, 17, 7, 37, 764962)
trans_gpc-00550-gsu,1.0335308170523427,2.153321429340564e-05,2.8019736942989925e-13,0.00016022845373176163,1.0335308026503032,2.8499911657714003e-12,-1.0565686309970711e-13,-8.10165913590814e-13,datetime.datetime(2025, 9, 12, 17, 8, 37, 764962)
trans_8695-c0362-cyp,1.0304917546962262,0.00012063455785399192,0.0005438825428948582,0.0007107840929632543,1.0304917253774724,0.0020047310895551455,-0.0005438825376586743,-0.0001787652890899017,datetime.datetime(2025, 9, 12, 17, 8, 37, 764962)
trans_8208-c0362-cyp,1.0318259507972962,0.0002149769365387411,9.92983185260643e-13,0.0015969979307615808,1.0318259210928182,1.899349315077512e-11,-2.3908494529111003e-13,5.190840112761993e-12,datetime.datetime(2025, 9, 12, 17, 8, 37, 764962)
trans_8208-c0362-cyp_1,1.0318259507972962,0.0002149769365387411,9.92983185260643e-13,0.0015969979307615808,1.0318259210928182,1.899349315077512e-11,-2.3908494529111003e-13,5.190840112761993e-12,datetime.datetime(2025, 9, 12, 17, 8, 37, 764962)
trans_860267-c0362-cyp,1.0299076431751601,0.001403116095030165,0.009714824804671437,0.0037234657787872895,1.0299073295381251,0.03582880179772335,-0.009714823801042103,-0.0031931042371502656,datetime.datetime(2025, 9, 12, 17, 8, 37, 764962)
trans_gpc-10080-gsu,1.0325081617091947,0.00014341271582364048,2.7568450716719542e-12,0.0010660864497057919,1.0325081318629128,4.522131307566796e-12,-1.116997520852903e-12,-6.130596626404622e-13,datetime.datetime(2025, 9, 12, 17, 8, 37, 764962)
trans_860708-c0362-cyp,1.0322740759077453,1.6130273032511584e-05,-1.8861383613809345e-13,0.0001198788871124456,1.0322740621975288,1.5916157281026244e-12,9.735780728962263e-14,-4.3671053872464824e-13,datetime.datetime(2025, 9, 12, 17, 8, 37, 764962)
trans_gpc-10072-gsu,1.0340808083710458,0.00014363115270968015,2.58431076712029e-12,0.001069324394520492,1.034080778479304,9.552663713428823e-12,-5.172787615681125e-13,-1.3120855411574334e-13,datetime.datetime(2025, 9, 12, 17, 8, 37, 764962)
trans_gpc-10076-gsu,1.0325028834965189,0.00014341198292535477,1.7992378923553655e-12,0.0010660756249211017,1.0325028536503895,4.320099833421409e-12,-6.966764040013708e-13,9.135358908381851e-13,datetime.datetime(2025, 9, 12, 17, 8, 37, 764962)
trans_reg_c0362-cyp-reg_a,1.0053050124127587,132.09039077962737,579.0253493266003,-760.7478073142078,1.0272491671771378,129.66113965971235,-578.8087001398657,764.5564160533775,datetime.datetime(2025, 9, 12, 17, 8, 37, 764962)
trans_reg_c0362-cyp-reg_b,1.0053050124127587,125.68763914538683,444.35545311775115,-806.1183594979769,1.0272491671771378,124.90904118152275,-444.1592974822787,809.5685248658662,datetime.datetime(2025, 9, 12, 17, 8, 37, 764962)
trans_reg_c0362-cyp-reg_c,1.0053050124127587,124.84823766788863,358.95002286898847,-836.5585539003316,1.0272491671771378,123.309064561139,-358.7564783601167,839.9629835059308,datetime.datetime(2025, 9, 12, 17, 8, 37, 764962)
trans_gpc-00550-gsu,1.0329877538323442,2.1521899824564726e-05,3.244556338009852e-13,0.00016006073436656228,1.032987739437872,4.654824796261796e-12,1.0156101099021908e-13,-1.1639226389377842e-12,datetime.datetime(2025, 9, 12, 17, 9, 37, 764962)
trans_8695-c0362-cyp,1.030222018188914,0.00022973406364877271,0.0013882727901904717,0.0009880366483322992,1.0302219649092634,0.005118455675002383,-0.0013882727639548257,-0.00045629624556238957,datetime.datetime(2025, 9, 12, 17, 9, 37, 764962)
trans_8208-c0362-cyp,1.0315528090407717,0.00021492002832663735,2.6049673459982436e-12,0.0015961531958231265,1.031552779344157,1.2532800497056124e-11,-5.87991148908775e-13,3.36497685961196e-12,datetime.datetime(2025, 9, 12, 17, 9, 37, 764962)
trans_8208-c0362-cyp_1,1.0315528090407717,0.00021492002832663735,2.6049673459982436e-12,0.0015961531958231265,1.031552779344157,1.2532800497056124e-11,-5.87991148908775e-13,3.36497685961196e-12,datetime.datetime(2025, 9, 12, 17, 9, 37, 764962)
trans_860267-c0362-cyp,1.0296410257464412,0.0015185960768830534,0.010526494525793363,0.003989941537182861,1.029640687233141,0.03883230682440389,-0.010526493349091037,-0.0034598535100941984,datetime.datetime(2025, 9, 12, 17, 9, 37, 764962)
trans_gpc-10080-gsu,1.0318910112558886,0.00014332699549494428,1.4525686122673907e-12,0.0010648205811039672,1.0318909814274464,7.30786208804975e-12,-2.6291746220998116e-13,-2.083564865787863e-12,datetime.datetime(2025, 9, 12, 17, 9, 37, 764962)
trans_860708-c0362-cyp,1.0319824296863132,1.6125715771146535e-05,-9.679314164415253e-14,0.00011981120885985523,1.0319824159799704,2.682257053342332e-12,1.21990553361802e-13,-6.951352032928618e-13,datetime.datetime(2025, 9, 12, 17, 9, 37, 764962)
trans_gpc-10072-gsu,1.0335683514682896,0.00014355997361597126,1.7239665927454298e-12,0.0010682678030493526,1.0335683215913614,4.547473508864641e-13,1.3039924930503508e-13,-4.192793509038632e-15,datetime.datetime(2025, 9, 12, 17, 9, 37, 764962)
trans_gpc-10076-gsu,1.0318851432851774,0.00014332618069863963,1.9344104911639403e-12,0.0010648085802093658,1.031885113456905,5.464066712620797e-12,-5.517029000499076e-13,-1.2923140366655782e-12,datetime.datetime(2025, 9, 12, 17, 9, 37, 764962)
trans_reg_c0362-cyp-reg_a,1.0050079104287748,134.14887655713918,621.6191933393812,-745.4861798538475,1.026872687187086,131.68167413995454,-621.395739207991,749.4138636812669,datetime.datetime(2025, 9, 12, 17, 9, 37, 764962)
trans_reg_c0362-cyp-reg_b,1.0050079104287748,125.99963247009657,452.7638713235528,-804.9997163109917,1.026872687187086,125.21908869440135,-452.5667406691267,808.4669756285008,datetime.datetime(2025, 9, 12, 17, 9, 37, 764962)
trans_reg_c0362-cyp-reg_c,1.0050079104287748,125.12963287023072,391.8916227541822,-822.7044110774061,1.026872687187086,123.58694523450377,-391.6972048733605,826.1240820320177,datetime.datetime(2025, 9, 12, 17, 9, 37, 764962)
trans_gpc-00550-gsu,1.032668830609231,2.1515255031835226e-05,-1.2296389731089595e-13,0.00015996118553556328,1.032668816219203,2.7706308569386717e-12,-3.259472045790116e-14,-7.792391444761345e-13,datetime.datetime(2025, 9, 12, 17, 10, 37, 764962)
trans_8695-c0362-cyp,1.0300647205603621,0.00012066817707932338,0.0005441463626312134,0.0007104310797831678,1.0300646912335005,0.0020065315267545564,-0.0005441463569876552,-0.00017885214915963106,datetime.datetime(2025, 9, 12, 17, 10, 37, 764962)
trans_8208-c0362-cyp,1.0314044199991266,0.00021488911263063313,5.615050525237252e-13,0.001595697554633554,1.0314043903067838,1.0913936421275139e-11,2.3441254329246587e-12,1.9240837118108456e-12,datetime.datetime(2025, 9, 12, 17, 10, 37, 764962)
trans_8208-c0362-cyp_1,1.0314044199991266,0.00021488911263063313,5.615050525237252e-13,0.001595697554633554,1.0314043903067838,1.0913936421275139e-11,2.3441254329246587e-12,1.9240837118108456e-12,datetime.datetime(2025, 9, 12, 17, 10, 37, 764962)
trans_860267-c0362-cyp,1.0294826382762727,0.001709186467392908,0.011868096693037317,0.004430779878007369,1.0294822587067707,0.04378818852269184,-0.011868095198925638,-0.003900851928653626,datetime.datetime(2025, 9, 12, 17, 10, 37, 764962)
trans_gpc-10080-gsu,1.0315339105619181,0.00014327739505322405,8.921551136742423e-13,0.0010640741552696707,1.0315338807437984,4.294757632123564e-12,8.885510550112261e-13,-6.536462351738948e-13,datetime.datetime(2025, 9, 12, 17, 10, 37, 764962)
trans_860708-c0362-cyp,1.0318233148032894,1.6123229433606714e-05,2.9392297645237933e-13,0.00011977449523815082,1.0318233010990598,2.3297187115611726e-12,-2.4485301904379375e-13,-5.149123209895931e-13,datetime.datetime(2025, 9, 12, 17, 10, 37, 764962)
trans_gpc-10072-gsu,1.0332889912903163,0.00014352117137666242,1.1450296630993728e-12,0.0010676877546783093,1.0332889614214633,7.275957614183426e-12,-4.405439787855528e-14,-1.566840013514593e-12,datetime.datetime(2025, 9, 12, 17, 10, 37, 764962)
trans_gpc-10076-gsu,1.031527887353854,0.0001432765583806454,9.832055516967309e-13,0.0010640618107685708,1.0315278575359086,5.886373360226189e-12,-5.526026000459825e-13,-1.4101183672469968e-12,datetime.datetime(2025, 9, 12, 17, 10, 37, 764962)
trans_reg_c0362-cyp-reg_a,1.0036826882963827,135.81197165664574,654.498784875032,-731.2672846903647,1.025458504462564,133.31410452821078,-654.2697560378771,735.2924794122217,datetime.datetime(2025, 9, 12, 17, 10, 37, 764962)
trans_reg_c0362-cyp-reg_b,1.0036826882963827,126.55318988895809,470.9452198518865,-799.8770818482633,1.025458504462564,125.76918584544067,-470.7463533230942,803.3747400152218,datetime.datetime(2025, 9, 12, 17, 10, 37, 764962)
trans_reg_c0362-cyp-reg_c,1.0036826882963827,125.18792846650182,391.3252986469321,-823.7851074865218,1.025458504462564,123.64452292889992,-391.13069957126794,827.2079611263529,datetime.datetime(2025, 9, 12, 17, 10, 37, 764962)
trans_gpc-00550-gsu,1.0343716582934455,2.1550732834301792e-05,-8.95374416970407e-14,0.00016049138643286408,1.034371643879689,2.1537143663862434e-12,3.036423752195157e-13,-5.276133623298315e-13,datetime.datetime(2025, 9, 12, 17, 11, 37, 764962)
trans_8695-c0362-cyp,1.0318741887952811,0.00023000460298046907,0.0013920046144313201,0.0009909781640288582,1.031874135450429,0.005123994200791502,-0.0013920045887338675,-0.0004575297860877314,datetime.datetime(2025, 9, 12, 17, 11, 37, 764962)
trans_8208-c0362-cyp,1.0331438781262883,0.00021525152163592628,7.302682607929212e-13,0.0016010824446507132,1.0331438483838695,1.4804154602993183e-11,9.682959598204982e-15,4.0012265508067074e-12,datetime.datetime(2025, 9, 12, 17, 11, 37, 764962)
trans_8208-c0362-cyp_1,1.0331438781262883,0.00021525152163592628,7.302682607929212e-13,0.0016010824446507132,1.0331438483838695,1.4804154602993183e-11,9.682959598204982e-15,4.0012265508067074e-12,datetime.datetime(2025, 9, 12, 17, 11, 37, 764962)
trans_860267-c0362-cyp,1.0313038870519695,0.0013881499809690703,0.00962207710237006,0.0036944249851678995,1.0313035766243053,0.03543862837967425,-0.009622076121804041,-0.0031626234818833815,datetime.datetime(2025, 9, 12, 17, 11, 37, 764962)
trans_gpc-10080-gsu,1.033186233372463,0.00014350689851315104,1.9694630353644936e-12,0.0010675106378804265,1.0331862035065804,1.1343341570863758e-11,5.561716307791179e-13,-1.3196091852706447e-12,datetime.datetime(2025, 9, 12, 17, 11, 37, 764962)
trans_860708-c0362-cyp,1.03358939532313,1.6150826109781663e-05,-5.430848811025651e-13,0.00012018482637406565,1.0335893815954444,1.3922330312238183e-12,1.8301579804563842e-13,1.9205312013333983e-13,datetime.datetime(2025, 9, 12, 17, 11, 37, 764962)
trans_gpc-10072-gsu,1.0350273706184299,0.00014376262775970476,1.141348732539016e-12,0.0010712930231864426,1.0350273406993262,5.5203646743620325e-12,-6.74476343326784e-13,-7.68143248133604e-13,datetime.datetime(2025, 9, 12, 17, 11, 37, 764962)
trans_gpc-10076-gsu,1.0331798983901803,0.00014350601878197292,8.22714982945394e-13,0.0010674976871188548,1.0331798685244806,5.4569682106375694e-12,4.088173567371868e-13,-1.321345136418695e-12,datetime.datetime(2025, 9, 12, 17, 11, 37, 764962)
trans_reg_c0362-cyp-reg_a,1.0036515283022973,138.64958680563967,682.6729477144789,-733.2684220466839,1.031719846381505,135.26959878010808,-682.4342484894997,737.462955573901,datetime.datetime(2025, 9, 12, 17, 11, 37, 764962)
trans_reg_c0362-cyp-reg_b,1.0036515283022973,128.15579141682838,522.2820886513783,-780.4637458194427,1.031719846381505,127.36175912152999,-522.0781537133744,784.050066996617,datetime.datetime(2025, 9, 12, 17, 11, 37, 764962)
trans_reg_c0362-cyp-reg_c,1.0036515283022973,125.69017147449227,415.6613781217077,-816.3213716706504,1.031719846381505,124.14053782180966,-415.46521454128845,819.7716181749823,datetime.datetime(2025, 9, 12, 17, 11, 37, 764962)
trans_gpc-00550-gsu,1.0343296585218908,2.1549857678513768e-05,6.992030674064785e-14,0.00016047853130454312,1.0343296441087195,2.0463630789890885e-12,5.4941461961097235e-14,-4.511347832609284e-13,datetime.datetime(2025, 9, 12, 17, 12, 37, 764962)
trans_8695-c0362-cyp,1.0319265110333402,0.0002805441965741519,0.001762380622115964,0.001112769603457658,1.0319264471971585,0.006487026613459201,-0.0017623805810823212,-0.0005792670517875434,datetime.datetime(2025, 9, 12, 17, 12, 37, 764962)
trans_8208-c0362-cyp,1.0332038244131636,0.0002152640110829899,1.0976407647383948e-12,0.0016012685585590591,1.033203794669019,4.9768786584532605e-12,3.5257312402347665e-13,1.1542630014957006e-12,datetime.datetime(2025, 9, 12, 17, 12, 37, 764962)
trans_8208-c0362-cyp_1,1.0332038244131636,0.0002152640110829899,1.0976407647383948e-12,0.0016012685585590591,1.033203794669019,4.9768786584532605e-12,3.5257312402347665e-13,1.1542630014957006e-12,datetime.datetime(2025, 9, 12, 17, 12, 37, 764962)
trans_860267-c0362-cyp,1.0313567688247425,0.0014628773066098458,0.01015029381282356,0.00386809742573746,1.0313564422949992,0.03738216464121012,-0.010150292720511944,-0.0033362406941839177,datetime.datetime(2025, 9, 12, 17, 12, 37, 764962)
trans_gpc-10080-gsu,1.0331516475050355,0.00014350209469544842,2.613841910276138e-12,0.0010674417658503065,1.0331516176401525,7.705362763772045e-12,9.874719917406018e-13,3.932214936833461e-13,datetime.datetime(2025, 9, 12, 17, 12, 37, 764962)
trans_860708-c0362-cyp,1.0336355275031959,1.6151546998405313e-05,-5.747648841245013e-14,0.00012019558125534032,1.0336355137748974,3.866837154941483e-12,9.079577290169013e-14,-5.237581154379907e-13,datetime.datetime(2025, 9, 12, 17, 12, 37, 764962)
trans_gpc-10072-gsu,1.0349916983230203,0.00014375767289999023,2.199791274484775e-12,0.0010712201105107743,1.0349916684049478,7.73070496506989e-12,-1.5134123446574283e-13,-1.04608418616412e-12,datetime.datetime(2025, 9, 12, 17, 12, 37, 764962)
trans_gpc-10076-gsu,1.0331452366130354,0.0001435012043799248,2.770909316232584e-12,0.0010674286708812083,1.0331452067483378,9.10204551971251e-12,-1.450023459401301e-12,-1.2746365556313147e-12,datetime.datetime(2025, 9, 12, 17, 12, 37, 764962)
trans_reg_c0362-cyp-reg_a,1.0036878426301699,138.64141433010153,682.7881247195901,-733.1300112370201,1.0317563411721469,135.26162541170356,-682.5494536334668,737.3240535715448,datetime.datetime(2025, 9, 12, 17, 12, 37, 764962)
trans_reg_c0362-cyp-reg_b,1.0036878426301699,127.64952695545557,506.51892103633816,-786.9845153435014,1.0317563411721469,126.85866337929117,-506.31659410733135,790.5427159415502,datetime.datetime(2025, 9, 12, 17, 12, 37, 764962)
trans_reg_c0362-cyp-reg_c,1.0036878426301699,125.55232533801188,412.3318216577794,-816.4168530972631,1.0317563411721469,124.00439602683902,-412.13608810447766,819.8595583929979,datetime.datetime(2025, 9, 12, 17, 12, 37, 764962)
trans_gpc-00550-gsu,1.0340974140982369,2.1545019028077675e-05,1.695522929955756e-13,0.00016040561185183335,1.034097399688302,2.0743540575535147e-12,-1.1503745354649363e-13,-4.2405769423141335e-13,datetime.datetime(2025, 9, 12, 17, 13, 37, 764962)
trans_8695-c0362-cyp,1.0318534570268565,0.0001210034068038961,0.0005471112615046702,0.0007132533673641699,1.031853427618624,0.0020139692569753993,-0.0005471112562344621,-0.0001798270585158763,datetime.datetime(2025, 9, 12, 17, 13, 37, 764962)
trans_8208-c0362-cyp,1.03315580182791,0.00021525400530620847,2.022457487940721e-12,0.0016011189710741372,1.0331557720851479,2.3684692295130204e-11,-4.363088776408143e-13,6.6152908957834705e-12,datetime.datetime(2025, 9, 12, 17, 13, 37, 764962)
trans_8208-c0362-cyp_1,1.03315580182791,0.00021525400530620847,2.022457487940721e-12,0.0016011189710741372,1.0331557720851479,2.3684692295130204e-11,-4.363088776408143e-13,6.6152908957834705e-12,datetime.datetime(2025, 9, 12, 17, 13, 37, 764962)
trans_860267-c0362-cyp,1.0312799720352812,0.001330060777683036,0.0092115978976566,0.0035594813198760117,1.031279674125746,0.03392763923916697,-0.009211596996928,-0.003027705653536294,datetime.datetime(2025, 9, 12, 17, 13, 37, 764962)
trans_gpc-10080-gsu,1.032874190509158,0.00014346355659550642,5.670818536973599e-13,0.0010668596479209871,1.0328741606522953,7.275957614183426e-12,9.33269724943994e-13,1.0252136079178753e-12,datetime.datetime(2025, 9, 12, 17, 13, 37, 764962)
trans_860708-c0362-cyp,1.033568458755518,1.615049892089094e-05,-6.330545976752228e-13,0.00012017989444580372,1.0335684450281104,3.5939465605099982e-12,4.1941912600029713e-13,-4.461056598805424e-13,datetime.datetime(2025, 9, 12, 17, 13, 37, 764962)
trans_gpc-10072-gsu,1.0347861783287573,0.00014372912664351468,1.7803048670689268e-12,0.0010707907272141724,1.0347861484166254,1.157071524630699e-11,-6.876382192777688e-14,-2.4358947071360996e-12,datetime.datetime(2025, 9, 12, 17, 13, 37, 764962)
trans_gpc-10076-gsu,1.0328679821694609,0.00014346269431566992,1.8169099991888205e-12,0.0010668469574376073,1.0328679523127777,8.589515264247129e-12,-7.85422080064549e-14,2.320372984051361e-12,datetime.datetime(2025, 9, 12, 17, 13, 37, 764962)
trans_reg_c0362-cyp-reg_a,1.0024630033953075,140.6311226811223,716.6589406608209,-718.7318930130023,1.0304349539224986,137.20274726164695,-716.4133699965022,723.046634700174,datetime.datetime(2025, 9, 12, 17, 13, 37, 764962)
trans_reg_c0362-cyp-reg_b,1.0024630033953075,127.67580652257713,503.5369141252608,-790.6299402213758,1.0304349539224986,126.88478850945853,-503.33450386720597,794.1896466458418,datetime.datetime(2025, 9, 12, 17, 13, 37, 764962)
trans_reg_c0362-cyp-reg_c,1.0024630033953075,125.46395759778162,409.32774388473325,-816.8548025638444,1.0304349539224986,123.91712184327996,-409.1322857551344,820.2926760540656,datetime.datetime(2025, 9, 12, 17, 13, 37, 764962)
trans_gpc-00550-gsu,1.0334792694703447,2.153214031863929e-05,6.265877903338656e-13,0.00016021348199867435,1.0334792550690235,2.7284841053187847e-12,-3.731544644223068e-13,-6.09147496335215e-13,datetime.datetime(2025, 9, 12, 17, 14, 37, 764962)
trans_8695-c0362-cyp,1.0314018431657177,0.00022975402725962995,0.0013896553811799995,0.000989717023448813,1.0314017898757046,0.005117696200853252,-0.0013896553544476297,-0.0004567576315966437,datetime.datetime(2025, 9, 12, 17, 14, 37, 764962)
trans_8208-c0362-cyp,1.0326466908361693,0.00021514793449875367,1.0352973200955517e-12,0.0015995415143473428,1.0326466611080638,1.094224796738606e-11,1.2838874470480237e-12,3.719315098840941e-13,datetime.datetime(2025, 9, 12, 17, 14, 37, 764962)
trans_8208-c0362-cyp_1,1.0326466908361693,0.00021514793449875367,1.0352973200955517e-12,0.0015995415143473428,1.0326466611080638,1.094224796738606e-11,1.2838874470480237e-12,3.719315098840941e-13,datetime.datetime(2025, 9, 12, 17, 14, 37, 764962)
trans_860267-c0362-cyp,1.0308411471650805,0.0012712442214255467,0.00879249592825561,0.003421276450464766,1.0308408619363834,0.03239782546506728,-0.008792495106903659,-0.0028899539598227246,datetime.datetime(2025, 9, 12, 17, 14, 37, 764962)
trans_gpc-10080-gsu,1.032253854774175,0.000143377393526172,7.321973496260402e-13,0.0010655745784304623,1.0322538249352442,4.294757632123564e-12,-1.0183446124256193e-12,6.56395707657729e-13,datetime.datetime(2025, 9, 12, 17, 14, 37, 764962)
trans_860708-c0362-cyp,1.0330675450926352,1.614267162474238e-05,1.1973358589323358e-13,0.00012006341909734935,1.0330675313718807,2.0463630789890885e-12,-2.5464281799095907e-14,9.224246993118469e-14,datetime.datetime(2025, 9, 12, 17, 14, 37, 764962)
trans_gpc-10072-gsu,1.034172087325161,0.00014364383098728516,5.958708804154611e-13,0.0010695182452423084,1.0341720574307809,5.464066712620797e-12,3.5018871807947703e-13,-7.885881552518615e-13,datetime.datetime(2025, 9, 12, 17, 14, 37, 764962)
trans_gpc-10076-gsu,1.0322475760449266,0.00014337652157157856,1.5054423471716482e-12,0.0010655617445623215,1.0322475462061773,5.464066712620797e-12,-5.558167494392358e-13,-1.2936318706995786e-12,datetime.datetime(2025, 9, 12, 17, 14, 37, 764962)
trans_reg_c0362-cyp-reg_a,1.0011754684735148,144.15801738391534,770.1343272792813,-697.5739433695337,1.0290157979376409,140.64353268189484,-769.8762850347589,702.1068917705753,datetime.datetime(2025, 9, 12, 17, 14, 37, 764962)
trans_reg_c0362-cyp-reg_b,1.0011754684735148,129.33549465185496,547.4329964731714,-776.1463899975228,1.0290157979376409,128.5341064006249,-547.2252897944317,779.7987912849549,datetime.datetime(2025, 9, 12, 17, 14, 37, 764962)
trans_reg_c0362-cyp-reg_c,1.0011754684735148,126.06351060672014,436.4288833873287,-807.8215367845759,1.0290157979376409,124.50923992360339,-436.2315527951902,811.2921826863703,datetime.datetime(2025, 9, 12, 17, 14, 37, 764962)
trans_gpc-00550-gsu,1.0333880387706373,2.1530239457553465e-05,3.0897594378853634e-14,0.0001601854232796538,1.0333880243705873,2.8638263712803657e-12,1.5595714204931504e-13,-7.805598471208526e-13,datetime.datetime(2025, 9, 12, 17, 15, 37, 764962)
trans_8695-c0362-cyp,1.031493525297129,0.000280426459510242,0.001760899181858434,0.0011118351585009607,1.031493461487709,0.006484303469418579,-0.001760899141993251,-0.0005787808945028501,datetime.datetime(2025, 9, 12, 17, 15, 37, 764962)
trans_8208-c0362-cyp,1.0327480987122295,0.00021516906257816872,2.032968146256642e-12,0.0015998557079603844,1.0327480689812045,9.549694368615746e-12,-1.6089041304774415e-12,2.078046391810931e-12,datetime.datetime(2025, 9, 12, 17, 15, 37, 764962)
trans_8208-c0362-cyp_1,1.0327480987122295,0.00021516906257816872,2.032968146256642e-12,0.0015998557079603844,1.0327480689812045,9.549694368615746e-12,-1.6089041304774415e-12,2.078046391810931e-12,datetime.datetime(2025, 9, 12, 17, 15, 37, 764962)
trans_860267-c0362-cyp,1.0309335425805524,0.0014621081719493976,0.010140757975349857,0.003864527045282958,1.0309332162211227,0.03736243356292597,-0.010140756885599081,-0.003333107512646762,datetime.datetime(2025, 9, 12, 17, 15, 37, 764962)
trans_gpc-10080-gsu,1.0321313531060439,0.00014336037848813594,6.946187115081104e-13,0.0010653251302053723,1.0321313232706544,1.1350440072846986e-11,4.989555058419602e-13,-7.876655882552412e-13,datetime.datetime(2025, 9, 12, 17, 15, 37, 764962)
trans_860708-c0362-cyp,1.0331459772541043,1.614389727128049e-05,-4.7643662669585865e-14,0.00012008165969504579,1.0331459635323077,1.1368683772161603e-12,5.4427303439919783e-14,-1.6580509041556177e-13,datetime.datetime(2025, 9, 12, 17, 15, 37, 764962)
trans_gpc-10072-gsu,1.0340886774665525,0.00014363224561789894,6.7733326933328e-13,0.0010693465249067022,1.0340886475745836,1.455901373035008e-11,1.5321047440986797e-12,1.2038756327025284e-13,datetime.datetime(2025, 9, 12, 17, 15, 37, 764962)
trans_gpc-10076-gsu,1.0321249696568968,0.00014335949163544413,1.085092521044273e-12,0.0010653120890919466,1.0321249398216918,1.094224796738606e-11,2.94292918972324e-13,1.4092247026204393e-12,datetime.datetime(2025, 9, 12, 17, 15, 37, 764962)
trans_reg_c0362-cyp-reg_a,1.0015674210302432,143.22565742880903,756.591797532431,-702.9925819424537,1.02944282161114,139.7339355220213,-756.3370822770992,707.4673219252617,datetime.datetime(2025, 9, 12, 17, 15, 37, 764962)
trans_reg_c0362-cyp-reg_b,1.0015674210302432,128.84457112507135,535.5367213574021,-779.9663387739654,1.02944282161114,128.0462489878593,-535.3305884471743,783.591197402329,datetime.datetime(2025, 9, 12, 17, 15, 37, 764962)
trans_reg_c0362-cyp-reg_c,1.0015674210302432,125.90634024317994,431.09394385210294,-809.2612482214124,1.02944282161114,124.35401619031676,-430.8971049854371,812.7232849539254,datetime.datetime(2025, 9, 12, 17, 15, 37, 764962)
trans_gpc-00550-gsu,1.0337007394160556,2.1536754489642226e-05,-9.003098223533956e-14,0.00016028153525155864,1.0337007250116483,2.8638263712803657e-12,7.705766428767803e-14,-2.3631928325591625e-13,datetime.datetime(2025, 9, 12, 17, 16, 37, 764962)
trans_8695-c0362-cyp,1.0316711088754957,0.00012110765430276888,0.0005479950781654548,0.0007133504259844625,1.0316710794421795,0.0020175746904003682,-0.0005479950737155024,-0.000180112821349536,datetime.datetime(2025, 9, 12, 17, 16, 37, 764962)
trans_8208-c0362-cyp,1.032938563939911,0.0002152087450631094,2.7797338025131735e-12,0.0016004459269724535,1.0329385342034028,1.638037442668457e-11,-7.498729383031425e-13,4.289321354435219e-12,datetime.datetime(2025, 9, 12, 17, 16, 37, 764962)
trans_8208-c0362-cyp_1,1.032938563939911,0.0002152087450631094,2.7797338025131735e-12,0.0016004459269724535,1.0329385342034028,1.638037442668457e-11,-7.498729383031425e-13,4.289321354435219e-12,datetime.datetime(2025, 9, 12, 17, 16, 37, 764962)
trans_860267-c0362-cyp,1.0311068103356984,0.0013300063299927709,0.009209694052345504,0.0035586745233376045,1.0311065124399088,0.03392633601793475,-0.009209693152265979,-0.003027077652446524,datetime.datetime(2025, 9, 12, 17, 16, 37, 764962)
trans_gpc-10080-gsu,1.0324819469942998,0.00014340907506624746,1.507411456075358e-12,0.001066037552805653,1.0324819171487758,9.53145066930113e-12,4.523629907015911e-13,3.6955222694995556e-13,datetime.datetime(2025, 9, 12, 17, 16, 37, 764962)
trans_860708-c0362-cyp,1.0333445966636643,1.6147000975663316e-05,-2.0220265349243925e-13,0.00012012782004728809,1.0333445829392298,2.529101408439979e-12,3.5440417976296536e-13,-5.89211809773986e-13,datetime.datetime(2025, 9, 12, 17, 16, 37, 764962)
trans_gpc-10072-gsu,1.0343901921020695,0.00014367412529049808,1.5074131040626603e-12,0.0010699667461418721,1.0343901622013845,1.8189894035458565e-12,-4.5390679693915653e-13,-2.538454531906011e-13,datetime.datetime(2025, 9, 12, 17, 16, 37, 764962)
trans_gpc-10076-gsu,1.032475869080364,0.00014340823055330941,8.363016910928333e-13,0.0010660251031662138,1.0324758392350155,3.637978807091713e-12,-5.027062913345552e-13,9.047924387493934e-13,datetime.datetime(2025, 9, 12, 17, 16, 37, 764962)
trans_reg_c0362-cyp-reg_a,1.0010590512318505,142.47926458007456,746.0937179164608,-705.5597215673237,1.0289366359279768,139.00576144177867,-745.8416505028528,709.9881071211266,datetime.datetime(2025, 9, 12, 17, 16, 37, 764962)
trans_reg_c0362-cyp-reg_b,1.0010590512318505,128.34446040633506,521.2336401419104,-785.632780924428,1.0289366359279768,127.54926635108342,-521.0291042906991,789.2297050944131,datetime.datetime(2025, 9, 12, 17, 16, 37, 764962)
trans_reg_c0362-cyp-reg_c,1.0010590512318505,125.42023929128472,403.5308690024752,-819.9042014616211,1.0289366359279768,123.87395183150483,-403.3355470507093,823.3397099328722,datetime.datetime(2025, 9, 12, 17, 16, 37, 764962)
trans_gpc-00550-gsu,1.034031761713385,2.1543651270005306e-05,-9.516182763666391e-14,0.00016038511016513144,1.0340317473043648,4.028859620527994e-12,4.912087228589111e-13,-7.57905017523973e-13,datetime.datetime(2025, 9, 12, 17, 17, 37, 764962)
trans_8695-c0362-cyp,1.031801857876333,0.00022969779653756774,0.0013896594555829439,0.0009901318515775665,1.0318018045960844,0.005115727035349756,-0.0013896594296095707,-0.0004567589658063036,datetime.datetime(2025, 9, 12, 17, 17, 37, 764962)
trans_8208-c0362-cyp,1.0330464805177526,0.00021523122893623894,-8.841210315940763e-13,0.0016007795803849344,1.0330464507781374,1.9492306488190878e-11,1.5659147680933501e-12,5.1771257426745815e-12,datetime.datetime(2025, 9, 12, 17, 17, 37, 764962)
trans_8208-c0362-cyp_1,1.0330464805177526,0.00021523122893623894,-8.841210315940763e-13,0.0016007795803849344,1.0330464507781374,1.9492306488190878e-11,1.5659147680933501e-12,5.1771257426745815e-12,datetime.datetime(2025, 9, 12, 17, 17, 37, 764962)
trans_860267-c0362-cyp,1.0312393896753946,0.0012717354011163077,0.008799292689340509,0.0034239201075424563,1.0312391043365448,0.032410343452836596,-0.008799291867312284,-0.0028921869404352077,datetime.datetime(2025, 9, 12, 17, 17, 37, 764962)
trans_gpc-10080-gsu,1.0328390878079174,0.00014345868080960775,1.5492870007738358e-12,0.0010667860812445921,1.0328390579520699,3.637978807091713e-12,-8.964568964882397e-13,2.2081647992214182e-14,datetime.datetime(2025, 9, 12, 17, 17, 37, 764962)
trans_860708-c0362-cyp,1.033476580310865,1.614906328317934e-05,-3.780682000104063e-13,0.00012015848628937428,1.0334765665846775,2.2737367544323206e-12,2.26456731198786e-13,-5.518870179323066e-13,datetime.datetime(2025, 9, 12, 17, 17, 37, 764962)
trans_gpc-10072-gsu,1.0346909570362817,0.0001437159007961137,6.669790119512298e-13,0.0010705928505837059,1.0346909271269027,1.0913936421275139e-11,-7.815264187176498e-14,-2.8425125797111987e-12,datetime.datetime(2025, 9, 12, 17, 17, 37, 764962)
trans_gpc-10076-gsu,1.0328327963617834,0.00014345780715154503,9.893845343694752e-13,0.0010667732204406018,1.0328327665061172,5.3722526440582265e-12,1.3403168938810719e-12,-4.016592078505703e-13,datetime.datetime(2025, 9, 12, 17, 17, 37, 764962)
trans_reg_c0362-cyp-reg_a,1.0025644607121647,140.3370153728351,711.871351396296,-720.6372369435088,1.030547927809862,136.91582111825068,-711.626806781154,724.9340264123784,datetime.datetime(2025, 9, 12, 17, 17, 37, 764962)
trans_reg_c0362-cyp-reg_b,1.0025644607121647,127.83412328728733,508.7123904999548,-788.3269893941065,1.030547927809862,127.04211367169407,-508.50947797420577,791.8954738582335,datetime.datetime(2025, 9, 12, 17, 17, 37, 764962)
trans_reg_c0362-cyp-reg_c,1.0025644607121647,125.48009732843855,409.2587760563363,-817.2535957740928,1.030547927809862,123.93306307267623,-409.06326763518007,820.6923572775557,datetime.datetime(2025, 9, 12, 17, 17, 37, 764962)
trans_gpc-00550-gsu,1.034982524205365,2.1563460017571612e-05,4.553876351530428e-14,0.00016068101839285582,1.0349825097830962,1.1648593557805863e-12,-1.2648526950208115e-13,-1.908422030264182e-13,datetime.datetime(2025, 9, 12, 17, 18, 37, 764962)
trans_8695-c0362-cyp,1.0322520673594868,0.00012125982563780896,0.0005493271249297535,0.0007143938568779826,1.0322520378891766,0.0020213414234910906,-0.0005493271209695178,-0.00018055456553602934,datetime.datetime(2025, 9, 12, 17, 18, 37, 764962)
trans_8208-c0362-cyp,1.0335829818052653,0.000215343007103665,1.5489290319109506e-12,0.001602445390104451,1.0335829520502056,1.0913936421275139e-11,1.4133083335835692e-12,3.669782831793559e-13,datetime.datetime(2025, 9, 12, 17, 18, 37, 764962)
trans_8208-c0362-cyp_1,1.0335829818052653,0.000215343007103665,1.5489290319109506e-12,0.001602445390104451,1.0335829520502056,1.0913936421275139e-11,1.4133083335835692e-12,3.669782831793559e-13,datetime.datetime(2025, 9, 12, 17, 18, 37, 764962)
trans_860267-c0362-cyp,1.0316700538835286,0.0012722664978259501,0.008806658949007659,0.0034267863416093027,1.0316697684255207,0.03242387853184314,-0.008806658125249861,-0.0028946080404993594,datetime.datetime(2025, 9, 12, 17, 18, 37, 764962)
trans_gpc-10080-gsu,1.0338655246031414,0.00014360125045908558,8.027806423088757e-13,0.0010689146484010674,1.0338654947176227,1.1346893417604079e-11,8.510725314073681e-13,-1.4770556354520592e-12,datetime.datetime(2025, 9, 12, 17, 18, 37, 764962)
trans_860708-c0362-cyp,1.0340131983827552,1.6157448502912816e-05,-1.5548145019736445e-14,0.0001202835249617473,1.034013184649441,3.4931010368482745e-12,3.447400525205663e-13,-4.1244213541680483e-13,datetime.datetime(2025, 9, 12, 17, 18, 37, 764962)
trans_gpc-10072-gsu,1.0355935751728664,0.00014384127201903427,1.7859172595641183e-12,0.001072466092366071,1.0355935452373959,9.53145066930113e-12,-3.828473136817925e-13,1.9604487399270992e-12,datetime.datetime(2025, 9, 12, 17, 18, 37, 764962)
trans_gpc-10076-gsu,1.0338595958636538,0.00014360042664221054,1.4625756578068306e-12,0.001068902527684157,1.0338595659783067,3.637978807091713e-12,-9.04836887264009e-13,-5.013549273809552e-13,datetime.datetime(2025, 9, 12, 17, 18, 37, 764962)
trans_reg_c0362-cyp-reg_a,1.0035455521767453,137.91217201048008,670.5053310337311,-737.0817422573962,1.0316306882852575,134.55018770765565,-670.269164077949,741.2319577617275,datetime.datetime(2025, 9, 12, 17, 18, 37, 764962)
trans_reg_c0362-cyp-reg_b,1.0035455521767453,126.38368204412875,460.1287703104306,-805.7496334053662,1.0316306882852575,125.60074853818173,-459.93043612432876,809.2380098203128,datetime.datetime(2025, 9, 12, 17, 18, 37, 764962)
trans_reg_c0362-cyp-reg_c,1.0035455521767453,124.99006580875573,383.638856458543,-825.1720795643856,1.0316306882852575,123.44910994388687,-383.4448720181851,828.5841554485906,datetime.datetime(2025, 9, 12, 17, 18, 37, 764962)
trans_gpc-00550-gsu,1.0354592431638119,2.1573392213870233e-05,5.040500503962487e-14,0.00016083063782759645,1.0354592287348998,2.451079097934335e-12,-1.1934240973106963e-13,-6.468198131281633e-13,datetime.datetime(2025, 9, 12, 17, 19, 37, 764962)
trans_8695-c0362-cyp,1.0326747979432787,8.312559144073095e-05,0.00017649481835658272,0.0005922884754717945,1.0326747790281867,0.000649173915233588,-0.0001764948176577141,-5.801028841426259e-05,datetime.datetime(2025, 9, 12, 17, 19, 37, 764962)
trans_8208-c0362-cyp,1.0340393754649815,0.00021543809498948723,2.0625620308911686e-12,0.0016038653652765908,1.034039345696783,2.2724791523994865e-11,5.946967920612654e-13,6.353144694955862e-12,datetime.datetime(2025, 9, 12, 17, 19, 37, 764962)
trans_8208-c0362-cyp_1,1.0340393754649815,0.00021543809498948723,2.0625620308911686e-12,0.0016038653652765908,1.034039345696783,2.2724791523994865e-11,5.946967920612654e-13,6.353144694955862e-12,datetime.datetime(2025, 9, 12, 17, 19, 37, 764962)
trans_860267-c0362-cyp,1.0320852417161166,0.0010821245282166855,0.007465664359823035,0.0029864505065147428,1.0320849972457553,0.027475537451930862,-0.007465663767250037,-0.0024538436893111106,datetime.datetime(2025, 9, 12, 17, 19, 37, 764962)
trans_gpc-10080-gsu,1.0343251777237823,0.00014366509503492696,2.631691519219825e-12,0.0010698813486715781,1.0343251478249764,1.1343341570863758e-11,-5.223196267024766e-13,-2.575686247378723e-12,datetime.datetime(2025, 9, 12, 17, 19, 37, 764962)
trans_860708-c0362-cyp,1.0344637742903735,1.6164489112899315e-05,-5.046235434721935e-13,0.00012038874373873778,1.034463760551075,2.9711776586775206e-12,2.912694834764192e-13,-1.9244047202839026e-13,datetime.datetime(2025, 9, 12, 17, 19, 37, 764962)
trans_gpc-10072-gsu,1.03607506790185,0.00014390815005742188,2.66535096077325e-13,0.0010734715812651873,1.036075037952461,2.0463630789890885e-12,5.193250969357911e-13,2.505462558787813e-13,datetime.datetime(2025, 9, 12, 17, 19, 37, 764962)
trans_gpc-10076-gsu,1.0343193045962698,0.0001436642791006956,9.741669276808196e-13,0.0010698693637262574,1.0343192746976337,5.886373360226189e-12,4.938805111056569e-13,-1.4256201070724894e-12,datetime.datetime(2025, 9, 12, 17, 19, 37, 764962)
trans_reg_c0362-cyp-reg_a,1.004762724219403,135.38433401732735,622.0328268710377,-756.4395659097014,1.0329687011942597,132.08408244106724,-621.8052379521383,760.4397092410479,datetime.datetime(2025, 9, 12, 17, 19, 37, 764962)
trans_reg_c0362-cyp-reg_b,1.004762724219403,125.2163880525126,410.3807354474066,-822.7312350963293,1.0329687011942597,124.44076761367253,-410.1860478890314,826.1558006152778,datetime.datetime(2025, 9, 12, 17, 19, 37, 764962)
trans_reg_c0362-cyp-reg_c,1.004762724219403,124.55713873176514,357.30792029874425,-833.0466604550159,1.0329687011942597,123.02155539023886,-357.11527728151543,836.435246853791,datetime.datetime(2025, 9, 12, 17, 19, 37, 764962)
trans_gpc-00550-gsu,1.0352153092447156,2.1568310057174455e-05,1.0808554398722418e-13,0.00016075210512979084,1.035215294819203,1.9543316695074375e-12,3.3437668550243707e-14,-5.544260326961671e-13,datetime.datetime(2025, 9, 12, 17, 20, 37, 764962)
trans_8695-c0362-cyp,1.0322288435601745,0.0002296474620151199,0.0013897356136228405,0.0009905987039525734,1.0322287902883218,0.005113888415147167,-0.0013897355892674408,-0.00045678399650010557,datetime.datetime(2025, 9, 12, 17, 20, 37, 764962)
trans_8208-c0362-cyp,1.0335314505059967,0.00021533227060197748,2.2324434505865964e-12,0.0016022824687979824,1.0335314207524202,7.275957614183426e-12,1.347905640771616e-14,1.0426193667407554e-12,datetime.datetime(2025, 9, 12, 17, 20, 37, 764962)
trans_8208-c0362-cyp_1,1.0335314505059967,0.00021533227060197748,2.2324434505865964e-12,0.0016022824687979824,1.0335314207524202,7.275957614183426e-12,1.347905640771616e-14,1.0426193667407554e-12,datetime.datetime(2025, 9, 12, 17, 20, 37, 764962)
trans_860267-c0362-cyp,1.0316489433173959,0.0008327566987247708,0.005698464000538916,0.002405147404472042,1.0316487526600044,0.020980743301024098,-0.005698463652509685,-0.0018729944293218212,datetime.datetime(2025, 9, 12, 17, 20, 37, 764962)
trans_gpc-10080-gsu,1.034142960268141,0.00014363978535658184,3.882626702783609e-13,0.0010694755526913474,1.0341429303746026,1.287855327849796e-11,2.287973664638255e-13,-3.6327963635824397e-12,datetime.datetime(2025, 9, 12, 17, 20, 37, 764962)
trans_860708-c0362-cyp,1.0339935577024282,1.61571415773577e-05,-4.082900972608023e-13,0.00012027869627807152,1.0339935439693748,2.8638263712803657e-12,3.0940994473257935e-13,-1.64868976460973e-13,datetime.datetime(2025, 9, 12, 17, 20, 37, 764962)
trans_gpc-10072-gsu,1.0357950332392833,0.00014386925385468125,8.664956929055334e-13,0.0010728769135134135,1.0357950032979895,9.094947017729282e-12,-1.0316368987511607e-12,-2.190095584825938e-12,datetime.datetime(2025, 9, 12, 17, 20, 37, 764962)
trans_gpc-10076-gsu,1.0341370495532074,0.000143638964444045,1.3591692667180855e-12,0.0010694634323018982,1.03413701965984,9.53145066930113e-12,-1.3385854313166876e-12,1.7569298896969653e-13,datetime.datetime(2025, 9, 12, 17, 20, 37, 764962)
trans_reg_c0362-cyp-reg_a,1.0091534295278823,134.06102253038324,614.4129401749432,-755.7787782854723,1.0311287187422777,131.59546296565233,-614.18977858262,759.70148551903,datetime.datetime(2025, 9, 12, 17, 20, 37, 764962)
trans_reg_c0362-cyp-reg_b,1.0091534295278823,125.21777977292557,422.7129266886206,-813.9061004973872,1.0311287187422777,124.44212796198349,-422.5182348378945,817.3306538631651,datetime.datetime(2025, 9, 12, 17, 20, 37, 764962)
trans_reg_c0362-cyp-reg_c,1.0091534295278823,128.6872865456085,491.2324673724782,-794.2160362164913,1.0311287187422777,126.32080199113963,-491.0268373562173,797.8319028463457,datetime.datetime(2025, 9, 12, 17, 20, 37, 764962)
trans_gpc-00550-gsu,1.0361387612944677,2.158754974338179e-05,-1.626530819753835e-13,0.0001610381721731732,1.036138746856087,3.332582821142837e-12,1.682688893582598e-13,-7.851748293781649e-13,datetime.datetime(2025, 9, 12, 17, 21, 37, 764962)
trans_8695-c0362-cyp,1.0330725428937488,0.00012148220244861056,0.0005512773067339052,0.0007158848566673748,1.0330725133695287,0.0020269054942329426,-0.0005512773018420204,-0.0001811961784968481,datetime.datetime(2025, 9, 12, 17, 21, 37, 764962)
trans_8208-c0362-cyp,1.034441566381,0.00021552189021897705,2.40071004221909e-12,0.0016051091177190875,1.0344415366012227,7.73070496506989e-12,1.4473193212280947e-13,1.0458561621906207e-12,datetime.datetime(2025, 9, 12, 17, 21, 37, 764962)
trans_8208-c0362-cyp_1,1.034441566381,0.00021552189021897705,2.40071004221909e-12,0.0016051091177190875,1.0344415366012227,7.73070496506989e-12,1.4473193212280947e-13,1.0458561621906207e-12,datetime.datetime(2025, 9, 12, 17, 21, 37, 764962)
trans_860267-c0362-cyp,1.0324794461968594,0.0005848651226177508,0.003943953593423765,0.0018293250507588105,1.0324793091388997,0.01450923403590279,-0.003943953423892057,-0.0012963149948704382,datetime.datetime(2025, 9, 12, 17, 21, 37, 764962)
trans_gpc-10080-gsu,1.0350520431177692,0.00014376605458330796,1.7889136942617067e-12,0.0010713453706136054,1.0350520131979524,9.094947017729282e-12,-4.346881907296112e-13,2.773830770292717e-13,datetime.datetime(2025, 9, 12, 17, 21, 37, 764962)
trans_860708-c0362-cyp,1.0348870740532938,1.617110358773723e-05,-1.8612404607994128e-13,0.00012048686985968354,1.034887060308373,2.9558577807620168e-12,9.176678518635317e-14,-5.074919585059782e-13,datetime.datetime(2025, 9, 12, 17, 21, 37, 764962)
trans_gpc-10072-gsu,1.03673169164179,0.0001439993535542829,1.0309994524781984e-12,0.0010748147853938033,1.0367316616734203,3.865352482534945e-12,8.380817542048048e-13,-1.546245697532877e-14,datetime.datetime(2025, 9, 12, 17, 21, 37, 764962)
trans_gpc-10076-gsu,1.0350458532025948,0.00014376519478002763,1.83964833817829e-12,0.0010713326255097765,1.035045823282957,1.1343341570863758e-11,5.628827747452364e-13,-7.99534436844728e-13,datetime.datetime(2025, 9, 12, 17, 21, 37, 764962)
trans_reg_c0362-cyp-reg_a,1.0077834171387496,130.55681393980439,538.2032438650781,-779.5208377348843,1.029855437664395,128.15585623215517,-537.9915959485188,783.2420106629785,datetime.datetime(2025, 9, 12, 17, 21, 37, 764962)
trans_reg_c0362-cyp-reg_b,1.0077834171387496,124.2848208242584,367.08377769052737,-833.4103188210087,1.029855437664395,123.51503002973816,-366.89197608307273,836.7843088307566,datetime.datetime(2025, 9, 12, 17, 21, 37, 764962)
trans_reg_c0362-cyp-reg_c,1.0077834171387496,126.19123712892554,368.01355214823946,-841.2736635605446,1.029855437664395,123.87085152647718,-367.8158213588235,844.7513922432905,datetime.datetime(2025, 9, 12, 17, 21, 37, 764962)
trans_gpc-00550-gsu,1.034938351446664,2.1562539735337473e-05,-4.4932632484520624e-14,0.00016066690842430446,1.0349383370250107,2.9558577807620168e-12,3.0005874606286714e-13,-7.502907598333975e-13,datetime.datetime(2025, 9, 12, 17, 22, 37, 764962)
trans_8695-c0362-cyp,1.031502866502459,8.303131602253969e-05,0.00017609319682106763,0.0005909427503990227,1.0315028476088068,0.0006484364355544899,-0.000176093196026076,-5.787903377823364e-05,datetime.datetime(2025, 9, 12, 17, 22, 37, 764962)
trans_8208-c0362-cyp,1.03292528786323,0.00021520597905230865,3.244300928600952e-12,0.0016004035233972904,1.032925258127104,1.4608538320588695e-11,-7.287107019420856e-13,3.887751746649864e-12,datetime.datetime(2025, 9, 12, 17, 22, 37, 764962)
trans_8208-c0362-cyp_1,1.03292528786323,0.00021520597905230865,3.244300928600952e-12,0.0016004035233972904,1.032925258127104,1.4608538320588695e-11,-7.287107019420856e-13,3.887751746649864e-12,datetime.datetime(2025, 9, 12, 17, 22, 37, 764962)
trans_860267-c0362-cyp,1.0308972479182612,0.0007150395571291193,0.004861195071949828,0.0021291742574363623,1.030897082703256,0.017911129622828856,-0.0048611948169985965,-0.001597797468479508,datetime.datetime(2025, 9, 12, 17, 22, 37, 764962)
trans_gpc-10080-gsu,1.0339149037883633,0.00014360810860586083,2.0997877308442937e-12,0.0010690120310537946,1.0339148739014175,3.6450773090749405e-12,-9.494385436985078e-14,-1.0474695674683256e-12,datetime.datetime(2025, 9, 12, 17, 22, 37, 764962)
trans_860708-c0362-cyp,1.0333747153832074,1.614747150242779e-05,-1.430060995837035e-13,0.00012013478077682697,1.033374701658373,2.0463630789890885e-12,-1.9159195761791592e-13,-4.5218315570623073e-13,datetime.datetime(2025, 9, 12, 17, 22, 37, 764962)
trans_gpc-10072-gsu,1.035490429470342,0.00014382694533650195,6.379794678657013e-13,0.0010722501870138693,1.0354903995378528,5.4569682106375694e-12,4.843040635051321e-13,1.3000713595093185e-12,datetime.datetime(2025, 9, 12, 17, 22, 37, 764962)
trans_gpc-10076-gsu,1.0339090140585843,0.00014360729081891758,1.0333203372819843e-12,0.0010689999796444402,1.0339089841718085,7.932736439215277e-12,-1.0653980520493856e-12,-1.6592354734711666e-12,datetime.datetime(2025, 9, 12, 17, 22, 37, 764962)
trans_reg_c0362-cyp-reg_a,1.0080490484935694,128.24126913609066,468.4555648520361,-804.2226973982216,1.0302460958418014,125.88302553189541,-468.2513576902186,807.8136683081892,datetime.datetime(2025, 9, 12, 17, 22, 37, 764962)
trans_reg_c0362-cyp-reg_b,1.0080490484935694,123.87182559188012,322.0565111890335,-848.6235251044403,1.0302460958418014,123.10464673683371,-321.86598208425914,851.9752488770822,datetime.datetime(2025, 9, 12, 17, 22, 37, 764962)
trans_reg_c0362-cyp-reg_c,1.0080490484935694,124.29903428765009,296.9778841992031,-855.1084111071484,1.0302460958418014,122.76669906643612,-296.78603863358273,858.4830686804171,datetime.datetime(2025, 9, 12, 17, 22, 37, 764962)
trans_gpc-00550-gsu,1.035191016552174,2.156780389580848e-05,2.396941792184165e-13,0.00016074551802860664,1.0351910021269999,1.8189894035458565e-12,-2.3450849453577146e-13,-3.8800791760394165e-13,datetime.datetime(2025, 9, 12, 17, 23, 37, 764962)
trans_8695-c0362-cyp,1.0315685459065775,0.00022935522746199232,0.0013868816503140248,0.000988981705674438,1.0315684926990976,0.005106658767103064,-0.0013868816254542383,-0.00045584986303858887,datetime.datetime(2025, 9, 12, 17, 23, 37, 764962)
trans_8208-c0362-cyp,1.032967405922327,0.000215214754658015,2.2038388249739916e-12,0.0016005343029499139,1.0329673761849885,9.549694368615746e-12,-1.3463226837497741e-12,2.0720130368281047e-12,datetime.datetime(2025, 9, 12, 17, 23, 37, 764962)
trans_8208-c0362-cyp_1,1.032967405922327,0.000215214754658015,2.2038388249739916e-12,0.0016005343029499139,1.0329673761849885,9.549694368615746e-12,-1.3463226837497741e-12,2.0720130368281047e-12,datetime.datetime(2025, 9, 12, 17, 23, 37, 764962)
trans_860267-c0362-cyp,1.030966387749664,0.0009636363960435357,0.006620375049693698,0.0027074670422057696,1.0309661688491947,0.02439121244934333,-0.006620374580404381,-0.002176017449567144,datetime.datetime(2025, 9, 12, 17, 23, 37, 764962)
trans_gpc-10080-gsu,1.0341993071017965,0.0001436476121719923,1.7524807178342927e-12,0.0010696010073922824,1.0341992772066295,1.477584305688226e-11,-2.4588327035373275e-12,-3.0640691440594762e-12,datetime.datetime(2025, 9, 12, 17, 23, 37, 764962)
trans_860708-c0362-cyp,1.0334375410620498,1.6148453279018105e-05,-1.6491783394641246e-13,0.00012014941540175929,1.0334375273363812,4.309400224279509e-12,2.2008325334956592e-14,-1.0524886295552205e-12,datetime.datetime(2025, 9, 12, 17, 23, 37, 764962)
trans_gpc-10072-gsu,1.0357223485652427,0.00014385915850495122,1.0986693256553882e-12,0.0010727314740623074,1.03572231862605,9.123258563840204e-12,-5.968952676498382e-13,-2.5205341795177185e-13,datetime.datetime(2025, 9, 12, 17, 23, 37, 764962)
trans_gpc-10076-gsu,1.0341936047468365,0.00014364681970547248,1.8532451163955077e-12,0.0010695893308108359,1.034193574851834,8.134767913360665e-12,8.61309694219515e-13,-1.8181172217809171e-12,datetime.datetime(2025, 9, 12, 17, 23, 37, 764962)
trans_reg_c0362-cyp-reg_a,1.008270124202788,127.84598726776451,452.95219978166995,-810.0030643705807,1.0304986954265918,125.49503959073135,-452.7492495043959,813.5720478686759,datetime.datetime(2025, 9, 12, 17, 23, 37, 764962)
trans_reg_c0362-cyp-reg_b,1.008270124202788,123.81813111312367,320.10998189793975,-848.555921846003,1.0304986954265918,123.05128654342184,-319.91961793123505,851.9047419477995,datetime.datetime(2025, 9, 12, 17, 23, 37, 764962)
trans_reg_c0362-cyp-reg_c,1.008270124202788,124.3392991504212,288.56135720414017,-858.6368621767842,1.0304986954265918,122.80647525811274,-288.36938731532626,862.013708093594,datetime.datetime(2025, 9, 12, 17, 23, 37, 764962)
trans_gpc-00550-gsu,1.0356380301792008,2.1577117228656653e-05,1.5791101130695207e-13,0.00016088541602550532,1.0356380157477976,4.6034554659934936e-12,-3.990086153384635e-13,-1.1646728444186113e-12,datetime.datetime(2025, 9, 12, 17, 24, 37, 764962)
trans_8695-c0362-cyp,1.0317968762677783,0.0001214582011678508,0.0005509887680548,0.0007144732463966327,1.0317968467494782,0.0020283531983344137,-0.000550988762990703,-0.00018110438658267204,datetime.datetime(2025, 9, 12, 17, 24, 37, 764962)
trans_8208-c0362-cyp,1.0332287659055857,0.0002152692072378498,9.069280534901303e-13,0.0016013474354407203,1.033228736160723,1.6370904631912708e-11,-1.437713762347643e-12,4.1613047389932354e-12,datetime.datetime(2025, 9, 12, 17, 24, 37, 764962)
trans_8208-c0362-cyp_1,1.0332287659055857,0.0002152692072378498,9.069280534901303e-13,0.0016013474354407203,1.033228736160723,1.6370904631912708e-11,-1.437713762347643e-12,4.1613047389932354e-12,datetime.datetime(2025, 9, 12, 17, 24, 37, 764962)
trans_860267-c0362-cyp,1.0311861903398931,0.0006429057709638854,0.00435117980470055,0.001961834944372106,1.0311860407257694,0.016027439013629435,-0.004351179599396942,-0.0014301593578497605,datetime.datetime(2025, 9, 12, 17, 24, 37, 764962)
trans_gpc-10080-gsu,1.034693112778079,0.0001437162002291583,1.873352865194855e-12,0.001070632329778918,1.0346930828686374,3.637978807091713e-12,-5.372507761444288e-13,-8.93037242652965e-13,datetime.datetime(2025, 9, 12, 17, 24, 37, 764962)
trans_860708-c0362-cyp,1.033702404792056,1.615259203276594e-05,-1.2794501775322682e-13,0.00012021127181035969,1.0337023910628693,2.3017277329967468e-12,-1.9497349925848123e-13,-5.824472880231074e-13,datetime.datetime(2025, 9, 12, 17, 24, 37, 764962)
trans_gpc-10072-gsu,1.0361472632881352,0.000143918177733439,1.5249327842137286e-12,0.0010736176054092989,1.0361472333366593,6.341120711112653e-12,-6.271241052910061e-13,1.4350189538263367e-12,datetime.datetime(2025, 9, 12, 17, 24, 37, 764962)
trans_gpc-10076-gsu,1.0346874357565237,0.00014371541180396817,1.5642914515806572e-12,0.0010706207214423408,1.0346874058472464,7.705362763772045e-12,-9.978510032664193e-13,-1.6613024028707275e-12,datetime.datetime(2025, 9, 12, 17, 24, 37, 764962)
trans_reg_c0362-cyp-reg_a,1.0092824870210215,127.32681715753411,426.16250546711996,-821.2135442081402,1.0315803956974017,124.98546143137635,-425.9612000945462,824.75377754957,datetime.datetime(2025, 9, 12, 17, 24, 37, 764962)
trans_reg_c0362-cyp-reg_b,1.0092824870210215,123.76209686117711,290.41214551305757,-858.764843750248,1.0315803956974017,122.9956279011336,-290.22195376295645,862.1106518151518,datetime.datetime(2025, 9, 12, 17, 24, 37, 764962)
trans_reg_c0362-cyp-reg_c,1.0092824870210215,124.27048535420722,283.17394462464455,-859.3332126435442,1.0315803956974017,122.73851404964995,-282.98218715639854,862.7063206590376,datetime.datetime(2025, 9, 12, 17, 24, 37, 764962)
trans_gpc-00550-gsu,1.0358383567177436,2.158129088784844e-05,4.022342832074589e-14,0.00016094864749657118,1.0358383422835489,6.821210263296962e-13,1.872837976035779e-13,-3.7116154695377873e-14,datetime.datetime(2025, 9, 12, 17, 25, 37, 764962)
trans_8695-c0362-cyp,1.0319977562721385,8.307115216190226e-05,0.00017626300727946966,0.0005915126080200461,1.0319977373694218,0.0006487475368166898,-0.00017626300565672483,-5.793484857374127e-05,datetime.datetime(2025, 9, 12, 17, 25, 37, 764962)
trans_8208-c0362-cyp,1.0334515951350036,0.0002153156335046461,3.056679147642183e-12,0.0016020418982980408,1.033451565383726,7.418615723047314e-12,1.0994605270054262e-12,-1.2759620316777637e-13,datetime.datetime(2025, 9, 12, 17, 25, 37, 764962)
trans_8208-c0362-cyp_1,1.0334515951350036,0.0002153156335046461,3.056679147642183e-12,0.0016020418982980408,1.033451565383726,7.418615723047314e-12,1.0994605270054262e-12,-1.2759620316777637e-13,datetime.datetime(2025, 9, 12, 17, 25, 37, 764962)
trans_860267-c0362-cyp,1.0313834402657311,0.0005258775168555394,0.0035207222292360178,0.001689076724683606,1.03138331601134,0.012965958753664178,-0.0035207220918613553,-0.0011571969747620136,datetime.datetime(2025, 9, 12, 17, 25, 37, 764962)
trans_gpc-10080-gsu,1.034900525220514,0.0001437450091795349,1.2703028264698935e-12,0.0010710704119637098,1.034900495305077,6.113747035669421e-12,-4.2704683240358316e-13,1.4225686704051435e-12,datetime.datetime(2025, 9, 12, 17, 25, 37, 764962)
trans_860708-c0362-cyp,1.0339141980534314,1.6155901460633198e-05,-2.280069537037924e-13,0.00012026083534469204,1.033914184321432,2.8918173498447915e-12,2.740040089983873e-13,-5.047582162571804e-13,datetime.datetime(2025, 9, 12, 17, 25, 37, 764962)
trans_gpc-10072-gsu,1.0363396863672325,0.0001439449051413328,2.3389335798013057e-12,0.001074021910630444,1.0363396564101943,8.782857775706707e-12,-1.4608148739126203e-12,-1.4072649207452883e-12,datetime.datetime(2025, 9, 12, 17, 25, 37, 764962)
trans_gpc-10076-gsu,1.034894906779275,0.00014374422893034293,8.620044990303999e-13,0.0010710589360389746,1.0348948768640005,1.0630158725363485e-11,-2.553384062873109e-13,-2.728485163817551e-12,datetime.datetime(2025, 9, 12, 17, 25, 37, 764962)
trans_reg_c0362-cyp-reg_a,1.0100721807112967,126.97296013645244,403.69661985378286,-830.4315379924277,1.032426482771912,124.63814628562481,-403.49643177652274,833.9522465596662,datetime.datetime(2025, 9, 12, 17, 25, 37, 764962)
trans_reg_c0362-cyp-reg_b,1.0100721807112967,123.85267143626054,260.6308641434209,-869.1533634883033,1.032426482771912,123.08566529063722,-260.44039387349926,872.5040536172911,datetime.datetime(2025, 9, 12, 17, 25, 37, 764962)
trans_reg_c0362-cyp-reg_c,1.0100721807112967,124.20231511758693,275.4336211048728,-860.7803228476497,1.032426482771912,122.67119039479876,-275.24207395156645,864.1497306791799,datetime.datetime(2025, 9, 12, 17, 25, 37, 764962)
trans_gpc-00550-gsu,1.0359602798261323,2.1583831067329578e-05,1.4637120899010924e-13,0.0001609861175721841,1.0359602653902387,1.3642420526593924e-12,2.471842400695981e-13,-2.6261945089337256e-13,datetime.datetime(2025, 9, 12, 17, 26, 37, 764962)
trans_8695-c0362-cyp,1.0320020721331504,0.00022930635667266813,0.0013869803905642462,0.0009894598662864439,1.0320020189338779,0.00510485654234956,-0.0013869803654143061,-0.00045587818153896317,datetime.datetime(2025, 9, 12, 17, 26, 37, 764962)
trans_8208-c0362-cyp,1.0334370758677693,0.00021531260817278058,2.074936052837151e-12,0.0016019948170742677,1.0334370461169102,1.4990790172727334e-11,1.036395738196895e-13,1.9707656287028336e-12,datetime.datetime(2025, 9, 12, 17, 26, 37, 764962)
trans_8208-c0362-cyp_1,1.0334370758677693,0.00021531260817278058,2.074936052837151e-12,0.0016019948170742677,1.0334370461169102,1.4990790172727334e-11,1.036395738196895e-13,1.9707656287028336e-12,datetime.datetime(2025, 9, 12, 17, 26, 37, 764962)
trans_860267-c0362-cyp,1.0313895527373544,0.0007151566791895421,0.004864265554832715,0.0021306928924271365,1.031389387491955,0.01791382822163523,-0.00486426529782769,-0.0015988066878717682,datetime.datetime(2025, 9, 12, 17, 26, 37, 764962)
trans_gpc-10080-gsu,1.0350250071011002,0.0001437622993839178,2.133760345496283e-12,0.0010713242995361453,1.035024977182065,1.0601847179252563e-11,-6.861342010043607e-14,-6.279367768945525e-13,datetime.datetime(2025, 9, 12, 17, 26, 37, 764962)
trans_860708-c0362-cyp,1.0339176771003646,1.615595583394776e-05,-3.3460399013161836e-13,0.00012026148131889366,1.0339176633683185,2.529101408439979e-12,-1.7319208490416573e-14,-6.50216902407646e-13,datetime.datetime(2025, 9, 12, 17, 26, 37, 764962)
trans_gpc-10072-gsu,1.036460194132167,0.00014396164323129512,1.435529922363954e-12,0.0010742693576299032,1.036460164171645,1.0913936421275139e-11,-6.214141381985621e-14,-2.8546735806522047e-12,datetime.datetime(2025, 9, 12, 17, 26, 37, 764962)
trans_gpc-10076-gsu,1.0350192865623724,0.0001437615048190632,-6.637350564997483e-14,0.0010713126055795818,1.0350192566435028,6.113747035669421e-12,1.4656976366828966e-12,-9.27366066758913e-13,datetime.datetime(2025, 9, 12, 17, 26, 37, 764962)
trans_reg_c0362-cyp-reg_a,1.009788558989053,126.87633460190003,399.6566551277331,-831.3163772977186,1.0321431909984646,124.54330298350368,-399.456771609401,834.8317464177227,datetime.datetime(2025, 9, 12, 17, 26, 37, 764962)
trans_reg_c0362-cyp-reg_b,1.009788558989053,123.78465678314983,269.90876110176924,-865.4839813233178,1.0321431909984646,123.01806477909716,-269.71849998167306,868.8309996352057,datetime.datetime(2025, 9, 12, 17, 26, 37, 764962)
trans_reg_c0362-cyp-reg_c,1.009788558989053,124.30796145456776,266.99963317614765,-864.8380816321633,1.0321431909984646,122.77554107855919,-266.807760014376,868.2132168319733,datetime.datetime(2025, 9, 12, 17, 26, 37, 764962)
trans_gpc-00550-gsu,1.036369190092759,2.1592350631271582e-05,-4.779948769694648e-13,0.00016111373743523026,1.0363691756511673,2.2737367544323206e-12,3.828183807807667e-13,-4.57806949144139e-13,datetime.datetime(2025, 9, 12, 17, 27, 37, 764962)
trans_8695-c0362-cyp,1.0322126642649692,0.00012163313999543161,0.0005525099842745181,0.0007154033270686119,1.0322126347043625,0.002033128051168808,-0.0005525099804704574,-0.0001816032846146468,datetime.datetime(2025, 9, 12, 17, 27, 37, 764962)
trans_8208-c0362-cyp,1.033689803299234,0.00021536526305407063,2.279884146055844e-12,0.0016027807023036573,1.0336897735410988,1.094224796738606e-11,-5.233707275423725e-13,-6.597289015760262e-13,datetime.datetime(2025, 9, 12, 17, 27, 37, 764962)
trans_8208-c0362-cyp_1,1.033689803299234,0.00021536526305407063,2.279884146055844e-12,0.0016027807023036573,1.0336897735410988,1.094224796738606e-11,-5.233707275423725e-13,-6.597289015760262e-13,datetime.datetime(2025, 9, 12, 17, 27, 37, 764962)
trans_860267-c0362-cyp,1.0315913485407915,0.0005846980437177219,0.003939567460976085,0.0018269626553039453,1.0315912115281747,0.014505544517653639,-0.003939567292500863,-0.0012948682399491539,datetime.datetime(2025, 9, 12, 17, 27, 37, 764962)
trans_gpc-10080-gsu,1.0354576784835716,0.00014382239639540797,2.096445907498468e-12,0.0010722241412695727,1.035457648552029,9.10204551971251e-12,-1.0832187654372168e-12,-2.1960484285148835e-12,datetime.datetime(2025, 9, 12, 17, 27, 37, 764962)
trans_860708-c0362-cyp,1.0341667746748833,1.6159848178356087e-05,-6.208892005133554e-14,0.00012031961702473435,1.0341667609395289,1.8189894035458565e-12,1.2345861052955306e-13,-4.87523343561569e-13,datetime.datetime(2025, 9, 12, 17, 27, 37, 764962)
trans_gpc-10072-gsu,1.0368480857854154,0.00014401552061807344,4.873620396139699e-13,0.0010750766559242172,1.036848055813681,1.2956853653336403e-11,-2.0091577633806516e-13,-2.8593038802532447e-12,datetime.datetime(2025, 9, 12, 17, 27, 37, 764962)
trans_gpc-10076-gsu,1.0354520424727989,0.00014382161330559,9.879331797080225e-13,0.0010722126219487548,1.0354520125414195,4.067383956680332e-12,8.84082493428287e-14,1.1631905589158227e-12,datetime.datetime(2025, 9, 12, 17, 27, 37, 764962)
trans_reg_c0362-cyp-reg_a,1.010181918621131,126.69267525025755,384.97689314802363,-837.1408653401742,1.0325706538246324,124.36304173151223,-384.77758785918155,840.6461294467149,datetime.datetime(2025, 9, 12, 17, 27, 37, 764962)
trans_reg_c0362-cyp-reg_b,1.010181918621131,124.04150488247303,240.31204688915795,-876.6106993754515,1.0325706538246324,123.27334179067819,-240.1209953517451,879.9715691987117,datetime.datetime(2025, 9, 12, 17, 27, 37, 764962)
trans_reg_c0362-cyp-reg_c,1.010181918621131,124.30089168090642,255.46056822472397,-867.765085339843,1.0325706538246324,122.76856629949472,-255.26871687502998,871.1398208404582,datetime.datetime(2025, 9, 12, 17, 27, 37, 764962)
trans_gpc-00550-gsu,1.0361911553911496,2.15886414238591e-05,3.449927734981706e-14,0.00016105745768969705,1.0361911409520388,3.7594858675443285e-12,1.5522707164352343e-13,-1.0452487318770062e-12,datetime.datetime(2025, 9, 12, 17, 28, 37, 764962)
trans_8695-c0362-cyp,1.0321597333121444,8.308419082225793e-05,0.00017631798961605344,0.000591697118070609,1.0321597144064605,0.0006488493641067006,-0.0001763179878659633,-5.7952919659029435e-05,datetime.datetime(2025, 9, 12, 17, 28, 37, 764962)
trans_8208-c0362-cyp,1.0336291841957361,0.00021535263354618893,1.0542590481166237e-12,0.0016025891972345722,1.033629154439346,7.705362763772045e-12,1.882310402679857e-12,1.145721948233332e-12,datetime.datetime(2025, 9, 12, 17, 28, 37, 764962)
trans_8208-c0362-cyp_1,1.0336291841957361,0.00021535263354618893,1.0542590481166237e-12,0.0016025891972345722,1.033629154439346,7.705362763772045e-12,1.882310402679857e-12,1.145721948233332e-12,datetime.datetime(2025, 9, 12, 17, 28, 37, 764962)
trans_860267-c0362-cyp,1.0315403996163528,0.0007151490861178013,0.00486488945330168,0.0021310531275565243,1.0315402343710407,0.017913520364008614,-0.004864889197401624,-0.001599011756592323,datetime.datetime(2025, 9, 12, 17, 28, 37, 764962)
trans_gpc-10080-gsu,1.0352400369710224,0.0001437921664174124,7.084567949650067e-13,0.0010717650455892894,1.0352400070457712,1.8189894035458565e-12,4.5375614882722553e-13,2.502728331099321e-13,datetime.datetime(2025, 9, 12, 17, 28, 37, 764962)
trans_860708-c0362-cyp,1.0341023658720905,1.6158841742384172e-05,-2.2525403916250074e-13,0.00012030434403008299,1.0341023521375916,1.3642420526593924e-12,1.0057415520839462e-13,-3.2473192138835806e-13,datetime.datetime(2025, 9, 12, 17, 28, 37, 764962)
trans_gpc-10072-gsu,1.0366863930427117,0.00014399306160039826,1.372772433921865e-13,0.001074736035521887,1.0366863630756515,5.886373360226189e-12,4.968461110586007e-13,-1.4319091947654232e-12,datetime.datetime(2025, 9, 12, 17, 28, 37, 764962)
trans_gpc-10076-gsu,1.035234376441349,0.00014379138010053356,5.236266541891466e-13,0.0010717534621679271,1.0352343465162617,7.705362763772045e-12,-6.079315227202158e-14,1.204918096288309e-13,datetime.datetime(2025, 9, 12, 17, 28, 37, 764962)
trans_reg_c0362-cyp-reg_a,1.009616171219005,126.66030474603212,387.5463896798071,-835.1262286594664,1.0319871078144836,124.3312624215775,-387.34718623095944,838.6296909672573,datetime.datetime(2025, 9, 12, 17, 28, 37, 764962)
trans_reg_c0362-cyp-reg_b,1.009616171219005,123.85244868572076,257.81591093846004,-869.8328910314382,1.0319871078144836,123.08544569517208,-257.6254413509054,873.1835634718038,datetime.datetime(2025, 9, 12, 17, 28, 37, 764962)
trans_reg_c0362-cyp-reg_c,1.009616171219005,124.46557381532908,247.67764249603127,-872.0543202913176,1.0319871078144836,122.93122345338567,-247.48528244666875,875.4379873702699,datetime.datetime(2025, 9, 12, 17, 28, 37, 764962)
trans_gpc-00550-gsu,1.0357384603210438,2.1579209544335528e-05,1.78492521761206e-13,0.00016091604056177127,1.0357384458882415,2.0463630789890885e-12,6.318946366347327e-14,-4.562222019004977e-13,datetime.datetime(2025, 9, 12, 17, 29, 37, 764962)
trans_8695-c0362-cyp,1.031877506784794,0.00022913341495339916,0.0013855742334079914,0.000988858541535119,1.031877453622697,0.005100296974648167,-0.0013855742069433295,-0.0004554067400989168,datetime.datetime(2025, 9, 12, 17, 29, 37, 764962)
trans_8208-c0362-cyp,1.033311398965368,0.00021528642373198166,3.892973663918719e-12,0.0016016019278969214,1.0333113692181266,1.7229714931089947e-11,-5.360377571507782e-13,4.676643417135166e-12,datetime.datetime(2025, 9, 12, 17, 29, 37, 764962)
trans_8208-c0362-cyp_1,1.033311398965368,0.00021528642373198166,3.892973663918719e-12,0.0016016019278969214,1.0333113692181266,1.7229714931089947e-11,-5.360377571507782e-13,4.676643417135166e-12,datetime.datetime(2025, 9, 12, 17, 29, 37, 764962)
trans_860267-c0362-cyp,1.031266627087402,0.0005846255380697334,0.003937862604594395,0.0018260777460325857,1.0312664900931299,0.0145038914699862,-0.003937862434768331,-0.0012943199215325852,datetime.datetime(2025, 9, 12, 17, 29, 37, 764962)
trans_gpc-10080-gsu,1.0347857872088484,0.00014372907262047926,2.0026770068681808e-12,0.0010708183065320505,1.034785757296728,9.109144021695737e-12,-6.327712335234631e-13,-1.8296933621587924e-12,datetime.datetime(2025, 9, 12, 17, 29, 37, 764962)
trans_860708-c0362-cyp,1.0337844121240662,1.6153873455712214e-05,-9.93654897946117e-14,0.00012023020838636514,1.0337843983937904,2.848134923408568e-12,1.2364722478213595e-14,-5.367398881810742e-13,datetime.datetime(2025, 9, 12, 17, 29, 37, 764962)
trans_gpc-10072-gsu,1.036243650947518,0.0001439315656360507,1.945137918790696e-12,0.0010738142190516602,1.036243620993256,7.283056116166653e-12,-5.774437453032666e-13,1.581169829333271e-13,datetime.datetime(2025, 9, 12, 17, 29, 37, 764962)
trans_gpc-10076-gsu,1.0347801127318392,0.00014372828461988195,6.176202708985113e-13,0.0010708066899969423,1.0347800828198828,5.886373360226189e-12,5.299736342294563e-13,3.732353782986305e-13,datetime.datetime(2025, 9, 12, 17, 29, 37, 764962)
trans_reg_c0362-cyp-reg_a,1.008964212135521,127.07436050126888,415.7068437520742,-824.1754736966661,1.031272201154992,124.73766284598224,-415.50633583783895,827.701740846159,datetime.datetime(2025, 9, 12, 17, 29, 37, 764962)
trans_reg_c0362-cyp-reg_b,1.008964212135521,123.7284145520455,292.0832916636247,-857.7232596686366,1.031272201154992,122.9621526942869,-291.8932034244712,861.0672484358591,datetime.datetime(2025, 9, 12, 17, 29, 37, 764962)
trans_reg_c0362-cyp-reg_c,1.008964212135521,124.41036551764921,265.6185989043837,-866.6691450505866,1.031272201154992,122.87668379429365,-265.4264094831294,870.049837786867,datetime.datetime(2025, 9, 12, 17, 29, 37, 764962)
trans_gpc-00550-gsu,1.03516899288868,2.1567345005059744e-05,-7.923999303938167e-14,0.00016073910246351485,1.0351689784638127,2.756475083883211e-12,-3.037509398808998e-13,-6.129573507834883e-13,datetime.datetime(2025, 9, 12, 17, 30, 37, 764962)
trans_8695-c0362-cyp,1.0315936768972171,0.00012168603190161957,0.0005529225556494158,0.0007148914705565194,1.0315936473240928,0.0020358689690971694,-0.0005529225501883307,-0.00018173349960858926,datetime.datetime(2025, 9, 12, 17, 30, 37, 764962)
trans_8208-c0362-cyp,1.0330142901566834,0.00021522452259676152,2.9653729870932065e-12,0.0016006805437873413,1.033014260417995,8.782857775706707e-12,9.207781141120506e-13,2.313605813717412e-12,datetime.datetime(2025, 9, 12, 17, 30, 37, 764962)
trans_8208-c0362-cyp_1,1.0330142901566834,0.00021522452259676152,2.9653729870932065e-12,0.0016006805437873413,1.033014260417995,8.782857775706707e-12,9.207781141120506e-13,2.313605813717412e-12,datetime.datetime(2025, 9, 12, 17, 30, 37, 764962)
trans_860267-c0362-cyp,1.0309887540628917,0.0007146545102800627,0.00485888426294461,0.0021285094572926393,1.030988588930191,0.01790101428097107,-0.0048588840072752585,-0.0015970379713720422,datetime.datetime(2025, 9, 12, 17, 30, 37, 764962)
trans_gpc-10080-gsu,1.0341638446898611,0.0001436426861346038,1.7645838332192021e-12,0.0010695321340271665,1.0341638147957193,1.8189894035458565e-12,-4.533929475706925e-13,-2.4994571737999227e-13,datetime.datetime(2025, 9, 12, 17, 30, 37, 764962)
trans_860708-c0362-cyp,1.0334689181757113,1.614894352649073e-05,-4.2149555503842585e-13,0.00012015679153739857,1.0334689044496257,2.7844660624476367e-12,3.3415433423754956e-14,3.2177047036445836e-13,datetime.datetime(2025, 9, 12, 17, 30, 37, 764962)
trans_gpc-10072-gsu,1.0357061897478144,0.00014385691418100565,2.413137380891106e-12,0.0010727002161346469,1.0357061598090886,9.552663713428823e-12,-6.730019884673539e-13,-6.573732389257669e-13,datetime.datetime(2025, 9, 12, 17, 30, 37, 764962)
trans_gpc-10076-gsu,1.0341580971453894,0.00014364188779785223,9.501319748334015e-13,0.0010695203789499728,1.0341580672514137,4.092726157978177e-12,-6.692859010371968e-13,-8.886403261040971e-13,datetime.datetime(2025, 9, 12, 17, 30, 37, 764962)
trans_reg_c0362-cyp-reg_a,1.008439100279634,127.9484640633309,456.36939921570246,-809.115616156413,1.0306657262541203,125.5956264442481,-456.16612346132945,812.6903012231479,datetime.datetime(2025, 9, 12, 17, 30, 37, 764962)
trans_reg_c0362-cyp-reg_b,1.008439100279634,123.82460333687412,306.09517585023815,-854.2600171714672,1.0306657262541203,123.05773329180734,-305.90479195912496,857.6092044010346,datetime.datetime(2025, 9, 12, 17, 30, 37, 764962)
trans_reg_c0362-cyp-reg_c,1.008439100279634,124.25109542189637,291.90175042921925,-856.2186835533784,1.0306657262541203,122.71935577068949,-291.7100528075774,859.5907425461995,datetime.datetime(2025, 9, 12, 17, 30, 37, 764962)
trans_gpc-00550-gsu,1.0344807476567304,2.1553005634486305e-05,3.862999351823826e-14,0.00016052502161863073,1.0344807332414538,2.6504617948131408e-12,4.5025711713361173e-13,-4.2770113904961856e-13,datetime.datetime(2025, 9, 12, 17, 31, 37, 764962)
trans_8695-c0362-cyp,1.0311198201526277,0.00022886881266560196,0.001382832152166112,0.0009871627848388764,1.031119767050123,0.005093940647366428,-0.001382832126042904,-0.00045449495460213297,datetime.datetime(2025, 9, 12, 17, 31, 37, 764962)
trans_8208-c0362-cyp,1.0325213373692244,0.00021512181757952793,5.47168158004929e-13,0.0015991521659092373,1.0325213076447273,1.97109912009483e-11,1.6286985967094157e-12,5.288070507718351e-12,datetime.datetime(2025, 9, 12, 17, 31, 37, 764962)
trans_8208-c0362-cyp_1,1.0325213373692244,0.00021512181757952793,5.47168158004929e-13,0.0015991521659092373,1.0325213076447273,1.97109912009483e-11,1.6286985967094157e-12,5.288070507718351e-12,datetime.datetime(2025, 9, 12, 17, 31, 37, 764962)
trans_860267-c0362-cyp,1.030520964786837,0.0009627727069964025,0.0066115025042531505,0.002704057186683089,1.030520746079243,0.024369031372028165,-0.006611502037814795,-0.0021730670746097054,datetime.datetime(2025, 9, 12, 17, 31, 37, 764962)
trans_gpc-10080-gsu,1.0334365744985845,0.0001435416699995502,1.3631147946502332e-12,0.0010680258696578009,1.0334365446254654,3.637978807091713e-12,3.1154345640501986e-14,1.0485713927079881e-12,datetime.datetime(2025, 9, 12, 17, 31, 37, 764962)
trans_860708-c0362-cyp,1.0329659098065338,1.6141083589743315e-05,-6.543580054977488e-14,0.00012003974933798777,1.0329658960871289,2.2737367544323206e-12,2.3463259695043627e-13,-5.532480577348792e-13,datetime.datetime(2025, 9, 12, 17, 31, 37, 764962)
trans_gpc-10072-gsu,1.0350422749358492,0.0001437646979862979,3.7789890487693876e-13,0.001071322961807872,1.0350422450163148,1.0913936421275139e-11,-6.004241214755542e-15,-7.545353544490214e-13,datetime.datetime(2025, 9, 12, 17, 31, 37, 764962)
trans_gpc-10076-gsu,1.0334307974157317,0.0001435408678347869,1.186428072105783e-12,0.0010680140634193118,1.0334307675427794,7.283056116166653e-12,-4.4257568744383083e-13,1.5483427031022147e-13,datetime.datetime(2025, 9, 12, 17, 31, 37, 764962)
trans_reg_c0362-cyp-reg_a,1.0070995399504765,129.88476237642226,521.6554326727548,-784.0739348738855,1.0291840527659233,127.49619494042227,-521.44595804671,787.7570521720169,datetime.datetime(2025, 9, 12, 17, 31, 37, 764962)
trans_reg_c0362-cyp-reg_b,1.0070995399504765,124.17271557320838,351.4962831530476,-839.8823719162015,1.0291840527659233,123.40363982161333,-351.3048273688116,843.2503341766228,datetime.datetime(2025, 9, 12, 17, 31, 37, 764962)
trans_reg_c0362-cyp-reg_c,1.0070995399504765,124.33077865869458,327.7777641220861,-843.5485579880166,1.0291840527659233,122.79802101315437,-327.5858206021411,846.9249116621056,datetime.datetime(2025, 9, 12, 17, 31, 37, 764962)
trans_gpc-00550-gsu,1.0333415657249772,2.1529271244311432e-05,-1.7978688850173173e-13,0.0001601705959908611,1.0333415513255748,1.2442196646133151e-12,4.0856634769211316e-14,-2.9218768512786766e-13,datetime.datetime(2025, 9, 12, 17, 32, 37, 764962)
trans_8695-c0362-cyp,1.030423524913841,0.0002801356342236593,0.0017572473317413872,0.0011095266686969535,1.03042346117068,0.00647758080370224,-0.0017572472924315536,-0.0005775783848931367,datetime.datetime(2025, 9, 12, 17, 32, 37, 764962)
trans_8208-c0362-cyp,1.0317513024925224,0.00021496138347654685,-2.186752792732172e-13,0.0015967664780924375,1.0317512727901932,2.7123295976788374e-11,1.616907655595985e-12,7.482815444676592e-12,datetime.datetime(2025, 9, 12, 17, 32, 37, 764962)
trans_8208-c0362-cyp_1,1.0317513024925224,0.00021496138347654685,-2.186752792732172e-13,0.0015967664780924375,1.0317512727901932,2.7123295976788374e-11,1.616907655595985e-12,7.482815444676592e-12,datetime.datetime(2025, 9, 12, 17, 32, 37, 764962)
trans_860267-c0362-cyp,1.0298410565283327,0.0010212829907787976,0.007020350088107439,0.002837765782549624,1.029840825204094,0.025893119871680782,-0.007020349561573943,-0.002307476140677319,datetime.datetime(2025, 9, 12, 17, 32, 37, 764962)
trans_gpc-10080-gsu,1.0322602606805222,0.0001433782832357673,-5.965050554196382e-13,0.0010655856085715811,1.0322602308414066,2.0463630789890885e-12,3.877656878384733e-13,2.514329318401804e-13,datetime.datetime(2025, 9, 12, 17, 32, 37, 764962)
trans_860708-c0362-cyp,1.0321968338963332,1.6129066094286444e-05,-2.257547946325766e-14,0.00011986093353932127,1.0321968201871428,2.5011104298755527e-12,2.898481675219159e-13,-5.866821186847579e-13,datetime.datetime(2025, 9, 12, 17, 32, 37, 764962)
trans_gpc-10072-gsu,1.033942754103572,0.00014361197749043167,1.886319461741337e-12,0.0010690424377729215,1.0339427242158208,9.524352167317902e-12,-5.851899596936102e-13,-2.457923674202335e-12,datetime.datetime(2025, 9, 12, 17, 32, 37, 764962)
trans_gpc-10076-gsu,1.0322543447256758,0.00014337746195068764,2.4663910913602647e-12,0.0010655735115356058,1.032254314886731,9.10204551971251e-12,-1.4485190543540108e-12,-1.2724005848889176e-12,datetime.datetime(2025, 9, 12, 17, 32, 37, 764962)
trans_reg_c0362-cyp-reg_a,1.005677238134768,132.68682692483787,591.4706048528884,-757.0508501658709,1.0276086396430795,130.2465811555354,-591.2519947916157,760.8937866260193,datetime.datetime(2025, 9, 12, 17, 32, 37, 764962)
trans_reg_c0362-cyp-reg_b,1.005677238134768,125.45798439122923,432.6747525301925,-811.1731520276023,1.0276086396430795,124.68082960798138,-432.47931303372667,814.610806462223,datetime.datetime(2025, 9, 12, 17, 32, 37, 764962)
trans_reg_c0362-cyp-reg_c,1.005677238134768,124.91356933912238,376.9337793652495,-828.0186471920223,1.0276086396430795,123.37356651650208,-376.74003228167703,831.4265825156313,datetime.datetime(2025, 9, 12, 17, 32, 37, 764962)
trans_gpc-00550-gsu,1.0328547996290256,2.1519129696013954e-05,3.13168586115603e-14,0.0001600196705947464,1.032854785236406,4.804322835278838e-12,-2.4962822672435265e-13,-1.2871207291510006e-12,datetime.datetime(2025, 9, 12, 17, 33, 37, 764962)
trans_8695-c0362-cyp,1.0301534137354664,0.00012164210909762657,0.0005524483203997033,0.000713251190743351,1.0301533841731414,0.00203696992532115,-0.0005524483157664187,-0.00018158083724682686,datetime.datetime(2025, 9, 12, 17, 33, 37, 764962)
trans_8208-c0362-cyp,1.0314851187421237,0.00021490592568966787,3.012981961147965e-12,0.0015959470033067797,1.0314850890474574,2.7284841053187847e-12,-1.87500614582142e-13,2.617216359643838e-13,datetime.datetime(2025, 9, 12, 17, 33, 37, 764962)
trans_8208-c0362-cyp_1,1.0314851187421237,0.00021490592568966787,3.012981961147965e-12,0.0015959470033067797,1.0314850890474574,2.7284841053187847e-12,-1.87500614582142e-13,2.617216359643838e-13,datetime.datetime(2025, 9, 12, 17, 33, 37, 764962)
trans_860267-c0362-cyp,1.0295724624148863,0.0012103855310429466,0.008352706047785406,0.0032754155947430246,1.029572190318028,0.03081522301023546,-0.008352705303852933,-0.002745400167425047,datetime.datetime(2025, 9, 12, 17, 33, 37, 764962)
trans_gpc-10080-gsu,1.0317606802080042,0.00014330889297869655,1.954065761630708e-12,0.0010645522388592781,1.0317606503833294,3.6662903532026344e-12,-1.6546393843936942e-13,-1.039630932370122e-12,datetime.datetime(2025, 9, 12, 17, 33, 37, 764962)
trans_860708-c0362-cyp,1.0319103820514564,1.6124589970968946e-05,2.399531775533481e-13,0.00011979471800172383,1.0319103683460704,2.5180812317515827e-12,-6.866686437384033e-14,-6.954976756322268e-13,datetime.datetime(2025, 9, 12, 17, 33, 37, 764962)
trans_gpc-10072-gsu,1.0334556646825386,0.0001435443218946708,1.5117673675402175e-12,0.001068036248278207,1.0334556348088677,1.1406738034588221e-11,-7.636703634992347e-13,7.935403279035188e-13,datetime.datetime(2025, 9, 12, 17, 33, 37, 764962)
trans_gpc-10076-gsu,1.0317548359902677,0.0001433080813729767,1.3813424640241046e-12,0.0010645402881458528,1.0317548061657622,1.094224796738606e-11,-2.084323371893355e-13,-2.8347331842963523e-12,datetime.datetime(2025, 9, 12, 17, 33, 37, 764962)
trans_reg_c0362-cyp-reg_a,1.0045037914817527,135.30362364040596,644.7776446884528,-736.0370329063264,1.0263151050423391,132.81513046844506,-644.5503271243196,740.0323087909126,datetime.datetime(2025, 9, 12, 17, 33, 37, 764962)
trans_reg_c0362-cyp-reg_b,1.0045037914817527,125.90368614541148,444.77118932935457,-809.7161694312408,1.0263151050423391,125.12375194258179,-444.5743587593414,813.1782132336808,datetime.datetime(2025, 9, 12, 17, 33, 37, 764962)
trans_reg_c0362-cyp-reg_c,1.0045037914817527,125.15794496459134,397.34848443649014,-819.6278676951766,1.0263151050423391,123.61489939944015,-397.15397858069286,823.0490546089579,datetime.datetime(2025, 9, 12, 17, 33, 37, 764962)
trans_gpc-00550-gsu,1.0344797053951749,2.1552983962396048e-05,1.0061206815598078e-13,0.00016052604470143223,1.0344796909799125,3.2125604330967597e-12,-1.1596873893041903e-13,-3.813044941080725e-13,datetime.datetime(2025, 9, 12, 17, 34, 37, 764962)
trans_8695-c0362-cyp,1.0319779493592407,0.00022891344568875594,0.001384051117750971,0.0009884727981678111,1.0319778962423767,0.005094190297691914,-0.0013840510920704934,-0.0004549155961888499,datetime.datetime(2025, 9, 12, 17, 34, 37, 764962)
trans_8208-c0362-cyp,1.0333037169823058,0.00021528482321361202,1.8341961109669126e-12,0.0016015841110858103,1.0333036872352854,1.842801886794043e-11,1.1935234314291497e-12,4.504734682063643e-12,datetime.datetime(2025, 9, 12, 17, 34, 37, 764962)
trans_8208-c0362-cyp_1,1.0333037169823058,0.00021528482321361202,1.8341961109669126e-12,0.0016015841110858103,1.0333036872352854,1.842801886794043e-11,1.1935234314291497e-12,4.504734682063643e-12,datetime.datetime(2025, 9, 12, 17, 34, 37, 764962)
trans_860267-c0362-cyp,1.0313991351708214,0.0016515205421289616,0.011482766401394277,0.004306106103325387,1.0313987680011996,0.042287634807227394,-0.011482765007093082,-0.003774202340231906,datetime.datetime(2025, 9, 12, 17, 34, 37, 764962)
trans_gpc-10080-gsu,1.0333382858524005,0.00014352801820575507,2.637803154723062e-12,0.0010678354430782109,1.033338255982123,7.705362763772045e-12,-4.955884262705677e-13,-2.0442680286258244e-12,datetime.datetime(2025, 9, 12, 17, 34, 37, 764962)
trans_860708-c0362-cyp,1.0337190788934196,1.6152852493615634e-05,-2.084643154712934e-13,0.00012021545789764425,1.0337190651640118,1.6599558602469573e-12,4.234505706128209e-13,1.0794388992977906e-13,datetime.datetime(2025, 9, 12, 17, 34, 37, 764962)
trans_gpc-10072-gsu,1.0351092937540318,0.00014377400659778563,1.737165527745943e-12,0.0010714696574370738,1.0351092638325603,7.304269160294347e-12,-1.0015944263066926e-13,5.264662398991395e-13,datetime.datetime(2025, 9, 12, 17, 34, 37, 764962)
trans_gpc-10076-gsu,1.033332286040664,0.00014352718483373852,5.738069932398338e-13,0.0010678232064081734,1.0333322561705593,5.485279756748491e-12,-5.447464365081922e-13,8.033849275541574e-13,datetime.datetime(2025, 9, 12, 17, 34, 37, 764962)
trans_reg_c0362-cyp-reg_a,1.0033864395397634,140.2029035612922,709.0761426576769,-723.1940767782105,1.0313996544158301,136.78498778114147,-708.8320651972178,727.4827194689994,datetime.datetime(2025, 9, 12, 17, 34, 37, 764962)
trans_reg_c0362-cyp-reg_b,1.0033864395397634,126.75186059357567,471.2524844342225,-803.1228220155965,1.0313996544158301,125.96662763538185,-471.05299302743515,806.6314719721979,datetime.datetime(2025, 9, 12, 17, 34, 37, 764962)
trans_reg_c0362-cyp-reg_c,1.0033864395397634,125.48169621395654,418.01450051553115,-811.2149394981471,1.0313996544158301,123.93462668833888,-417.8189871361958,814.6537331955284,datetime.datetime(2025, 9, 12, 17, 34, 37, 764962)
trans_gpc-00550-gsu,1.0337004494151258,2.1536748459693506e-05,-1.4615876868170896e-13,0.0001602828311367552,1.0337004350107224,1.1368683772161603e-12,2.7817186803505936e-13,-1.7095099389788836e-13,datetime.datetime(2025, 9, 12, 17, 35, 37, 764962)
trans_8695-c0362-cyp,1.031578365036433,0.0002804495667546359,0.0017611938515030416,0.0011120191728532418,1.0315783012218185,0.006484839319704787,-0.001761193810249564,-0.0005788760625210146,datetime.datetime(2025, 9, 12, 17, 35, 37, 764962)
trans_8208-c0362-cyp,1.032842102205714,0.00021518864704425913,3.283369749695897e-12,0.0016001509637026349,1.032842072471983,1.9907514633813042e-11,8.300534844874263e-14,5.6867396680544975e-12,datetime.datetime(2025, 9, 12, 17, 35, 37, 764962)
trans_8208-c0362-cyp_1,1.032842102205714,0.00021518864704425913,3.283369749695897e-12,0.0016001509637026349,1.032842072471983,1.9907514633813042e-11,8.300534844874263e-14,5.6867396680544975e-12,datetime.datetime(2025, 9, 12, 17, 35, 37, 764962)
trans_860267-c0362-cyp,1.0310145253372693,0.0013904605765045958,0.00963574612809273,0.0036986213836355604,1.0310142144147971,0.03549891488472133,-0.009635745143215179,-0.0031671179500947977,datetime.datetime(2025, 9, 12, 17, 35, 37, 764962)
trans_gpc-10080-gsu,1.032527767851777,0.0001434154392325463,8.976266223370557e-13,0.0010661459172846399,1.0325277380049285,3.637978807091713e-12,-5.457032242225069e-13,-8.896382519407885e-13,datetime.datetime(2025, 9, 12, 17, 35, 37, 764962)
trans_860708-c0362-cyp,1.0332524704034143,1.6145561351612294e-05,1.5387086700277553e-13,0.000120106728294683,1.0332524566802037,3.1213129563569984e-12,1.5972019624790277e-13,-7.930447670537455e-13,datetime.datetime(2025, 9, 12, 17, 35, 37, 764962)
trans_gpc-10072-gsu,1.034360326468784,0.00014366997723053155,1.744673704118238e-12,0.001069912476783032,1.0343602965689622,1.287855327849796e-11,-6.728201583862312e-13,-3.6160421750011746e-12,datetime.datetime(2025, 9, 12, 17, 35, 37, 764962)
trans_gpc-10076-gsu,1.032521962711444,0.00014341463318440407,6.774968034500838e-13,0.0010661340605909652,1.032521932864763,4.067383956680332e-12,4.926938260365945e-14,-1.1538658354813332e-12,datetime.datetime(2025, 9, 12, 17, 35, 37, 764962)
trans_reg_c0362-cyp-reg_a,1.0018334067261105,143.2271819578756,757.1536729611995,-702.8067705525655,1.02971377413884,139.73542243263148,-756.8989522841408,707.2816145227465,datetime.datetime(2025, 9, 12, 17, 35, 37, 764962)
trans_reg_c0362-cyp-reg_b,1.0018334067261105,128.08853409838935,512.1999224122216,-789.7043112597465,1.02971377413884,127.29494381860319,-511.9962014316254,793.2869877643692,datetime.datetime(2025, 9, 12, 17, 35, 37, 764962)
trans_reg_c0362-cyp-reg_c,1.0018334067261105,125.88108289389638,432.89066677541257,-807.2008852364379,1.02971377413884,124.32906580166711,-432.6939068812055,810.6615101347091,datetime.datetime(2025, 9, 12, 17, 35, 37, 764962)
trans_gpc-00550-gsu,1.0333152630294833,2.152872333728347e-05,3.426785162054247e-13,0.00016016276590195524,1.0333152486304473,4.122055134869688e-12,-1.4589957763815188e-13,-1.1651470308475553e-12,datetime.datetime(2025, 9, 12, 17, 36, 37, 764962)
trans_8695-c0362-cyp,1.0313235955468099,0.00028038043047862063,0.0017603235216422522,0.0011114653520923623,1.0313235317480585,0.0064832440182888,-0.0017603234810296803,-0.0005785865364887369,datetime.datetime(2025, 9, 12, 17, 36, 37, 764962)
trans_8208-c0362-cyp,1.0325694287338238,0.00021513183738736092,3.5196923171137982e-12,0.0015993027491182643,1.0325693990079423,1.3279646881975658e-11,-8.584356906482907e-13,3.389917067431685e-12,datetime.datetime(2025, 9, 12, 17, 36, 37, 764962)
trans_8208-c0362-cyp_1,1.0325694287338238,0.00021513183738736092,3.5196923171137982e-12,0.0015993027491182643,1.0325693990079423,1.3279646881975658e-11,-8.584356906482907e-13,3.389917067431685e-12,datetime.datetime(2025, 9, 12, 17, 36, 37, 764962)
trans_860267-c0362-cyp,1.0307642699284052,0.0014606861802464687,0.010129085706719918,0.0038605276527503875,1.030763943876611,0.03732555844568909,-0.010129084619010052,-0.0033292824672905767,datetime.datetime(2025, 9, 12, 17, 36, 37, 764962)
trans_gpc-10080-gsu,1.032123613052806,0.00014335930302440954,2.1519537714287382e-13,0.0010653061187771407,1.0321235832176399,7.73070496506989e-12,-8.497077568597318e-14,1.7966678354198096e-12,datetime.datetime(2025, 9, 12, 17, 36, 37, 764962)
trans_860708-c0362-cyp,1.0329776078527708,1.6141266413815064e-05,-1.382124761861725e-13,0.0001200425687546532,1.0329775941332107,2.9700135538174775e-12,8.230378613522357e-14,-8.468527547683963e-13,datetime.datetime(2025, 9, 12, 17, 36, 37, 764962)
trans_gpc-10072-gsu,1.0339894927843745,0.00014361846932327738,1.0901309716038198e-12,0.0010691415443499234,1.0339894628952724,8.16011011465851e-12,4.788162205325167e-13,2.6041876663572354e-13,datetime.datetime(2025, 9, 12, 17, 36, 37, 764962)
trans_gpc-10076-gsu,1.0321176265469072,0.00014335847210001138,2.4460543139592785e-13,0.0010652938881526093,1.0321175967119143,1.296395215531963e-11,8.884658487265803e-13,-3.3747092029996584e-12,datetime.datetime(2025, 9, 12, 17, 36, 37, 764962)
trans_reg_c0362-cyp-reg_a,1.0015351815789761,144.40938377983986,774.5395675218814,-695.9541043547085,1.029375523112043,140.8887618703566,-774.2806246194333,700.5028264660326,datetime.datetime(2025, 9, 12, 17, 36, 37, 764962)
trans_reg_c0362-cyp-reg_b,1.0015351815789761,129.36705319762888,548.2132229083577,-775.828639161682,1.029375523112043,128.56546766883926,-548.0054148569715,779.4828129228139,datetime.datetime(2025, 9, 12, 17, 36, 37, 764962)
trans_reg_c0362-cyp-reg_c,1.0015351815789761,126.41160333316088,451.60655896584007,-801.8519936218838,1.029375523112043,124.85301432293821,-451.4081371531981,805.3417192090794,datetime.datetime(2025, 9, 12, 17, 36, 37, 764962)
trans_gpc-00550-gsu,1.033000548335111,2.1522166376428142e-05,-4.2931380932892395e-13,0.0001600657735040761,1.0330005339404604,3.410605131648481e-12,2.725322589769042e-13,-8.507816801800913e-13,datetime.datetime(2025, 9, 12, 17, 37, 37, 764962)
trans_8695-c0362-cyp,1.0313014051604075,0.0002803742616344254,0.001760249251040652,0.001111423145752181,1.031301341362916,0.006483097743749423,-0.0017602492110107754,-0.0005785659117860971,datetime.datetime(2025, 9, 12, 17, 37, 37, 764962)
trans_8208-c0362-cyp,1.0325577860011106,0.00021512941097283925,2.5906939284808806e-12,0.0015992713659536144,1.0325577562755643,1.7565715551413413e-11,9.201305808114884e-14,4.9308522318823756e-12,datetime.datetime(2025, 9, 12, 17, 37, 37, 764962)
trans_8208-c0362-cyp_1,1.0325577860011106,0.00021512941097283925,2.5906939284808806e-12,0.0015992713659536144,1.0325577562755643,1.7565715551413413e-11,9.201305808114884e-14,4.9308522318823756e-12,datetime.datetime(2025, 9, 12, 17, 37, 37, 764962)
trans_860267-c0362-cyp,1.0307420708647264,0.001709758125427746,0.011886452468266747,0.004438113685357596,1.0307416911579965,0.0438022557556961,-0.011886450973969152,-0.003906887475199718,datetime.datetime(2025, 9, 12, 17, 37, 37, 764962)
trans_gpc-10080-gsu,1.031734883147948,0.00014330530969135506,-5.5258108852540556e-14,0.0010645093270449618,1.031734853324019,1.541427737428441e-11,9.95405470062104e-13,2.7289508493031473e-13,datetime.datetime(2025, 9, 12, 17, 37, 37, 764962)
trans_860708-c0362-cyp,1.0329454700253518,1.614076414570122e-05,-3.590503330850453e-13,0.00012003544693154865,1.0329454563062186,2.0463630789890885e-12,3.290141962770397e-13,-4.036641411583084e-15,datetime.datetime(2025, 9, 12, 17, 37, 37, 764962)
trans_gpc-10072-gsu,1.0337214141122928,0.00014358123390751022,1.6049245855909168e-12,0.0010685907079604551,1.03372138423094,9.10204551971251e-12,7.008692553758621e-14,1.682757563671364e-12,datetime.datetime(2025, 9, 12, 17, 37, 37, 764962)
trans_gpc-10076-gsu,1.0317286543116386,0.00014330444446797896,-1.2509764057977446e-14,0.001064496612890956,1.0317286244878896,5.464066712620797e-12,-3.3871691507763204e-13,1.3153157905807943e-12,datetime.datetime(2025, 9, 12, 17, 37, 37, 764962)
trans_reg_c0362-cyp-reg_a,1.0012241987912878,145.65972805929806,792.321161751863,-688.9579087438825,1.0290235097726306,142.10858118435914,-792.0577154868773,693.5854284502276,datetime.datetime(2025, 9, 12, 17, 37, 37, 764962)
trans_reg_c0362-cyp-reg_b,1.0012241987912878,128.88409047637998,534.0127834715593,-782.5721619644307,1.0290235097726306,128.08552879410502,-533.8065240827951,786.1992710914959,datetime.datetime(2025, 9, 12, 17, 37, 37, 764962)
trans_reg_c0362-cyp-reg_c,1.0012241987912878,126.41472491584932,455.44738201537893,-798.8588200477561,1.0290235097726306,124.85608968914453,-455.2489504151479,802.3486891469355,datetime.datetime(2025, 9, 12, 17, 37, 37, 764962)
trans_gpc-00550-gsu,1.0323531202669196,2.150867734175335e-05,4.172487485729073e-14,0.00015986420555844138,1.0323531058812911,2.7844660624476367e-12,-2.3326766562580824e-13,-1.2537532341031822e-13,datetime.datetime(2025, 9, 12, 17, 38, 37, 764962)
trans_8695-c0362-cyp,1.030668296741412,0.0001219129451894214,0.0005547873467661148,0.0007145551096241027,1.0306682671136016,0.0020445670370428408,-0.0005547873423236865,-0.00018235131474350467,datetime.datetime(2025, 9, 12, 17, 38, 37, 764962)
trans_8208-c0362-cyp,1.0318476980567193,0.0002149814675701262,4.999407561545599e-12,0.0015970762646813886,1.0318476683516151,9.549694368615746e-12,-1.6106497874706917e-12,2.0786754406495273e-12,datetime.datetime(2025, 9, 12, 17, 38, 37, 764962)
trans_8208-c0362-cyp_1,1.0318476980567193,0.0002149814675701262,4.999407561545599e-12,0.0015970762646813886,1.0318476683516151,9.549694368615746e-12,-1.6106497874706917e-12,2.0786754406495273e-12,datetime.datetime(2025, 9, 12, 17, 38, 37, 764962)
trans_860267-c0362-cyp,1.0301224529654114,0.0019577421653439995,0.013627841280072099,0.00500984160441713,1.0301220198568541,0.05024951591906365,-0.013627839315953062,-0.004479250190129701,datetime.datetime(2025, 9, 12, 17, 38, 37, 764962)
trans_gpc-10080-gsu,1.0311135093056272,0.0001432190025483308,1.6194989811008087e-12,0.0010632122254986601,1.03111347949966,7.275957614183426e-12,-5.913199104192122e-13,-1.927639934810205e-12,datetime.datetime(2025, 9, 12, 17, 38, 37, 764962)
trans_860708-c0362-cyp,1.0322671948293474,1.613016545110194e-05,-4.208550188032622e-13,0.00011987809114353729,1.0322671811192226,2.8358353927159395e-12,4.899443610180647e-13,-1.0632007152752352e-13,datetime.datetime(2025, 9, 12, 17, 38, 37, 764962)
trans_gpc-10072-gsu,1.0330664848538529,0.00014349026557399056,2.080994451411633e-12,0.0010672342701319004,1.033066454991432,1.8189894035458565e-12,-4.4404143373124706e-13,2.7581772221914427e-13,datetime.datetime(2025, 9, 12, 17, 38, 37, 764962)
trans_gpc-10076-gsu,1.0311071736487134,0.00014321812249098637,1.6201510220220649e-12,0.0010631992525270753,1.031107143842929,4.294757632123564e-12,9.278452917230741e-13,6.145832061756481e-13,datetime.datetime(2025, 9, 12, 17, 38, 37, 764962)
trans_reg_c0362-cyp-reg_a,0.9984790029317735,151.6757439940255,871.1288942596866,-655.7209970536204,1.026056124763517,147.97773417141724,-870.8432373269839,660.7371066988322,datetime.datetime(2025, 9, 12, 17, 38, 37, 764962)
trans_reg_c0362-cyp-reg_b,0.9984790029317735,132.38701157742295,612.9124051509996,-756.0754461386141,1.026056124763517,131.56657651172642,-612.694781893868,759.9014257464274,datetime.datetime(2025, 9, 12, 17, 38, 37, 764962)
trans_reg_c0362-cyp-reg_c,0.9984790029317735,127.2176941010414,477.593600417347,-794.0611065833045,1.026056124763517,125.64912070336851,-477.39264004987473,797.5952739135607,datetime.datetime(2025, 9, 12, 17, 38, 37, 764962)
trans_gpc-00550-gsu,1.032423763173208,2.1510149306599998e-05,4.1144898902875654e-13,0.00015988806885771582,1.032423748786595,4.846149019352229e-12,-2.1846998717490875e-13,-1.3493219075735415e-12,datetime.datetime(2025, 9, 12, 17, 39, 37, 764962)
trans_8695-c0362-cyp,1.0309171609017922,0.0002284362242969153,0.0013794279463614943,0.00098585991042967,1.0309171078902042,0.005082369548662726,-0.0013794279208249555,-0.0004533960296740896,datetime.datetime(2025, 9, 12, 17, 39, 37, 764962)
trans_8208-c0362-cyp,1.0321327016297663,0.00021504084702904247,2.2357034418218905e-12,0.0015979689693640595,1.0321326719164576,1.4573210734316534e-11,1.1945810873038659e-12,3.6230710231714417e-12,datetime.datetime(2025, 9, 12, 17, 39, 37, 764962)
trans_8208-c0362-cyp_1,1.0321327016297663,0.00021504084702904247,2.2357034418218905e-12,0.0015979689693640595,1.0321326719164576,1.4573210734316534e-11,1.1945810873038659e-12,3.6230710231714417e-12,datetime.datetime(2025, 9, 12, 17, 39, 37, 764962)
trans_860267-c0362-cyp,1.0303671672640728,0.0016390835543938814,0.011383790493035463,0.0042725129595334276,1.0303668027849044,0.041964910381143576,-0.011383789120487884,-0.0037416704760630474,datetime.datetime(2025, 9, 12, 17, 39, 37, 764962)
trans_gpc-10080-gsu,1.031186119915618,0.00014322908800715162,2.2713253586964522e-12,0.0010633778268882373,1.0311860901075516,1.1801058266563299e-11,-1.116084045657357e-12,-2.803463119107077e-12,datetime.datetime(2025, 9, 12, 17, 39, 37, 764962)
trans_860708-c0362-cyp,1.0325191437026815,1.6134102457985518e-05,2.3579122400245456e-13,0.00011993743074813853,1.0325191299892102,2.2737367544323206e-12,1.8509729472153049e-13,-5.971179684665972e-13,datetime.datetime(2025, 9, 12, 17, 39, 37, 764962)
trans_gpc-10072-gsu,1.033132842285383,0.00014349948262471008,1.2057390121056335e-12,0.0010673841393555612,1.0331328124210437,5.4569682106375694e-12,4.897920832708578e-13,7.638691046503899e-13,datetime.datetime(2025, 9, 12, 17, 39, 37, 764962)
trans_gpc-10076-gsu,1.0311798291248222,0.00014322821403095061,5.386321649120118e-13,0.0010633649699483285,1.031179799316938,7.73070496506989e-12,-8.374788321603834e-14,1.7969183333173748e-12,datetime.datetime(2025, 9, 12, 17, 39, 37, 764962)
trans_reg_c0362-cyp-reg_a,0.999264698765818,150.7615493991356,860.474935818558,-660.2877671353443,1.0268814813693516,147.085855181617,-860.1927119363711,665.243825647815,datetime.datetime(2025, 9, 12, 17, 39, 37, 764962)
trans_reg_c0362-cyp-reg_b,0.999264698765818,129.92433564862233,555.3164487962155,-778.9223270702757,1.0268814813693516,129.11928814196628,-555.1068465278543,782.6079930878298,datetime.datetime(2025, 9, 12, 17, 39, 37, 764962)
trans_reg_c0362-cyp-reg_c,0.999264698765818,126.8977469247723,473.3055309620478,-792.0198791967586,1.0268814813693516,125.33312336863136,-473.10558012954806,795.5363187311968,datetime.datetime(2025, 9, 12, 17, 39, 37, 764962)
trans_gpc-00550-gsu,1.032810444508464,2.151820550349168e-05,1.654524607597195e-15,0.00016000791717400324,1.0328104301164627,2.1957144439266767e-12,-2.367449947400914e-13,-5.752328259116709e-13,datetime.datetime(2025, 9, 12, 17, 40, 37, 764962)
trans_8695-c0362-cyp,1.0311710853477694,0.0002803386366967697,0.0017598106956118798,0.0011111528902156553,1.0311710215581795,0.006482268797259749,-0.0017598106539672682,-0.0005784271470718463,datetime.datetime(2025, 9, 12, 17, 40, 37, 764962)
trans_8208-c0362-cyp,1.0323899949386794,0.00021509445298583245,8.344969680551538e-13,0.0015987638683703192,1.0323899652179638,1.094224796738606e-11,1.6032214809963223e-12,2.446595065821193e-12,datetime.datetime(2025, 9, 12, 17, 40, 37, 764962)
trans_8208-c0362-cyp_1,1.0323899949386794,0.00021509445298583245,8.344969680551538e-13,0.0015987638683703192,1.0323899652179638,1.094224796738606e-11,1.6032214809963223e-12,2.446595065821193e-12,datetime.datetime(2025, 9, 12, 17, 40, 37, 764962)
trans_860267-c0362-cyp,1.0306202819410082,0.00152003450990002,0.010546571495036957,0.003997578706277188,1.030619943105697,0.03886908301460176,-0.010546570316057605,-0.0034664771533234264,datetime.datetime(2025, 9, 12, 17, 40, 37, 764962)
trans_gpc-10080-gsu,1.0316014293779545,0.0001432867732793055,2.3609648368283496e-12,0.0010642355210694534,1.0316013995578832,7.768759227496508e-12,-1.868719921997228e-13,-2.1858795617029268e-12,datetime.datetime(2025, 9, 12, 17, 40, 37, 764962)
trans_860708-c0362-cyp,1.0327792953670032,1.6138167532102432e-05,4.43137278174216e-14,0.00011999774525392781,1.0327792816500767,2.8801672149109413e-12,-1.764298990437834e-13,-8.067653823106963e-13,datetime.datetime(2025, 9, 12, 17, 40, 37, 764962)
trans_gpc-10072-gsu,1.0334888986149477,0.00014354893783617738,1.1333623449460979e-13,0.0010681199637479883,1.0334888687403163,7.712461265755273e-12,9.38088253352832e-13,3.918061826448096e-13,datetime.datetime(2025, 9, 12, 17, 40, 37, 764962)
trans_gpc-10076-gsu,1.0315952912055497,0.00014328592062279043,8.22608973993777e-13,0.0010642229755864682,1.0315952613856558,7.304269160294347e-12,-9.205714040699351e-14,5.216576331357394e-13,datetime.datetime(2025, 9, 12, 17, 40, 37, 764962)
trans_reg_c0362-cyp-reg_a,0.9999472346100226,148.19259814339125,827.5139944831485,-673.3656344738681,1.0276430523762838,144.5796140843941,-827.241306608321,678.1548373133127,datetime.datetime(2025, 9, 12, 17, 40, 37, 764962)
trans_reg_c0362-cyp-reg_b,0.9999472346100226,128.84084161861844,527.503122080298,-788.3450750253189,1.0276430523762838,128.04256365219808,-527.2970010695585,791.9698168884631,datetime.datetime(2025, 9, 12, 17, 40, 37, 764962)
trans_reg_c0362-cyp-reg_c,0.9999472346100226,126.30848670845515,452.85433915130756,-798.9531962523855,1.0276430523762838,124.75116501387112,-452.65624092673363,802.4372152693577,datetime.datetime(2025, 9, 12, 17, 40, 37, 764962)
trans_gpc-00550-gsu,1.0332434316323695,2.1527226678949044e-05,-2.2395951673054305e-13,0.00016014215760296117,1.0332434172343348,2.7284841053187847e-12,2.4208083312773623e-13,-7.1228860659297e-13,datetime.datetime(2025, 9, 12, 17, 41, 37, 764962)
trans_8695-c0362-cyp,1.0314094487770786,0.00012212679394986705,0.0005566620037769665,0.0007159361409016084,1.0314094190976026,0.002049994323660932,-0.0005566619989695814,-0.0001829653308537588,datetime.datetime(2025, 9, 12, 17, 41, 37, 764962)
trans_8208-c0362-cyp,1.032623982523738,0.00021514320343141936,1.4638790596377405e-12,0.001599484644061427,1.0326239527962862,1.137165311697468e-11,7.410886111447563e-14,9.264534511603263e-13,datetime.datetime(2025, 9, 12, 17, 41, 37, 764962)
trans_8208-c0362-cyp_1,1.032623982523738,0.00021514320343141936,1.4638790596377405e-12,0.001599484644061427,1.0326239527962862,1.137165311697468e-11,7.410886111447563e-14,9.264534511603263e-13,datetime.datetime(2025, 9, 12, 17, 41, 37, 764962)
trans_860267-c0362-cyp,1.0308572736494346,0.0015203832776662985,0.010551392368227847,0.003999418683005534,1.0308569347357281,0.038877999275232486,-0.01055139118761624,-0.0034680738870375644,datetime.datetime(2025, 9, 12, 17, 41, 37, 764962)
trans_gpc-10080-gsu,1.03208215338219,0.00014335354455897968,1.9428611931077146e-12,0.0010652290350719983,1.0320821235482225,7.712461265755273e-12,-1.0607704468207154e-12,-3.891632866603819e-13,datetime.datetime(2025, 9, 12, 17, 41, 37, 764962)
trans_860708-c0362-cyp,1.033029257824917,1.6142073466027623e-05,-2.252958410109418e-14,0.0001200555589998545,1.0330292441046705,2.8638263712803657e-12,-6.194565085122529e-14,-7.755501809405363e-13,datetime.datetime(2025, 9, 12, 17, 41, 37, 764962)
trans_gpc-10072-gsu,1.033891368439786,0.0001436048400745996,1.306489286548307e-12,0.00106895157301995,1.0338913385535202,9.524352167317902e-12,-1.4902893891294735e-12,-1.9130150143915115e-12,datetime.datetime(2025, 9, 12, 17, 41, 37, 764962)
trans_gpc-10076-gsu,1.032076143218178,0.00014335270979583633,1.3370383428884524e-12,0.001065216753884329,1.0320761133843843,4.294757632123564e-12,9.275444779023513e-13,6.209468570343067e-13,datetime.datetime(2025, 9, 12, 17, 41, 37, 764962)
trans_reg_c0362-cyp-reg_a,1.0012019155089011,145.30640811641328,787.9428769777076,-690.0661169739351,1.0290064971282074,141.76388495211413,-787.6807072032699,694.6712974307499,datetime.datetime(2025, 9, 12, 17, 41, 37, 764962)
trans_reg_c0362-cyp-reg_b,1.0012019155089011,128.0356434238759,505.76934822275126,-794.7294927339908,1.0290064971282074,127.2423951199362,-505.5657954267714,798.3092688548185,datetime.datetime(2025, 9, 12, 17, 41, 37, 764962)
trans_reg_c0362-cyp-reg_c,1.0012019155089011,126.06079346683009,443.52415246265593,-802.0189890096565,1.0290064971282074,124.50654154381814,-443.32683039993947,805.4894223622765,datetime.datetime(2025, 9, 12, 17, 41, 37, 764962)
trans_gpc-00550-gsu,1.0337474816376775,2.1537728305073226e-05,2.874652326075033e-13,0.00016029879587922907,1.0337474672326188,2.451079097934335e-12,-2.411821325496303e-13,-1.978005533712661e-13,datetime.datetime(2025, 9, 12, 17, 42, 37, 764962)
trans_8695-c0362-cyp,1.0318216089009216,8.305690075446857e-05,0.00017620401561141267,0.0005913113283185379,1.0318215900014638,0.0006486384785198056,-0.0001762040146669719,-5.7914403508241104e-05,datetime.datetime(2025, 9, 12, 17, 42, 37, 764962)
trans_8208-c0362-cyp,1.033086020690155,0.00021523946722243716,1.2865144210366666e-12,0.0016009150487941567,1.0330859909494021,2.0093814374079265e-11,1.8722070087154214e-12,5.1618942332490865e-12,datetime.datetime(2025, 9, 12, 17, 42, 37, 764962)
trans_8208-c0362-cyp_1,1.033086020690155,0.00021523946722243716,1.2865144210366666e-12,0.0016009150487941567,1.0330859909494021,2.0093814374079265e-11,1.8722070087154214e-12,5.1618942332490865e-12,datetime.datetime(2025, 9, 12, 17, 42, 37, 764962)
trans_860267-c0362-cyp,1.0312590021220063,0.0015209757740932764,0.010559621880006686,0.0040025378998673365,1.0312586630762297,0.03889315012893607,-0.010559620699332391,-0.0034707786873078893,datetime.datetime(2025, 9, 12, 17, 42, 37, 764962)
trans_gpc-10080-gsu,1.0325507752768999,0.0001434186352829634,1.5485290237593485e-12,0.001066204998695476,1.032550745429386,9.094947017729282e-12,1.4119849152300985e-14,-1.6751048218435094e-12,datetime.datetime(2025, 9, 12, 17, 42, 37, 764962)
trans_860708-c0362-cyp,1.0334807280069551,1.6149128115500336e-05,1.424671923402204e-13,0.00012016043734902805,1.0334807142807125,4.122055134869688e-12,-8.713627490654926e-14,-1.121144707436782e-12,datetime.datetime(2025, 9, 12, 17, 42, 37, 764962)
trans_gpc-10072-gsu,1.0344068954093704,0.0001436764455061335,3.50521518061031e-13,0.0010700174240974069,1.0344068655082026,7.705362763772045e-12,-4.933934092838555e-13,-2.0510010726599992e-12,datetime.datetime(2025, 9, 12, 17, 42, 37, 764962)
trans_gpc-10076-gsu,1.0325447866487034,0.00014341780310839913,1.3372942232747766e-12,0.0010661927813428544,1.0325447568013628,1.060894568123579e-11,1.5092187755926e-13,-6.31936150764512e-13,datetime.datetime(2025, 9, 12, 17, 42, 37, 764962)
trans_reg_c0362-cyp-reg_a,1.002630990915338,141.9274901348381,737.21210155082,-711.4252372657393,1.030570580319404,138.4674644112904,-736.9619826567877,715.8195781188393,datetime.datetime(2025, 9, 12, 17, 42, 37, 764962)
trans_reg_c0362-cyp-reg_b,1.002630990915338,126.65153348959531,462.54517273483305,-808.6679842145762,1.030570580319404,125.86693939902972,-462.34599698016,812.1711547200722,datetime.datetime(2025, 9, 12, 17, 42, 37, 764962)
trans_reg_c0362-cyp-reg_c,1.002630990915338,125.4691715664376,421.3393963657917,-808.6891273119448,1.030570580319404,123.92225038805807,-421.14392202339485,812.1272141598146,datetime.datetime(2025, 9, 12, 17, 42, 37, 764962)
trans_gpc-00550-gsu,1.034112495416357,2.1545333272660647e-05,-1.3138985515900868e-13,0.00016041250993761684,1.034112481006212,2.983848759326443e-12,-1.9470347957721503e-14,1.6039143015904028e-13,datetime.datetime(2025, 9, 12, 17, 43, 37, 764962)
trans_8695-c0362-cyp,1.032237181733933,0.0002285349581776688,0.0013815252545164574,0.0009879121011832294,1.0322371286950602,0.005083602965700461,-0.001381525228259932,-0.00045408538407411107,datetime.datetime(2025, 9, 12, 17, 43, 37, 764962)
trans_8208-c0362-cyp,1.0335226814323242,0.0002153304434976798,1.6132967513987628e-12,0.0016022671680681016,1.0335226516790004,1.7243911935056402e-11,1.0252313599542416e-12,4.282920456366153e-12,datetime.datetime(2025, 9, 12, 17, 43, 37, 764962)
trans_8208-c0362-cyp_1,1.0335226814323242,0.0002153304434976798,1.6132967513987628e-12,0.0016022671680681016,1.0335226516790004,1.7243911935056402e-11,1.0252313599542416e-12,4.282920456366153e-12,datetime.datetime(2025, 9, 12, 17, 43, 37, 764962)
trans_860267-c0362-cyp,1.031669571690173,0.0017109587391389949,0.011905515351535723,0.004445338296241606,1.0316691917145302,0.04383288554974298,-0.011905513855351272,-0.00391315349201729,datetime.datetime(2025, 9, 12, 17, 43, 37, 764962)
trans_gpc-10080-gsu,1.0329667268488418,0.00014347640963090533,9.604089641623846e-13,0.001067070376790138,1.0329666969893043,7.275957614183426e-12,1.0425458909142325e-12,-1.0933166693217574e-14,datetime.datetime(2025, 9, 12, 17, 43, 37, 764962)
trans_860708-c0362-cyp,1.0339167102752718,1.6155940769745567e-05,-3.789273395927994e-13,0.00012026175657166737,1.0339166965432387,2.3810880418294754e-12,3.638597693969559e-13,-5.572081656120044e-13,datetime.datetime(2025, 9, 12, 17, 43, 37, 764962)
trans_gpc-10072-gsu,1.0347536837992657,0.0001437246132807051,1.0278355892096025e-12,0.0010707364462873806,1.0347536538880735,9.094947017729282e-12,9.895793211456517e-13,-1.316228366791718e-13,datetime.datetime(2025, 9, 12, 17, 43, 37, 764962)
trans_gpc-10076-gsu,1.0329607414559554,0.00014347557852734303,3.0790895180765616e-13,0.001067058180555613,1.0329607115965909,9.53145066930113e-12,-5.012455063482677e-13,-1.9266535540752407e-12,datetime.datetime(2025, 9, 12, 17, 43, 37, 764962)
trans_reg_c0362-cyp-reg_a,1.0042837012096026,138.01674547468645,672.3882063658074,-737.380913998219,1.032385925790906,134.65220999692534,-672.1516811249834,741.5374248791346,datetime.datetime(2025, 9, 12, 17, 43, 37, 764962)
trans_reg_c0362-cyp-reg_b,1.0042837012096026,125.68761212014462,428.7999764937256,-818.0165990251284,1.032385925790906,124.90904482074001,-428.6038208950418,821.4668824902863,datetime.datetime(2025, 9, 12, 17, 43, 37, 764962)
trans_reg_c0362-cyp-reg_c,1.0042837012096026,124.97068971210528,396.4688879328671,-817.3796042161433,1.032385925790906,123.42995329894525,-396.2749636613659,820.7905736072906,datetime.datetime(2025, 9, 12, 17, 43, 37, 764962)
trans_gpc-00550-gsu,1.033583523196237,2.1534312395589236e-05,-3.055699783916649e-13,0.00016024557222271091,1.0335835087934628,4.1021836702366945e-12,1.4259887089606807e-13,-1.0768935865005856e-12,datetime.datetime(2025, 9, 12, 17, 44, 37, 764962)
trans_8695-c0362-cyp,1.0317289789612871,0.00012229092516192742,0.0005580766356062343,0.0007167283974937482,1.0317289492421686,0.0020545819541325713,-0.0005580766319096764,-0.00018343091743860528,datetime.datetime(2025, 9, 12, 17, 44, 37, 764962)
trans_8208-c0362-cyp,1.0329556466205585,0.00021521230411114794,2.662626117852507e-12,0.001600497005461801,1.0329556168835585,1.4551915228366852e-11,-1.3508934055056003e-12,3.5236471897025423e-12,datetime.datetime(2025, 9, 12, 17, 44, 37, 764962)
trans_8208-c0362-cyp_1,1.0329556466205585,0.00021521230411114794,2.662626117852507e-12,0.001600497005461801,1.0329556168835585,1.4551915228366852e-11,-1.3508934055056003e-12,3.5236471897025423e-12,datetime.datetime(2025, 9, 12, 17, 44, 37, 764962)
trans_860267-c0362-cyp,1.031172244150389,0.0015808853007957505,0.010981618230088721,0.004141149945070168,1.0311718921991502,0.04045110525698693,-0.010981616954007303,-0.003609482944276387,datetime.datetime(2025, 9, 12, 17, 44, 37, 764962)
trans_gpc-10080-gsu,1.03254691143925,0.00014341809832827543,1.56394261950632e-12,0.0010661758221249317,1.0325468815918484,3.637978807091713e-12,-9.093430691767835e-13,-4.948880430126073e-13,datetime.datetime(2025, 9, 12, 17, 44, 37, 764962)
trans_860708-c0362-cyp,1.0333703812020083,1.6147403847794236e-05,-5.890297516235321e-14,0.000120133711017142,1.0333703674772314,3.105209145699605e-12,2.1087600308887973e-13,-8.44530235819281e-13,datetime.datetime(2025, 9, 12, 17, 44, 37, 764962)
trans_gpc-10072-gsu,1.0341594737346176,0.0001436420792280193,1.0699372689909614e-12,0.0010694906543134665,1.034159443840602,8.362141588803897e-12,-1.162625619573745e-13,-2.3212688391616156e-12,datetime.datetime(2025, 9, 12, 17, 44, 37, 764962)
trans_gpc-10076-gsu,1.032541041859469,0.00014341728318867077,6.3670227597179e-13,0.0010661638088382513,1.0325410120122367,1.1343341570863758e-11,9.089596706107653e-13,-1.4712192308235527e-12,datetime.datetime(2025, 9, 12, 17, 44, 37, 764962)
trans_reg_c0362-cyp-reg_a,1.0090216751028953,136.33050990763576,659.1529591099584,-739.1608183477402,1.0309142538346971,133.82311120573172,-658.922178033256,743.2168606457412,datetime.datetime(2025, 9, 12, 17, 44, 37, 764962)
trans_reg_c0362-cyp-reg_b,1.0090216751028953,125.95745745494146,453.822550019532,-803.3170358481386,1.0309142538346971,125.17717201990786,-453.625551316035,806.7819618814272,datetime.datetime(2025, 9, 12, 17, 44, 37, 764962)
trans_reg_c0362-cyp-reg_c,1.0090216751028953,130.25891886094473,538.3718619751824,-775.9694485885224,1.0309142538346971,127.86343948930204,-538.1611788024762,779.6737140108349,datetime.datetime(2025, 9, 12, 17, 44, 37, 764962)
trans_gpc-00550-gsu,1.0349050585802548,2.1561846043368022e-05,-1.606531737068789e-13,0.00016065474033530972,1.0349050441590657,2.0743540575535147e-12,-1.8979217232908968e-14,-4.826818676045507e-13,datetime.datetime(2025, 9, 12, 17, 45, 37, 764962)
trans_8695-c0362-cyp,1.0327209581224752,8.312935645373896e-05,0.00017650948066920462,0.0005923398429550305,1.0327209392065158,0.0006492019276211875,-0.00017650947993077024,-5.801580855356493e-05,datetime.datetime(2025, 9, 12, 17, 45, 37, 764962)
trans_8208-c0362-cyp,1.0340117594785625,0.00021543234132281067,2.2725730654954424e-12,0.0016037732109455164,1.0340117297111588,1.274712282878745e-11,-7.84935207867279e-13,3.255499868132961e-12,datetime.datetime(2025, 9, 12, 17, 45, 37, 764962)
trans_8208-c0362-cyp_1,1.0340117594785625,0.00021543234132281067,2.2725730654954424e-12,0.0016037732109455164,1.0340117297111588,1.274712282878745e-11,-7.84935207867279e-13,3.255499868132961e-12,datetime.datetime(2025, 9, 12, 17, 45, 37, 764962)
trans_860267-c0362-cyp,1.0321506355775694,0.0011437521146261456,0.007901977740887602,0.0031299268936360045,1.0321503778178263,0.029079534451352668,-0.007901977077707926,-0.002597253855654748,datetime.datetime(2025, 9, 12, 17, 45, 37, 764962)
trans_gpc-10080-gsu,1.033905104200641,0.00014360674808411002,1.2618784610979317e-12,0.0010689711445724531,1.0339050743139782,1.1779845222435605e-11,-1.7386657014361217e-14,-3.3696026911323375e-12,datetime.datetime(2025, 9, 12, 17, 45, 37, 764962)
trans_860708-c0362-cyp,1.0344228000696334,1.6163848888287874e-05,-5.325018258370978e-14,0.0001203786225229497,1.0344227863308786,3.852681381886023e-12,7.948887360407807e-14,-1.0685471361154365e-12,datetime.datetime(2025, 9, 12, 17, 45, 37, 764962)
trans_gpc-10072-gsu,1.0354625594589317,0.0001438230742749207,1.895346126573605e-12,0.0010721838798371452,1.0354625295272484,4.067383956680332e-12,-9.865924593987825e-13,-6.214289137202803e-13,datetime.datetime(2025, 9, 12, 17, 45, 37, 764962)
trans_gpc-10076-gsu,1.0338993409527861,0.00014360594736901867,1.912309520804567e-12,0.0010689592953810033,1.03389931106629,7.705362763772045e-12,-4.946064978010532e-13,-2.0516087052279148e-12,datetime.datetime(2025, 9, 12, 17, 45, 37, 764962)
trans_reg_c0362-cyp-reg_a,1.0081375438213822,131.44737595798333,561.4431258491438,-771.3752941277728,1.0301751899707103,129.02999457071076,-561.2285807488787,775.1471792304048,datetime.datetime(2025, 9, 12, 17, 45, 37, 764962)
trans_reg_c0362-cyp-reg_b,1.0081375438213822,124.48912612894829,383.79227006317376,-827.3963218687275,1.0301751899707103,123.71804725668096,-383.59983738722656,830.7813515091252,datetime.datetime(2025, 9, 12, 17, 45, 37, 764962)
trans_reg_c0362-cyp-reg_c,1.0081375438213822,126.61518309643051,404.64111835904765,-826.8928794834779,1.0301751899707103,124.28695103600006,-404.44205684455,830.3938667320226,datetime.datetime(2025, 9, 12, 17, 45, 37, 764962)
trans_gpc-00550-gsu,1.0336506311434381,2.153571045899086e-05,-3.0965681104347387e-13,0.00016026728512054562,1.0336506167397292,1.5916157281026244e-12,1.8072784978943346e-13,1.9106152547754695e-13,datetime.datetime(2025, 9, 12, 17, 46, 37, 764962)
trans_8695-c0362-cyp,1.0311628401318738,0.00022815194027609126,0.0013775688913658995,0.0009854974696271225,1.0311627871786166,0.005074360456773478,-0.001377568866301685,-0.00045278499131745956,datetime.datetime(2025, 9, 12, 17, 46, 37, 764962)
trans_8208-c0362-cyp,1.0324989024269362,0.0002151171434857263,1.6465690460404358e-12,0.0015990830139611812,1.032498872703085,1.2644764411313829e-11,-7.999679490819722e-13,2.445747985787173e-12,datetime.datetime(2025, 9, 12, 17, 46, 37, 764962)
trans_8208-c0362-cyp_1,1.0324989024269362,0.0002151171434857263,1.6465690460404358e-12,0.0015990830139611812,1.032498872703085,1.2644764411313829e-11,-7.999679490819722e-13,2.445747985787173e-12,datetime.datetime(2025, 9, 12, 17, 46, 37, 764962)
trans_860267-c0362-cyp,1.0305818342140343,0.0008333541694779718,0.005696995059383475,0.002403563911578174,1.0305816434388224,0.020997068148850058,-0.0056969947119244295,-0.001872511612343975,datetime.datetime(2025, 9, 12, 17, 46, 37, 764962)
trans_gpc-10080-gsu,1.0326770447908202,0.0001434361735117945,-1.4801788267293745e-15,0.0010664534229416775,1.0326770149396565,4.294757632123564e-12,8.862680549825343e-13,-6.538905675780144e-13,datetime.datetime(2025, 9, 12, 17, 46, 37, 764962)
trans_860708-c0362-cyp,1.03291334673282,1.6140262281852132e-05,1.310287718169628e-13,0.00012002756594683589,1.0329133330141134,3.2905827436024037e-12,1.1602147859473644e-13,-8.78039358538736e-13,datetime.datetime(2025, 9, 12, 17, 46, 37, 764962)
trans_gpc-10072-gsu,1.0341840086465153,0.00014364548690512185,1.5518062182473533e-12,0.0010695462198785503,1.0341839787517901,2.2737367544323206e-12,-5.848108441941646e-13,-2.4781763397165246e-13,datetime.datetime(2025, 9, 12, 17, 46, 37, 764962)
trans_gpc-10076-gsu,1.0326713295723053,0.00014343537996063332,1.6621902552277358e-12,0.0010664417473278801,1.0326712997213068,1.1350440072846986e-11,3.0884709927000067e-13,-3.111777036255008e-12,datetime.datetime(2025, 9, 12, 17, 46, 37, 764962)
trans_reg_c0362-cyp-reg_a,1.0077942078736948,129.0129494237939,497.1113681426822,-793.1696358537802,1.0299337911806266,126.64046345288315,-496.90469607331295,796.80373298511,datetime.datetime(2025, 9, 12, 17, 46, 37, 764962)
trans_reg_c0362-cyp-reg_b,1.0077942078736948,124.00677481345262,339.62726190581725,-843.0152256353887,1.0299337911806266,123.23874079826139,-339.43631746989644,846.3742244641003,datetime.datetime(2025, 9, 12, 17, 46, 37, 764962)
trans_reg_c0362-cyp-reg_c,1.0077942078736948,124.24931345612538,321.93776653984617,-845.1831301565818,1.0299337911806266,122.71756722234147,-321.74607446072054,848.5550845811796,datetime.datetime(2025, 9, 12, 17, 46, 37, 764962)
trans_gpc-00550-gsu,1.033737837798683,2.1537527433068487e-05,6.412213247354581e-13,0.00016029446690499747,1.0337378233937589,2.4230881193699087e-12,-5.528795611348952e-13,-1.1911374379129357e-13,datetime.datetime(2025, 9, 12, 17, 47, 37, 764962)
trans_8695-c0362-cyp,1.0312134323328925,0.00012235601130027165,0.0005585941647891536,0.0007163627676575054,1.0312134025983137,0.0020575110512934622,-0.0005585941585221541,-0.00018359789008697564,datetime.datetime(2025, 9, 12, 17, 47, 37, 764962)
trans_8208-c0362-cyp,1.0325237078328355,0.00021512231186774513,1.926946107885796e-12,0.0015991598847490455,1.0325236781082705,1.2761237370931917e-11,-1.6250482006791922e-12,1.0342391210832543e-12,datetime.datetime(2025, 9, 12, 17, 47, 37, 764962)
trans_8208-c0362-cyp_1,1.0325237078328355,0.00021512231186774513,1.926946107885796e-12,0.0015991598847490455,1.0325236781082705,1.2761237370931917e-11,-1.6250482006791922e-12,1.0342391210832543e-12,datetime.datetime(2025, 9, 12, 17, 47, 37, 764962)
trans_860267-c0362-cyp,1.0306355127342564,0.0007734371132677828,0.0052733989697738605,0.0022643883020277778,1.0306353349006276,0.01943482226507994,-0.0052733986704244585,-0.0017332807392836298,datetime.datetime(2025, 9, 12, 17, 47, 37, 764962)
trans_gpc-10080-gsu,1.032764438403109,0.00014344831232856927,7.388745934533425e-13,0.0010666349996862575,1.0327644085494192,3.637978807091713e-12,-4.986434677171277e-13,9.06378164531884e-13,datetime.datetime(2025, 9, 12, 17, 47, 37, 764962)
trans_860708-c0362-cyp,1.0329550223177646,1.6140913400425155e-05,-1.274053257642113e-13,0.0001200372638618885,1.0329550085985042,2.602896744509603e-12,2.932875107277668e-13,-5.33320579640947e-13,datetime.datetime(2025, 9, 12, 17, 47, 37, 764962)
trans_gpc-10072-gsu,1.0342735148571751,0.00014365791911334202,1.9816514384290997e-12,0.0010697319378858152,1.0342734849598627,1.1144962751773774e-11,-6.704788144873775e-13,-1.0040390358464567e-12,datetime.datetime(2025, 9, 12, 17, 47, 37, 764962)
trans_gpc-10076-gsu,1.0327586243095592,0.00014344750441758599,1.486494550714812e-12,0.0010666231137120342,1.0327585944560373,1.3162330974409615e-11,-3.395378961527539e-13,1.2098480723663995e-12,datetime.datetime(2025, 9, 12, 17, 47, 37, 764962)
trans_reg_c0362-cyp-reg_a,1.0082676486997084,128.46846798933424,477.56035254802777,-801.0055879527923,1.030452329335635,126.10603117745713,-477.35542120162916,804.6092393210043,datetime.datetime(2025, 9, 12, 17, 47, 37, 764962)
trans_reg_c0362-cyp-reg_b,1.0082676486997084,123.91342210666723,342.28540509588163,-840.4682644035901,1.030452329335635,123.14596294700895,-342.09474804406227,843.8222078101895,datetime.datetime(2025, 9, 12, 17, 47, 37, 764962)
trans_reg_c0362-cyp-reg_c,1.0082676486997084,124.28787046448338,317.8230469557043,-847.4526408687892,1.030452329335635,122.75565342254566,-317.63123587943306,850.8266927307135,datetime.datetime(2025, 9, 12, 17, 47, 37, 764962)
trans_gpc-00550-gsu,1.0344743577209905,2.1552872491243146e-05,-3.6682543764696153e-13,0.00016052362640286652,1.034474343305803,2.0463630789890885e-12,2.5964962090103875e-13,-1.9878759878783127e-13,datetime.datetime(2025, 9, 12, 17, 48, 37, 764962)
trans_8695-c0362-cyp,1.031562552968968,8.303521084947192e-05,0.000176121641080867,0.0005910025873691524,1.0315625340746242,0.000648489523092156,-0.00017612163972750584,-5.787644303461808e-05,datetime.datetime(2025, 9, 12, 17, 48, 37, 764962)
trans_8208-c0362-cyp,1.03291794796166,0.00021520444949707317,1.8143985602153692e-12,0.0016003829750209522,1.0329179182257453,2.785995611827542e-11,8.97725534399426e-13,7.907528692138745e-12,datetime.datetime(2025, 9, 12, 17, 48, 37, 764962)
trans_8208-c0362-cyp_1,1.03291794796166,0.00021520444949707317,1.8143985602153692e-12,0.0016003829750209522,1.0329179182257453,2.785995611827542e-11,8.97725534399426e-13,7.907528692138745e-12,datetime.datetime(2025, 9, 12, 17, 48, 37, 764962)
trans_860267-c0362-cyp,1.030973165057696,0.0009622381503752101,0.006610538740758171,0.002704244811189961,1.0309729464586714,0.024354790809768975,-0.006610538273395428,-0.0021727876797295884,datetime.datetime(2025, 9, 12, 17, 48, 37, 764962)
trans_gpc-10080-gsu,1.0335392840656792,0.0001435559361848127,1.906163785841963e-12,0.0010682424875856494,1.0335392541895911,0,0,0,datetime.datetime(2025, 9, 12, 17, 48, 37, 764962)
trans_860708-c0362-cyp,1.033358198739968,1.6147213509256593e-05,-2.2045578589643263e-13,0.00012013112634666888,1.0333581850153528,2.529101408439979e-12,-1.813567458597114e-14,-6.500961933979911e-13,datetime.datetime(2025, 9, 12, 17, 48, 37, 764962)
trans_gpc-10072-gsu,1.0349667792033423,0.0001437542118632784,2.012568381046243e-12,0.0010711701159606749,1.03496674928599,1.0601847179252563e-11,1.1497430999785017e-14,-2.729360836793053e-12,datetime.datetime(2025, 9, 12, 17, 48, 37, 764962)
trans_gpc-10076-gsu,1.033533490542218,0.00014355513175099777,9.218453899534352e-13,0.0010682306546433201,1.0335334606662974,7.275957614183426e-12,2.3717398800793885e-14,5.307632620580666e-13,datetime.datetime(2025, 9, 12, 17, 48, 37, 764962)
trans_reg_c0362-cyp-reg_a,1.0087943912308948,127.7344972775574,448.3414036613987,-812.1905367323706,1.0310414003510446,125.38560885898063,-448.13880718698334,815.7533468502032,datetime.datetime(2025, 9, 12, 17, 48, 37, 764962)
trans_reg_c0362-cyp-reg_b,1.0087943912308948,123.79891863054118,300.1869832800584,-856.0539524559489,1.0310414003510446,123.0322132461175,-299.99667835408786,859.4017543026652,datetime.datetime(2025, 9, 12, 17, 48, 37, 764962)
trans_reg_c0362-cyp-reg_c,1.0087943912308948,124.17116738634827,293.059039654564,-855.0449626273796,1.0310414003510446,122.64041288195517,-292.867588583702,858.4127009870383,datetime.datetime(2025, 9, 12, 17, 48, 37, 764962)
trans_gpc-00550-gsu,1.0351509373066532,2.1566968852778885e-05,2.649823338182755e-13,0.00016073341082642554,1.0351509228820375,4.571086794178619e-12,-4.278759740129814e-13,-1.2259845287688905e-12,datetime.datetime(2025, 9, 12, 17, 49, 37, 764962)
trans_8695-c0362-cyp,1.031897295568007,0.0002281691883696562,0.0013784605321742719,0.0009865507542760803,1.0318972426074684,0.005074020368325771,-0.0013784605068193048,-0.0004530780474031439,datetime.datetime(2025, 9, 12, 17, 49, 37, 764962)
trans_8208-c0362-cyp,1.0333231021344025,0.0002152888620363724,1.2835123762433562e-13,0.0016016397692331442,1.033323072386824,1.4580226774477773e-11,4.3519602314770575e-13,3.742081679886371e-12,datetime.datetime(2025, 9, 12, 17, 49, 37, 764962)
trans_8208-c0362-cyp_1,1.0333231021344025,0.0002152888620363724,1.2835123762433562e-13,0.0016016397692331442,1.033323072386824,1.4580226774477773e-11,4.3519602314770575e-13,3.742081679886371e-12,datetime.datetime(2025, 9, 12, 17, 49, 37, 764962)
trans_860267-c0362-cyp,1.0312928571638256,0.0008340975659643123,0.0057060629167077995,0.002407278528798677,1.0312926662206177,0.021015945236800147,-0.005706062568313202,-0.0018754920844336318,datetime.datetime(2025, 9, 12, 17, 49, 37, 764962)
trans_gpc-10080-gsu,1.0343078383965472,0.00014366268641239965,2.1023029758010515e-12,0.001069826263057579,1.0343078084982429,3.865352482534945e-12,-8.342385309368835e-13,1.661504470196715e-14,datetime.datetime(2025, 9, 12, 17, 49, 37, 764962)
trans_860708-c0362-cyp,1.033759178400494,1.6153479175014144e-05,-1.7969457389091501e-13,0.00012022445601343049,1.0337591646705533,1.5916157281026244e-12,-7.793678113044853e-14,-3.878082272430627e-13,datetime.datetime(2025, 9, 12, 17, 49, 37, 764962)
trans_gpc-10072-gsu,1.0356051723309874,0.00014384288274257444,1.2729308718206768e-12,0.0010724913004258863,1.0356051423951813,5.3722526440582265e-12,-1.4795622785278289e-12,4.068275448736648e-13,datetime.datetime(2025, 9, 12, 17, 49, 37, 764962)
trans_gpc-10076-gsu,1.0343029604342553,0.00014366200898118642,8.384869586847143e-13,0.00106981627920488,1.0343029305360918,7.712461265755273e-12,8.59944824990667e-13,-1.7049651276137819e-12,datetime.datetime(2025, 9, 12, 17, 49, 37, 764962)
trans_reg_c0362-cyp-reg_a,1.0093327964810797,127.0611012473759,414.8846738972985,-824.8592729835984,1.0316495430361647,124.72464957898859,-414.68420782044353,828.3848206888987,datetime.datetime(2025, 9, 12, 17, 49, 37, 764962)
trans_reg_c0362-cyp-reg_b,1.0093327964810797,123.78516346029917,272.405799854408,-865.1125199867711,1.0316495430361647,123.01856733329114,-272.2155371782979,868.4595803994589,datetime.datetime(2025, 9, 12, 17, 49, 37, 764962)
trans_reg_c0362-cyp-reg_c,1.0093327964810797,124.28552168102487,269.02239244593204,-863.919767961526,1.0316495430361647,122.75337636275451,-268.8305885533027,867.2936864943431,datetime.datetime(2025, 9, 12, 17, 49, 37, 764962)
trans_gpc-00550-gsu,1.0370576158321991,2.160669366653606e-05,1.3253103605878615e-13,0.0001613245392490243,1.0370576013810147,2.6504617948131408e-12,-1.0195950878275254e-14,-4.881007799072828e-13,datetime.datetime(2025, 9, 12, 17, 50, 37, 764962)
trans_8695-c0362-cyp,1.0323996192389713,0.0001226233121347172,0.0005609549562920163,0.0007183700222619349,1.032399589439641,0.0020638292631072175,-0.0005609549518946779,-0.00018437697837496209,datetime.datetime(2025, 9, 12, 17, 50, 37, 764962)
trans_8208-c0362-cyp,1.0339896030332232,0.0002154277249310623,8.660834193915945e-13,0.0016037094100373665,1.0339895732664572,1.0951766470309208e-11,3.052920804712069e-13,3.129400157120894e-12,datetime.datetime(2025, 9, 12, 17, 50, 37, 764962)
trans_8208-c0362-cyp_1,1.0339896030332232,0.0002154277249310623,8.660834193915945e-13,0.0016037094100373665,1.0339895732664572,1.0951766470309208e-11,3.052920804712069e-13,3.129400157120894e-12,datetime.datetime(2025, 9, 12, 17, 50, 37, 764962)
trans_860267-c0362-cyp,1.0317526984534826,0.0006048695028608197,0.004083433330626506,0.0018744202544025235,1.031752557068906,0.01503292402333617,-0.004083433149269765,-0.0013421596048544147,datetime.datetime(2025, 9, 12, 17, 50, 37, 764962)
trans_gpc-10080-gsu,1.0366269947556328,0.00014398481117898124,1.2258740845344507e-12,0.001074605612094428,1.0366269647902895,4.092726157978177e-12,3.7732786842500824e-13,-9.105642120657874e-13,datetime.datetime(2025, 9, 12, 17, 50, 37, 764962)
trans_860708-c0362-cyp,1.0344630917821727,1.6164478522586634e-05,-3.391880480912296e-13,0.0001203884058892622,1.034463078042883,1.9263406909430113e-12,2.484218625227199e-13,-3.9220273760151557e-13,datetime.datetime(2025, 9, 12, 17, 50, 37, 764962)
trans_gpc-10072-gsu,1.0373240742459127,0.00014408163403016654,8.501164824176176e-13,0.001076048553959937,1.0373240442604192,3.865352482534945e-12,7.745400313962099e-14,5.240529243605718e-13,datetime.datetime(2025, 9, 12, 17, 50, 37, 764962)
trans_gpc-10076-gsu,1.0366255565021756,0.0001439846117246043,1.3885945518432585e-12,0.0010746026366322918,1.0366255265368738,1.1137864249790547e-11,9.332152839241883e-13,-2.4626833118201012e-12,datetime.datetime(2025, 9, 12, 17, 50, 37, 764962)
trans_reg_c0362-cyp-reg_a,1.0090900856311267,126.18811388416188,360.6969014449957,-842.817337036351,1.0314918040934051,123.86778975918457,-360.49918043681174,846.294839232727,datetime.datetime(2025, 9, 12, 17, 50, 37, 764962)
trans_reg_c0362-cyp-reg_b,1.0090900856311267,123.58254204666704,282.0465609880121,-858.8560360256678,1.0314918040934051,122.81719181297031,-281.8569206900176,862.1921459739956,datetime.datetime(2025, 9, 12, 17, 50, 37, 764962)
trans_reg_c0362-cyp-reg_c,1.0090900856311267,125.28571741330529,217.70341696560646,-888.2187978545711,1.0314918040934051,123.7412686407167,-217.5085135014153,891.6470515858061,datetime.datetime(2025, 9, 12, 17, 50, 37, 764962)
trans_gpc-00550-gsu,1.038153683159931,2.1629529879479953e-05,-2.916489012100287e-13,0.00016166554783996474,1.0381536686934727,3.1985513341207526e-12,1.3077671325578467e-14,-8.435431804256714e-13,datetime.datetime(2025, 9, 12, 17, 51, 37, 764962)
trans_8695-c0362-cyp,1.0327885801408823,8.313348115541776e-05,0.00017653929535466696,0.0005924073279810711,1.0327885612242438,0.0006492515281182756,-0.00017653929490528576,-5.801153312281099e-05,datetime.datetime(2025, 9, 12, 17, 51, 37, 764962)
trans_8208-c0362-cyp,1.0344765452662197,0.00021552917774485118,1.439086344881546e-12,0.0016052213818976019,1.0344765154854356,1.39277367443217e-11,-1.0217795989433395e-12,2.1066640223840996e-12,datetime.datetime(2025, 9, 12, 17, 51, 37, 764962)
trans_8208-c0362-cyp_1,1.0344765452662197,0.00021552917774485118,1.439086344881546e-12,0.0016052213818976019,1.0344765154854356,1.39277367443217e-11,-1.0217795989433395e-12,2.1066640223840996e-12,datetime.datetime(2025, 9, 12, 17, 51, 37, 764962)
trans_860267-c0362-cyp,1.032118707604327,0.000908792710110184,0.006239401136992935,0.002583437953735987,1.0321185005265887,0.022961842880621454,-0.006239400719715803,-0.0020507977866116986,datetime.datetime(2025, 9, 12, 17, 51, 37, 764962)
trans_gpc-10080-gsu,1.0378770219733302,0.0001441584366804941,7.415017159312365e-13,0.0010771965448540784,1.037876991971853,1.6370904631912708e-11,1.5134855039035082e-12,-2.0955999065544863e-15,datetime.datetime(2025, 9, 12, 17, 51, 37, 764962)
trans_860708-c0362-cyp,1.0349573303640676,1.6172201480488198e-05,7.695705769687755e-14,0.0001205035407848048,1.0349573166182136,2.9558577807620168e-12,1.7787722326113262e-13,-7.828962080733848e-13,datetime.datetime(2025, 9, 12, 17, 51, 37, 764962)
trans_gpc-10072-gsu,1.0383397866410584,0.000144222713768771,-7.308347572954066e-13,0.0010781561441243668,1.038339756626204,1.0289757937229989e-11,7.541815149864617e-13,-5.901677762067907e-15,datetime.datetime(2025, 9, 12, 17, 51, 37, 764962)
trans_gpc-10076-gsu,1.0378767707722039,0.00014415840176728673,2.3902182837154396e-12,0.0010771960231960285,1.037876740770734,1.541427737428441e-11,-8.211399935001541e-13,3.049207641738445e-13,datetime.datetime(2025, 9, 12, 17, 51, 37, 764962)
trans_reg_c0362-cyp-reg_a,1.009442605377344,125.96245384879657,327.4940720873695,-854.8525895948503,1.031908440993203,123.64631760772583,-327.2970575488564,858.3177416903006,datetime.datetime(2025, 9, 12, 17, 51, 37, 764962)
trans_reg_c0362-cyp-reg_b,1.009442605377344,123.7432791126616,252.88321289454285,-869.1645539603359,1.031908440993203,122.97695444619328,-252.69307893386176,872.5093056723275,datetime.datetime(2025, 9, 12, 17, 51, 37, 764962)
trans_reg_c0362-cyp-reg_c,1.009442605377344,125.7986661785056,189.10730800479305,-898.7938583143434,1.031908440993203,124.24790249240135,-188.91080530043158,902.2501079182551,datetime.datetime(2025, 9, 12, 17, 51, 37, 764962)
trans_gpc-00550-gsu,1.0388386730946464,2.164380135734831e-05,-6.00029425017884e-14,0.00016187881876799796,1.038838658618643,2.7284841053187847e-12,4.796990030225168e-13,-5.93125631155424e-13,datetime.datetime(2025, 9, 12, 17, 52, 37, 764962)
trans_8695-c0362-cyp,1.0328861654173251,8.314243934475003e-05,0.00017656627216210618,0.0005925287181640108,1.0328861464984274,0.0006493042137740714,-0.00017656627129360492,-5.803275292621667e-05,datetime.datetime(2025, 9, 12, 17, 52, 37, 764962)
trans_8208-c0362-cyp,1.0346157711870694,0.0002155581851636223,2.9004487960698766e-12,0.0016056511876004179,1.0346157414022772,1.4995517381921926e-11,-1.655735765391697e-12,-1.8086645977967315e-12,datetime.datetime(2025, 9, 12, 17, 52, 37, 764962)
trans_8208-c0362-cyp_1,1.0346157711870694,0.0002155581851636223,2.9004487960698766e-12,0.0016056511876004179,1.0346157414022772,1.4995517381921926e-11,-1.655735765391697e-12,-1.8086645977967315e-12,datetime.datetime(2025, 9, 12, 17, 52, 37, 764962)
trans_860267-c0362-cyp,1.0322046076073652,0.0004777398604597833,0.0031803151113870528,0.0015780417103344524,1.0322044938019974,0.011703028570533843,-0.00318031499968178,-0.001045315659052449,datetime.datetime(2025, 9, 12, 17, 52, 37, 764962)
trans_gpc-10080-gsu,1.038565308593215,0.00014425403814895225,2.4564421087502897e-12,0.001078624583525451,1.0385652785718416,9.10204551971251e-12,-1.0416341168444738e-12,-9.815830491459585e-14,datetime.datetime(2025, 9, 12, 17, 52, 37, 764962)
trans_860708-c0362-cyp,1.0351159497890543,1.617468002540389e-05,-1.18960066949024e-13,0.00012054030953695857,1.0351159360410935,2.3217359173322573e-12,4.677610982261054e-13,-2.763620880884938e-13,datetime.datetime(2025, 9, 12, 17, 52, 37, 764962)
trans_gpc-10072-gsu,1.0390310638192073,0.0001443187302977237,1.942689190070901e-12,0.0010795912527133337,1.0390310337843705,1.2736477671561316e-11,-1.954692764904727e-13,-2.731323666314879e-12,datetime.datetime(2025, 9, 12, 17, 52, 37, 764962)
trans_gpc-10076-gsu,1.0385651118289905,0.00014425401084406324,2.3975529513109436e-12,0.0010786241745974565,1.0385650818076226,2.2737367544323206e-13,-6.554205075751227e-14,1.4269567454973e-15,datetime.datetime(2025, 9, 12, 17, 52, 37, 764962)
trans_reg_c0362-cyp-reg_a,1.0087565938414582,125.93094689317849,332.4465881408774,-852.0254265692481,1.0311988391072446,123.61538384734035,-332.24967215803053,855.4888301586789,datetime.datetime(2025, 9, 12, 17, 52, 37, 764962)
trans_reg_c0362-cyp-reg_b,1.0087565938414582,123.87124053896025,248.65378201756312,-871.8284730835132,1.0311988391072446,123.10412567603036,-248.4632546196577,875.1801275004775,datetime.datetime(2025, 9, 12, 17, 52, 37, 764962)
trans_reg_c0362-cyp-reg_c,1.0087565938414582,126.16684139179583,173.23545061694728,-904.9995549211911,1.0311988391072446,124.61154147492438,-173.03779601591475,908.4759734250947,datetime.datetime(2025, 9, 12, 17, 52, 37, 764962)
trans_gpc-00550-gsu,1.038606763104773,2.163896956946301e-05,2.7309335348668605e-15,0.0001618066354474175,1.0386067486320014,1.3642420526593924e-12,3.5388876079840634e-13,-1.384529284034649e-13,datetime.datetime(2025, 9, 12, 17, 53, 37, 764962)
trans_8695-c0362-cyp,1.0326356442902032,0.0002281386510303385,0.0013790005361678616,0.0009874923946775547,1.032635591332378,0.00507237467440109,-0.001379000510753677,-0.00045325556418954194,datetime.datetime(2025, 9, 12, 17, 53, 37, 764962)
trans_8208-c0362-cyp,1.034337785946828,0.0002155002676037127,4.311360045014534e-13,0.0016047885687015353,1.0343377561700384,4.522131307566796e-12,2.158465196981368e-13,1.1576389291714093e-12,datetime.datetime(2025, 9, 12, 17, 53, 37, 764962)
trans_8208-c0362-cyp_1,1.034337785946828,0.0002155002676037127,4.311360045014534e-13,0.0016047885687015353,1.0343377561700384,4.522131307566796e-12,2.158465196981368e-13,1.1576389291714093e-12,datetime.datetime(2025, 9, 12, 17, 53, 37, 764962)
trans_860267-c0362-cyp,1.0319598381850985,0.0006597223183450292,0.004473634372741175,0.002002894183908042,1.031959684923257,0.016466144905348153,-0.004473634156130675,-0.0014704200791397044,datetime.datetime(2025, 9, 12, 17, 53, 37, 764962)
trans_gpc-10080-gsu,1.0382701252471536,0.00014421303782204202,1.402112377590914e-12,0.0010780119790019236,1.038270095234313,7.283056116166653e-12,5.434029408944992e-14,-5.226326479533568e-13,datetime.datetime(2025, 9, 12, 17, 53, 37, 764962)
trans_860708-c0362-cyp,1.0348434341616803,1.617042166301489e-05,-1.7650953268444347e-13,0.0001204768589644973,1.034843420417339,1.7409670930402127e-12,2.206244505104154e-13,-3.585098097421805e-13,datetime.datetime(2025, 9, 12, 17, 53, 37, 764962)
trans_gpc-10072-gsu,1.0388288156225565,0.00014429063838074528,8.755376822849881e-13,0.001079171630208914,1.038828785593566,1.8189894035458565e-12,-4.459482219532625e-13,2.7116877427418187e-13,datetime.datetime(2025, 9, 12, 17, 53, 37, 764962)
trans_gpc-10076-gsu,1.038269745337978,0.00014421298512575702,1.3276483159380126e-12,0.0010780111896147087,1.0382697153251481,5.464066712620797e-12,-3.688746870226021e-13,7.906793839983721e-13,datetime.datetime(2025, 9, 12, 17, 53, 37, 764962)
trans_reg_c0362-cyp-reg_a,1.0083608976307028,126.1151097924985,358.66347681135807,-842.3887834296918,1.0307501257786362,123.79612944931827,-358.46598451139135,845.8622581801126,datetime.datetime(2025, 9, 12, 17, 53, 37, 764962)
trans_reg_c0362-cyp-reg_b,1.0083608976307028,123.7200549611817,276.4655490031629,-862.0871684059346,1.0307501257786362,122.95385653977299,-276.2754864315031,865.4306816082969,datetime.datetime(2025, 9, 12, 17, 53, 37, 764962)
trans_reg_c0362-cyp-reg_c,1.0083608976307028,125.81152884697428,194.21618858603176,-898.1216379829841,1.0307501257786362,124.26060440629433,-194.0196456989693,901.5786026241132,datetime.datetime(2025, 9, 12, 17, 53, 37, 764962)
trans_gpc-00550-gsu,1.036984385372895,2.160516800967303e-05,1.5439508048789573e-13,0.00016130160669127445,1.0369843709227307,2.7706308569386717e-12,-2.876953459057086e-13,-7.382902793127043e-13,datetime.datetime(2025, 9, 12, 17, 54, 37, 764962)
trans_8695-c0362-cyp,1.0321631057463039,0.00028060862834677355,0.001763195530501172,0.0011132757898349964,1.0321630418957253,0.0064885227128204164,-0.0017631954893676243,-0.0005795279099833254,datetime.datetime(2025, 9, 12, 17, 54, 37, 764962)
trans_8208-c0362-cyp,1.0338161081902244,0.00021539157787815028,1.9748709594730184e-12,0.0016031699451576923,1.0338160784284534,1.1357538574830213e-11,-1.1836435808732407e-14,3.2456777637479513e-12,datetime.datetime(2025, 9, 12, 17, 54, 37, 764962)
trans_8208-c0362-cyp_1,1.0338161081902244,0.00021539157787815028,1.9748709594730184e-12,0.0016031699451576923,1.0338160784284534,1.1357538574830213e-11,-1.1836435808732407e-14,3.2456777637479513e-12,datetime.datetime(2025, 9, 12, 17, 54, 37, 764962)
trans_860267-c0362-cyp,1.0315038219363581,0.0011508986343604349,0.007947672871983776,0.003144243319156959,1.031503562644704,0.029265960192711223,-0.007947672201275414,-0.0026122370107874585,datetime.datetime(2025, 9, 12, 17, 54, 37, 764962)
trans_gpc-10080-gsu,1.0362446891300758,0.00014393171007983058,9.836141293823044e-13,0.0010738101226406606,1.036244659175784,6.963868372160851e-12,-4.134731813551445e-14,1.69746608224034e-12,datetime.datetime(2025, 9, 12, 17, 54, 37, 764962)
trans_860708-c0362-cyp,1.0342744529969294,1.6161530798499504e-05,-3.461623408708078e-13,0.00012034440147193805,1.0342744392601453,3.2592215976696113e-12,1.9578583220846285e-13,-8.318940907698221e-13,datetime.datetime(2025, 9, 12, 17, 54, 37, 764962)
trans_gpc-10072-gsu,1.0374057312699072,0.00014409297577915357,3.014456323446879e-13,0.0010762177040300354,1.0374057012820534,7.283056116166653e-12,4.2291568937121675e-13,-1.959182172597631e-12,datetime.datetime(2025, 9, 12, 17, 54, 37, 764962)
trans_gpc-10076-gsu,1.0362443694300045,0.0001439316655876225,8.864142770487193e-13,0.0010738094575335566,1.036244339475722,1.2736477671561316e-11,7.02201658444484e-14,2.7240065045453116e-12,datetime.datetime(2025, 9, 12, 17, 54, 37, 764962)
trans_reg_c0362-cyp-reg_a,1.0072394163490697,126.7098249644737,410.3010851571149,-822.1646498860382,1.0295136160124534,124.37983743793268,-410.1017259676375,825.6707550611102,datetime.datetime(2025, 9, 12, 17, 54, 37, 764962)
trans_reg_c0362-cyp-reg_b,1.0072394163490697,123.75042700166463,321.4078695161586,-846.6979517402502,1.0295136160124534,122.98399932318476,-321.21771367938106,850.0430994185498,datetime.datetime(2025, 9, 12, 17, 54, 37, 764962)
trans_reg_c0362-cyp-reg_c,1.0072394163490697,125.40029095283485,223.52638457002786,-888.2967269213121,1.0295136160124534,123.85442580959318,-223.33112447137157,891.7312461605055,datetime.datetime(2025, 9, 12, 17, 54, 37, 764962)
trans_gpc-00550-gsu,1.035007601290346,2.1563982427692505e-05,-3.9479968209563124e-13,0.0001606870881704428,1.0350075868677275,2.529101408439979e-12,2.4220526789567947e-13,-4.896732939178837e-13,datetime.datetime(2025, 9, 12, 17, 55, 37, 764962)
trans_8695-c0362-cyp,1.0313534009929082,0.00012270981054093678,0.0005616059080829322,0.0007175015934014813,1.031353371173059,0.0020683249276634624,-0.0005616059030336925,-0.00018459138021938482,datetime.datetime(2025, 9, 12, 17, 55, 37, 764962)
trans_8208-c0362-cyp,1.0329223748770282,0.00021520537192409368,1.3620820270288102e-12,0.0016003982789526638,1.0329223451409861,1.906290133860226e-11,5.717321897942398e-13,5.299412081364978e-12,datetime.datetime(2025, 9, 12, 17, 55, 37, 764962)
trans_8208-c0362-cyp_1,1.0329223748770282,0.00021520537192409368,1.3620820270288102e-12,0.0016003982789526638,1.0329223451409861,1.906290133860226e-11,5.717321897942398e-13,5.299412081364978e-12,datetime.datetime(2025, 9, 12, 17, 55, 37, 764962)
trans_860267-c0362-cyp,1.0307198497576129,0.0010827159315122041,0.007460191852157004,0.002983242334275769,1.0307196051743954,0.027491848629175645,-0.007460191258432348,-0.00245204535136708,datetime.datetime(2025, 9, 12, 17, 55, 37, 764962)
trans_gpc-10080-gsu,1.0339721182722896,0.0001436160561108309,1.0693323969357405e-12,0.0010691034394835419,1.0339720883836898,1.091748826801546e-11,4.2334680557097527e-13,-1.192582702912196e-12,datetime.datetime(2025, 9, 12, 17, 55, 37, 764962)
trans_860708-c0362-cyp,1.0333370693724173,1.6146883257262432e-05,-4.439604588905161e-13,0.00012012628786271744,1.0333370556480828,2.5491095927754893e-12,2.0905399268274552e-13,-5.391891030101891e-13,datetime.datetime(2025, 9, 12, 17, 55, 37, 764962)
trans_gpc-10072-gsu,1.0355808710840313,0.00014383950737058092,1.5507046705748318e-12,0.0010724345686805529,1.035580841148928,7.283056116166653e-12,4.1918515679882645e-13,-1.953386634230145e-12,datetime.datetime(2025, 9, 12, 17, 55, 37, 764962)
trans_gpc-10076-gsu,1.0339717104599997,0.00014361599933959942,1.085773998488193e-12,0.0010691025917733805,1.0339716805714116,5.464066712620797e-12,3.4982949487521377e-13,-1.3112968314009813e-12,datetime.datetime(2025, 9, 12, 17, 55, 37, 764962)
trans_reg_c0362-cyp-reg_a,1.0051929171975005,129.06414765576068,509.1786783677601,-783.0384839328307,1.027246270085979,126.69069331062619,-508.97184227505034,786.6753615952127,datetime.datetime(2025, 9, 12, 17, 55, 37, 764962)
trans_reg_c0362-cyp-reg_b,1.0051929171975005,124.56175861374042,389.71645333161564,-824.8835027111131,1.027246270085979,123.79022086336228,-389.52379605652254,828.2724513424894,datetime.datetime(2025, 9, 12, 17, 55, 37, 764962)
trans_reg_c0362-cyp-reg_c,1.0051929171975005,124.93606543269894,278.4658317501347,-868.7510267740151,1.027246270085979,123.39588953075852,-278.2720147134686,872.1602790360455,datetime.datetime(2025, 9, 12, 17, 55, 37, 764962)
trans_gpc-00550-gsu,1.0349277425863412,2.1562318566423056e-05,4.337094268794234e-15,0.00016066253364270842,1.034927728164836,1.9263406909430113e-12,2.0169330590953678e-13,-1.617637609024324e-13,datetime.datetime(2025, 9, 12, 17, 56, 37, 764962)
trans_8695-c0362-cyp,1.032428097792854,0.000227947489186507,0.00137737165225627,0.0009867425581276115,1.0324280448761234,0.005067398813014842,-0.0013773716282102846,-0.0004527201586998509,datetime.datetime(2025, 9, 12, 17, 56, 37, 764962)
trans_8208-c0362-cyp,1.0338632636830623,0.00021540140306872314,2.308081923502181e-12,0.001603317255125825,1.0338632339199334,8.782857775706707e-12,-4.0947033420656425e-13,-2.4680349536348557e-12,datetime.datetime(2025, 9, 12, 17, 56, 37, 764962)
trans_8208-c0362-cyp_1,1.0338632636830623,0.00021540140306872314,2.308081923502181e-12,0.001603317255125825,1.0338632339199334,8.782857775706707e-12,-4.0947033420656425e-13,-2.4680349536348557e-12,datetime.datetime(2025, 9, 12, 17, 56, 37, 764962)
trans_860267-c0362-cyp,1.0318271158707637,0.0015889716877033298,0.01104563632517942,0.004162869030137626,1.031826762170301,0.04066095960214619,-0.01104563503563743,-0.0036305246705184025,datetime.datetime(2025, 9, 12, 17, 56, 37, 764962)
trans_gpc-10080-gsu,1.0337733495146022,0.00014358844735605936,1.4717839568606506e-12,0.0010686957808267242,1.0337733196317482,9.552663713428823e-12,-7.23840940453948e-13,-2.449950608700987e-12,datetime.datetime(2025, 9, 12, 17, 56, 37, 764962)
trans_860708-c0362-cyp,1.0342599478931813,1.6161304173539112e-05,-1.6018183871327474e-13,0.00012034109991949964,1.0342599341565895,2.5152662029310134e-12,-8.434855699533593e-14,-5.927634026258496e-13,datetime.datetime(2025, 9, 12, 17, 56, 37, 764962)
trans_gpc-10072-gsu,1.0355745822276106,0.0001438386339046119,1.0286646187629423e-12,0.001072422009609516,1.0355745522926887,9.10204551971251e-12,3.4204657567246914e-14,4.0702686686390415e-13,datetime.datetime(2025, 9, 12, 17, 56, 37, 764962)
trans_gpc-10076-gsu,1.0337726919750188,0.00014358835616553025,1.3626373362995992e-12,0.0010686944205164598,1.0337726620921837,7.733674309882967e-12,-1.0864408194079042e-13,-2.2064020507152725e-12,datetime.datetime(2025, 9, 12, 17, 56, 37, 764962)
trans_reg_c0362-cyp-reg_a,1.0033234375931133,135.1797287950099,623.6110559545515,-751.3990244100701,1.0314759137521692,131.88445829222974,-623.384154433358,755.3870884215809,datetime.datetime(2025, 9, 12, 17, 56, 37, 764962)
trans_reg_c0362-cyp-reg_b,1.0033234375931133,127.55072900658796,509.1291870329312,-782.6870459622608,1.0314759137521692,126.7604697632998,-508.9271731883376,786.2397126903941,datetime.datetime(2025, 9, 12, 17, 56, 37, 764962)
trans_reg_c0362-cyp-reg_c,1.0033234375931133,125.21407674737652,351.0147453806613,-844.6613837955204,1.0314759137521692,123.67040166257142,-350.820064921663,848.0857581644025,datetime.datetime(2025, 9, 12, 17, 56, 37, 764962)
trans_gpc-00550-gsu,1.034074510856785,2.154454183328528e-05,-3.7916170789013825e-13,0.00016039747181131192,1.0340744964471693,2.6504617948131408e-12,6.155552046585361e-13,-1.4875921677638073e-13,datetime.datetime(2025, 9, 12, 17, 57, 37, 764962)
trans_8695-c0362-cyp,1.032074489630171,0.0002805846301962715,0.0017628909704474323,0.0011130839739075548,1.0320744257850318,0.006487967624664669,-0.0017628909290135115,-0.0005794284008306468,datetime.datetime(2025, 9, 12, 17, 57, 37, 764962)
trans_8208-c0362-cyp,1.0334995138385352,0.0002153256168407239,2.6798172153563728e-12,0.0016021859247217227,1.033499484085878,1.2532800497056124e-11,1.2108923250292781e-12,3.3493196146687172e-12,datetime.datetime(2025, 9, 12, 17, 57, 37, 764962)
trans_8208-c0362-cyp_1,1.0334995138385352,0.0002153256168407239,2.6798172153563728e-12,0.0016021859247217227,1.033499484085878,1.2532800497056124e-11,1.2108923250292781e-12,3.3493196146687172e-12,datetime.datetime(2025, 9, 12, 17, 57, 37, 764962)
trans_860267-c0362-cyp,1.0314800041670933,0.001393563512351514,0.009661919362355225,0.0037077225538112036,1.0314796925699043,0.03557931871599304,-0.009661918372123685,-0.0031757393901872344,datetime.datetime(2025, 9, 12, 17, 57, 37, 764962)
trans_gpc-10080-gsu,1.0328782324955166,0.00014346411808885404,2.077106339357093e-12,0.001066844019362425,1.0328782026385372,2.0463630789890885e-12,-3.905966047073592e-13,-2.5612388523416393e-13,datetime.datetime(2025, 9, 12, 17, 57, 37, 764962)
trans_860708-c0362-cyp,1.0338645024423394,1.615512488123526e-05,7.841481554794055e-14,0.00012024884428002102,1.0338644887109998,2.3017277329967468e-12,3.114046191441419e-13,-3.4984401811984503e-14,datetime.datetime(2025, 9, 12, 17, 57, 37, 764962)
trans_gpc-10072-gsu,1.03476597353724,0.00014372632028432987,1.279798406139676e-12,0.0010707461999647032,1.0347659436256926,9.524352167317902e-12,4.633221784017007e-13,-2.485802212057811e-12,datetime.datetime(2025, 9, 12, 17, 57, 37, 764962)
trans_gpc-10076-gsu,1.0328777153360982,0.00014346404600500812,7.563688789874456e-13,0.0010668429473961888,1.0328776854791337,5.886373360226189e-12,-5.632861368476555e-13,-1.409292380621817e-12,datetime.datetime(2025, 9, 12, 17, 57, 37, 764962)
trans_reg_c0362-cyp-reg_a,1.002588724359772,137.71652869843894,671.2023302089054,-733.2477897694272,1.0306362117722827,134.3593096523592,-670.9668328414929,737.3862543285471,datetime.datetime(2025, 9, 12, 17, 57, 37, 764962)
trans_reg_c0362-cyp-reg_b,1.002588724359772,128.53416211905738,535.0204725914783,-774.6003242934706,1.0306362117722827,127.73775923771458,-534.8153317114305,778.2077320203483,datetime.datetime(2025, 9, 12, 17, 57, 37, 764962)
trans_reg_c0362-cyp-reg_c,1.002588724359772,125.52328891888132,382.1520221500383,-832.9682859344673,1.0306362117722827,123.9757610461126,-381.9563790529055,836.4094863496942,datetime.datetime(2025, 9, 12, 17, 57, 37, 764962)
trans_gpc-00550-gsu,1.033429159949989,2.1531096276526994e-05,7.748345151256666e-14,0.00016019666067001095,1.033429145549366,4.744824036702166e-12,7.635450552419405e-14,-1.3024858663135741e-12,datetime.datetime(2025, 9, 12, 17, 58, 37, 764962)
trans_8695-c0362-cyp,1.0318672857378797,0.00028052810691186255,0.0017621746942257782,0.0011126388388120311,1.0318672219053824,0.006486655133996343,-0.0017621746532270445,-0.0005791987514811276,datetime.datetime(2025, 9, 12, 17, 58, 37, 764962)
trans_8208-c0362-cyp,1.0332661254277147,0.00021527699106388312,2.819866796663351e-12,0.0016014587864475675,1.0332660956817765,2.12415244075392e-11,1.1078063634081787e-12,5.9628281795765194e-12,datetime.datetime(2025, 9, 12, 17, 58, 37, 764962)
trans_8208-c0362-cyp_1,1.0332661254277147,0.00021527699106388312,2.819866796663351e-12,0.0016014587864475675,1.0332660956817765,2.12415244075392e-11,1.1078063634081787e-12,5.9628281795765194e-12,datetime.datetime(2025, 9, 12, 17, 58, 37, 764962)
trans_860267-c0362-cyp,1.0312815375971363,0.0016486304237618974,0.01146101758633951,0.0042988336115532075,1.0312811710513705,0.04221256260097247,-0.011461016197745364,-0.003767053802217387,datetime.datetime(2025, 9, 12, 17, 58, 37, 764962)
trans_gpc-10080-gsu,1.0321911049970152,0.00014336867811141305,1.34153838211859e-12,0.0010654196706936015,1.0321910751598982,1.1343341570863758e-11,-1.6594560998993206e-14,-3.243572561274454e-12,datetime.datetime(2025, 9, 12, 17, 58, 37, 764962)
trans_860708-c0362-cyp,1.0336071829359597,1.615110407832788e-05,9.379808691908909e-14,0.00012018872138329692,1.0336071692080375,1.9543316695074375e-12,3.459169271031242e-14,-5.520876556346626e-13,datetime.datetime(2025, 9, 12, 17, 58, 37, 764962)
trans_gpc-10072-gsu,1.0341415153504903,0.00014363958470153042,1.8148924568056612e-12,0.001069450698952219,1.034141485456994,9.524352167317902e-12,-4.22211348149498e-13,-1.932375286359089e-12,datetime.datetime(2025, 9, 12, 17, 58, 37, 764962)
trans_gpc-10076-gsu,1.0321903194848299,0.0001433685687192637,2.0743591584021505e-12,0.001065418044424684,1.032190289647736,6.113747035669421e-12,-6.274745272171083e-13,-1.4091256831900998e-12,datetime.datetime(2025, 9, 12, 17, 58, 37, 764962)
trans_reg_c0362-cyp-reg_a,1.0016232967993102,139.9250579861584,710.6929615262336,-716.2854458078182,1.0295675880682968,136.51390630768717,-710.4498505190809,720.5571145267751,datetime.datetime(2025, 9, 12, 17, 58, 37, 764962)
trans_reg_c0362-cyp-reg_b,1.0016232967993102,128.61263477268673,533.6725480676896,-777.7825682629224,1.0295675880682968,127.81575127267193,-533.467156617083,781.3944085738974,datetime.datetime(2025, 9, 12, 17, 58, 37, 764962)
trans_reg_c0362-cyp-reg_c,1.0016232967993102,125.5899293843561,393.4617488554898,-827.4355490838265,1.0295675880682968,124.04156346509524,-393.26589799458907,830.8803578999458,datetime.datetime(2025, 9, 12, 17, 58, 37, 764962)
trans_gpc-00550-gsu,1.032695686826858,2.1515814663233848e-05,3.131700465359294e-13,0.00015996936074117796,1.0326956724364555,3.637978807091713e-12,-1.38611412456675e-13,-4.095447841740358e-13,datetime.datetime(2025, 9, 12, 17, 59, 37, 764962)
trans_8695-c0362-cyp,1.0315682592054893,0.00012290416918985986,0.0005632613506485366,0.0007182764244994896,1.0315682293385782,0.0020740060716789624,-0.0005632613467884641,-0.0001851455596815045,datetime.datetime(2025, 9, 12, 17, 59, 37, 764962)
trans_8208-c0362-cyp,1.0329258402267565,0.00021520609409282938,8.214315998233967e-13,0.0016004046148888154,1.0329258104906145,2.63624919978533e-11,-1.5739047311615657e-12,6.522125223134548e-12,datetime.datetime(2025, 9, 12, 17, 59, 37, 764962)
trans_8208-c0362-cyp_1,1.0329258402267565,0.00021520609409282938,8.214315998233967e-13,0.0016004046148888154,1.0329258104906145,2.63624919978533e-11,-1.5739047311615657e-12,6.522125223134548e-12,datetime.datetime(2025, 9, 12, 17, 59, 37, 764962)
trans_860267-c0362-cyp,1.0309936360163132,0.0015814554579457372,0.010983758460275654,0.004141669198460448,1.030993283944193,0.04046604491256617,-0.010983757182216981,-0.0036101869596682898,datetime.datetime(2025, 9, 12, 17, 59, 37, 764962)
trans_gpc-10080-gsu,1.031350416912529,0.00014325190831000062,1.3325877866454673e-12,0.00106368439471022,1.0313503870997136,8.782857775706707e-12,4.816721270982797e-13,-1.9663390180300765e-12,datetime.datetime(2025, 9, 12, 17, 59, 37, 764962)
trans_860708-c0362-cyp,1.033255453800343,1.6145608087062463e-05,2.76424104959927e-14,0.00012010697655922585,1.0332554400770924,4.092726157978177e-12,-9.118968600183779e-14,-1.1157314492687131e-12,datetime.datetime(2025, 9, 12, 17, 59, 37, 764962)
trans_gpc-10072-gsu,1.033475172905696,0.0001435470312721027,1.4946510747820829e-12,0.0010680735466796546,1.0334751430314608,7.283056116166653e-12,-4.1221382358100206e-14,5.107350982605431e-13,datetime.datetime(2025, 9, 12, 17, 59, 37, 764962)
trans_gpc-10076-gsu,1.0313492502575146,0.00014325174665420293,1.0719598941139053e-12,0.0010636819872587371,1.0313492204447325,1.8189894035458565e-11,3.9294658279199906e-13,-4.7759644395785295e-12,datetime.datetime(2025, 9, 12, 17, 59, 37, 764962)
trans_reg_c0362-cyp-reg_a,1.0007346888097286,142.43991828641285,749.3708259150098,-701.1765536246321,1.0285855105396748,138.96736533721963,-749.1188977172645,705.6024914481135,datetime.datetime(2025, 9, 12, 17, 59, 37, 764962)
trans_reg_c0362-cyp-reg_b,1.0007346888097286,129.5451663951308,555.9718944092864,-771.0338389747225,1.0285855105396748,128.74245999969435,-555.7635137694224,774.698006845691,datetime.datetime(2025, 9, 12, 17, 59, 37, 764962)
trans_reg_c0362-cyp-reg_c,1.0007346888097286,125.86996562812168,411.1455354665271,-820.8986495294911,1.0285855105396748,124.31812102772759,-410.94881026935235,824.358752630615,datetime.datetime(2025, 9, 12, 17, 59, 37, 764962)
trans_gpc-00550-gsu,1.0307283904341114,2.1474826739684204e-05,-4.569091199141397e-14,0.0001593620992495088,1.0307283760711228,2.0463630789890885e-12,2.7211204754695663e-13,-1.6518736445092092e-13,datetime.datetime(2025, 9, 12, 18, 0, 37, 764962)
trans_8695-c0362-cyp,1.030794703123788,0.00022739343090720797,0.0013715902104852393,0.0009831549296149137,1.0307946503313128,0.005054114859684241,-0.0013715901849494499,-0.0004508198925723902,datetime.datetime(2025, 9, 12, 18, 0, 37, 764962)
trans_8208-c0362-cyp,1.03203078800266,0.00021501961360245747,2.6253018162170075e-13,0.0015976439443946603,1.032030758292285,1.2962205646644744e-11,1.6610216445819172e-12,3.0689592316656555e-12,datetime.datetime(2025, 9, 12, 18, 0, 37, 764962)
trans_8208-c0362-cyp_1,1.03203078800266,0.00021501961360245747,2.6253018162170075e-13,0.0015976439443946603,1.032030758292285,1.2962205646644744e-11,1.6610216445819172e-12,3.0689592316656555e-12,datetime.datetime(2025, 9, 12, 18, 0, 37, 764962)
trans_860267-c0362-cyp,1.030249537022467,0.00170764783822036,0.011866003758675444,0.00443088510115981,1.030249157775806,0.04374770005272972,-0.01186600226846796,-0.003900165204135996,datetime.datetime(2025, 9, 12, 18, 0, 37, 764962)
trans_gpc-10080-gsu,1.0291013866287224,0.00014293952382378163,1.369021734518028e-12,0.0010590584735397915,1.0291013568809186,3.865352482534945e-12,5.734299975932931e-13,-9.093191295006051e-13,datetime.datetime(2025, 9, 12, 18, 0, 37, 764962)
trans_860708-c0362-cyp,1.0323429489417182,1.6131349150649983e-05,-2.5946998672907165e-14,0.00011989583915248158,1.032342935230587,1.1368683772161603e-12,-2.815858971319295e-13,-9.577255262752314e-14,datetime.datetime(2025, 9, 12, 18, 0, 37, 764962)
trans_gpc-10072-gsu,1.031710545041402,0.00014330192928140717,2.8698727422282753e-13,0.001064441685364227,1.0317105152181767,5.6843418860808015e-12,-3.506884337422671e-14,-6.296751142610961e-13,datetime.datetime(2025, 9, 12, 18, 0, 37, 764962)
trans_gpc-10076-gsu,1.0291001220148928,0.00014293934837973735,1.4790722275420663e-12,0.0010590558608533614,1.0291000922671258,0,0,0,datetime.datetime(2025, 9, 12, 18, 0, 37, 764962)
trans_reg_c0362-cyp-reg_a,0.9976132123580334,150.07444120634946,852.8270708503073,-659.1923094903791,1.0251901332830846,146.41550981001902,-852.547413603483,664.1033953732388,datetime.datetime(2025, 9, 12, 18, 0, 37, 764962)
trans_reg_c0362-cyp-reg_b,0.9976132123580334,132.61968452682498,620.6366405484674,-751.2935937726947,1.0251901332830846,131.79778945224538,-620.4182516940261,755.1329523014325,datetime.datetime(2025, 9, 12, 18, 0, 37, 764962)
trans_reg_c0362-cyp-reg_c,0.9976132123580334,126.50522240272132,440.150144539586,-811.3124206727704,1.0251901332830846,124.94550018501558,-439.9514286869039,814.8073699369593,datetime.datetime(2025, 9, 12, 18, 0, 37, 764962)
trans_gpc-00550-gsu,1.0318595643135982,2.1498394399699802e-05,1.5988081691897805e-13,0.00015971018398922425,1.031859549934847,3.865352482534945e-12,1.3296570397992886e-13,-1.0703704082451657e-12,datetime.datetime(2025, 9, 12, 18, 1, 37, 764962)
trans_8695-c0362-cyp,1.0327149303739107,0.00028075854664117377,0.0017650735758890372,0.001114469264140432,1.0327148664889767,0.0064919835346242604,-0.0017650735344924928,-0.0005801516169136771,datetime.datetime(2025, 9, 12, 18, 1, 37, 764962)
trans_8208-c0362-cyp,1.0339421197477432,0.00021541783204948362,6.02221564283134e-13,0.0016035569002978158,1.0339420899823442,1.2449148128909341e-11,1.0781421301331146e-12,2.2863451953992044e-12,datetime.datetime(2025, 9, 12, 18, 1, 37, 764962)
trans_8208-c0362-cyp_1,1.0339421197477432,0.00021541783204948362,6.02221564283134e-13,0.0016035569002978158,1.0339420899823442,1.2449148128909341e-11,1.0781421301331146e-12,2.2863451953992044e-12,datetime.datetime(2025, 9, 12, 18, 1, 37, 764962)
trans_860267-c0362-cyp,1.032175412587237,0.0017718491690534373,0.012341388562557442,0.0045891220048941365,1.0321750194908998,0.04541566002089635,-0.012341386957593244,-0.004056417726573975,datetime.datetime(2025, 9, 12, 18, 1, 37, 764962)
trans_gpc-10080-gsu,1.030019333883114,0.0001430670241666813,1.6412317407898947e-12,0.0010609404875614901,1.0300193041087755,1.1772746720452378e-11,-1.0905123024153598e-12,-4.835042188693052e-13,datetime.datetime(2025, 9, 12, 18, 1, 37, 764962)
trans_860708-c0362-cyp,1.0342198867053136,1.6160678214210047e-05,5.116339977552508e-13,0.00012033138866182997,1.0342198729692538,3.2905827436024037e-12,2.330003903060685e-14,-9.247777943116465e-13,datetime.datetime(2025, 9, 12, 18, 1, 37, 764962)
trans_gpc-10072-gsu,1.0329955393500854,0.00014348041194572707,8.588551224375518e-13,0.0010670805654921206,1.032995509489715,1.2850241732387039e-11,3.4389208379660956e-13,-3.63952699114761e-12,datetime.datetime(2025, 9, 12, 18, 1, 37, 764962)
trans_gpc-10076-gsu,1.0300181342563632,0.00014306685792919794,5.042671245847341e-13,0.0010609380226678311,1.0300181044820595,1.2857340234370266e-11,-3.808406534108212e-13,-7.611515767166457e-13,datetime.datetime(2025, 9, 12, 18, 1, 37, 764962)
trans_reg_c0362-cyp-reg_a,0.9975911089517521,154.57871280609663,895.9952372696887,-655.5726584545918,1.0313928952813898,149.8958818518515,-895.6985412469031,660.782029052215,datetime.datetime(2025, 9, 12, 18, 1, 37, 764962)
trans_reg_c0362-cyp-reg_b,0.9975911089517521,132.82726879490923,624.1106676591884,-751.7867765945209,1.0313928952813898,132.00408272842213,-623.8915946064812,755.6381470217387,datetime.datetime(2025, 9, 12, 18, 1, 37, 764962)
trans_reg_c0362-cyp-reg_c,0.9975911089517521,126.98181785771449,465.0139920725492,-799.8303446641457,1.0313928952813898,125.41617487650257,-464.81377618668114,803.3514945298897,datetime.datetime(2025, 9, 12, 18, 1, 37, 764962)
trans_gpc-00550-gsu,1.0312969487891361,2.1486672540562358e-05,2.2448510151457102e-13,0.00015953659966272762,1.031296934418225,4.447410844982206e-12,-1.6910603181306342e-13,-1.2258524461775605e-12,datetime.datetime(2025, 9, 12, 18, 2, 37, 764962)
trans_8695-c0362-cyp,1.0323618630473186,0.0002806625601954863,0.0017638703689109069,0.0011137095597130325,1.0323617991842253,0.006489764040859604,-0.0017638703288621954,-0.0005797561423679143,datetime.datetime(2025, 9, 12, 18, 2, 37, 764962)
trans_8208-c0362-cyp,1.0335503986104737,0.00021533621848379993,2.061388486990223e-12,0.0016023460148801086,1.0335503688563519,1.455901373035008e-11,-5.24589145210984e-13,3.7356327054265325e-12,datetime.datetime(2025, 9, 12, 18, 2, 37, 764962)
trans_8208-c0362-cyp_1,1.0335503986104737,0.00021533621848379993,2.061388486990223e-12,0.0016023460148801086,1.0335503688563519,1.455901373035008e-11,-5.24589145210984e-13,3.7356327054265325e-12,datetime.datetime(2025, 9, 12, 18, 2, 37, 764962)
trans_860267-c0362-cyp,1.0318315698187739,0.0017712589231706605,0.012333189708213994,0.00458607327914947,1.0318311768533863,0.04540053095973598,-0.012333188103329742,-0.004053722895655903,datetime.datetime(2025, 9, 12, 18, 2, 37, 764962)
trans_gpc-10080-gsu,1.0294565773722406,0.00014298885889727164,2.831511405551601e-12,0.0010597837621799428,1.0294565476141697,1.4555467075107172e-11,-1.9809159507881348e-14,2.8974715996281e-13,datetime.datetime(2025, 9, 12, 18, 2, 37, 764962)
trans_860708-c0362-cyp,1.0338271287252152,1.6154540957584884e-05,-3.9170929152197716e-13,0.00012024032093453475,1.033827114994372,1.5916157281026244e-12,1.5824352638620726e-13,-3.6263150955933163e-13,datetime.datetime(2025, 9, 12, 18, 2, 37, 764962)
trans_gpc-10072-gsu,1.0324498527621346,0.00014340461746806675,1.9448320003057073e-12,0.0010659579163784867,1.032449822917538,1.0601847179252563e-11,1.9469690542278546e-15,-2.7324755500552086e-12,datetime.datetime(2025, 9, 12, 18, 2, 37, 764962)
trans_gpc-10076-gsu,1.0294555325919452,0.00014298871380147667,2.550742603246725e-12,0.0010597816125820557,1.0294555028339045,1.8189894035458565e-12,-4.40297465580499e-13,2.7696050419493667e-13,datetime.datetime(2025, 9, 12, 18, 2, 37, 764962)
trans_reg_c0362-cyp-reg_a,0.9961751870438061,159.2211566366224,950.3591742927659,-633.1181623994412,1.02982648703187,154.39756042731594,-950.0443896359141,638.6440335674793,datetime.datetime(2025, 9, 12, 18, 2, 37, 764962)
trans_reg_c0362-cyp-reg_b,0.9961751870438061,134.13891956524932,647.681448800012,-745.7379794671233,1.02982648703187,133.30755429006183,-647.4580278370111,749.6654733089476,datetime.datetime(2025, 9, 12, 18, 2, 37, 764962)
trans_reg_c0362-cyp-reg_c,0.9961751870438061,127.55806351841927,485.1261386425749,-792.3762535799273,1.02982648703187,125.98527842018387,-484.9241015261935,795.9292634265737,datetime.datetime(2025, 9, 12, 18, 2, 37, 764962)
trans_gpc-00550-gsu,1.0324356071382834,2.1510395919297614e-05,1.0542157164589173e-13,0.0001598893928673661,1.0324355927515054,2.223705422491103e-12,1.3608796727188726e-13,-6.220631486410669e-13,datetime.datetime(2025, 9, 12, 18, 3, 37, 764962)
trans_8695-c0362-cyp,1.0326782365856129,0.0001232049318740573,0.0005659362861210301,0.0007202739905597258,1.0326782066469353,0.0020815696634367696,-0.0005659362805413488,-0.00018599247681421176,datetime.datetime(2025, 9, 12, 18, 3, 37, 764962)
trans_8208-c0362-cyp,1.0339254041219659,0.00021541434985436947,1.6619005858975465e-12,0.0016035118262525134,1.033925374357048,1.9048704334635803e-11,3.3642263957018554e-13,1.1323295614226857e-12,datetime.datetime(2025, 9, 12, 18, 3, 37, 764962)
trans_8208-c0362-cyp_1,1.0339254041219659,0.00021541434985436947,1.6619005858975465e-12,0.0016035118262525134,1.033925374357048,1.9048704334635803e-11,3.3642263957018554e-13,1.1323295614226857e-12,datetime.datetime(2025, 9, 12, 18, 3, 37, 764962)
trans_860267-c0362-cyp,1.0321333142519498,0.001771776902680518,0.012340425507423772,0.004588763894183387,1.0321329211716452,0.04541380770216949,-0.01234042390120362,-0.00405610118711147,datetime.datetime(2025, 9, 12, 18, 3, 37, 764962)
trans_gpc-10080-gsu,1.0310645600025798,0.0001432122038138455,2.1610577355390956e-12,0.0010630990683962256,1.0310645301980275,1.1343341570863758e-11,-1.5608151298478485e-12,-1.2711842097399076e-12,datetime.datetime(2025, 9, 12, 18, 3, 37, 764962)
trans_860708-c0362-cyp,1.0342112579535876,1.6160543327203887e-05,-4.618136305225423e-13,0.00012032990187908497,1.0342112442176425,2.5011104298755527e-12,2.88443270801685e-13,-5.879341047935652e-13,datetime.datetime(2025, 9, 12, 18, 3, 37, 764962)
trans_gpc-10072-gsu,1.0333630542124004,0.00014353145852229703,1.6263073943090235e-12,0.001067846666916953,1.0333630243414065,7.275957614183426e-12,4.672561782109656e-13,-1.9440106262288546e-12,datetime.datetime(2025, 9, 12, 18, 3, 37, 764962)
trans_gpc-10076-gsu,1.0310635664423065,0.00014321206591850555,1.1842685339324978e-12,0.0010630970225409214,1.0310635366377827,1.0630158725363485e-11,-1.2781887073192248e-13,-2.721932586055586e-12,datetime.datetime(2025, 9, 12, 18, 3, 37, 764962)
trans_reg_c0362-cyp-reg_a,0.9965206023331982,157.34258608721152,929.0263860810304,-641.2682283101633,1.0302220894426148,152.57594818579386,-928.7189854852024,646.6648909609738,datetime.datetime(2025, 9, 12, 18, 3, 37, 764962)
trans_reg_c0362-cyp-reg_b,0.9965206023331982,132.3547855817431,611.4098076630095,-759.7257268731674,1.0302220894426148,131.534560009082,-611.192290325753,763.5499300276414,datetime.datetime(2025, 9, 12, 18, 3, 37, 764962)
trans_reg_c0362-cyp-reg_c,0.9965206023331982,126.92956679430378,464.41669845432403,-798.9788805423022,1.0302220894426148,125.36456756027847,-464.21664730686376,802.4971228848362,datetime.datetime(2025, 9, 12, 18, 3, 37, 764962)
trans_gpc-00550-gsu,1.0331451610702655,2.1525179247894584e-05,-2.5186947969976783e-13,0.00016010867433637817,1.0331451466736,3.4259250095639847e-12,6.689729953840409e-13,-1.3791108259483496e-13,datetime.datetime(2025, 9, 12, 18, 4, 37, 764962)
trans_8695-c0362-cyp,1.0329541323803058,0.00022767598690607367,0.0013758997061479685,0.0009868010060401328,1.0329540795178573,0.0050594249366881896,-0.0013758996810846302,-0.0004522363278560578,datetime.datetime(2025, 9, 12, 18, 4, 37, 764962)
trans_8208-c0362-cyp,1.0342181852175079,0.00021547534898585166,3.559941681718915e-13,0.001604412421367964,1.0342181554441616,1.4804154602993183e-11,2.4779028500243806e-14,4.001740986675876e-12,datetime.datetime(2025, 9, 12, 18, 4, 37, 764962)
trans_8208-c0362-cyp_1,1.0342181852175079,0.00021547534898585166,3.559941681718915e-13,0.001604412421367964,1.0342181554441616,1.4804154602993183e-11,2.4779028500243806e-14,4.001740986675876e-12,datetime.datetime(2025, 9, 12, 18, 4, 37, 764962)
trans_860267-c0362-cyp,1.0324032216364338,0.0021490038221503105,0.01500885278225788,0.005466114662920461,1.0324027473154127,0.055219654968456336,-0.015008850415180758,-0.0049331707841797235,datetime.datetime(2025, 9, 12, 18, 4, 37, 764962)
trans_gpc-10080-gsu,1.031963112031738,0.00014333701020921298,2.384611104064294e-12,0.0010649489450744276,1.0319630822012116,7.304269160294347e-12,-1.0785319270879807e-12,-1.5436008735837994e-12,datetime.datetime(2025, 9, 12, 18, 4, 37, 764962)
trans_860708-c0362-cyp,1.0345200067390403,1.6165367889651934e-05,-3.679882635589104e-14,0.00012040118292777022,1.0345199929989943,3.5741122696415298e-12,-6.567151949119797e-14,-9.429516718208891e-13,datetime.datetime(2025, 9, 12, 18, 4, 37, 764962)
trans_gpc-10072-gsu,1.0339757443314528,0.00014361655963338467,5.734804280760342e-13,0.0010691090967252853,1.0339757144427482,5.4569682106375694e-12,3.9999266765189474e-13,-1.3165286490755553e-12,datetime.datetime(2025, 9, 12, 18, 4, 37, 764962)
trans_gpc-10076-gsu,1.0319625209635517,0.00014333692808271773,2.381337228102298e-12,0.0010649477247085073,1.0319624911330425,1.2449148128909341e-11,-1.0367077947944382e-12,-1.2554353849480774e-12,datetime.datetime(2025, 9, 12, 18, 4, 37, 764962)
trans_reg_c0362-cyp-reg_a,0.9973248477906907,152.84077518868133,875.1073665645973,-662.2436916664109,1.0311527648289478,148.21063855772428,-874.8173044941128,667.3369595289116,datetime.datetime(2025, 9, 12, 18, 4, 37, 764962)
trans_reg_c0362-cyp-reg_b,0.9973248477906907,132.34016326666776,613.1586068179878,-756.0821991394828,1.0311527648289478,131.52001985037714,-612.941137553822,759.9055020531646,datetime.datetime(2025, 9, 12, 18, 4, 37, 764962)
trans_reg_c0362-cyp-reg_c,0.9973248477906907,126.34833106127964,435.80497603124957,-811.669348939392,1.0311527648289478,124.79054924382042,-435.60675275688675,815.1556553428779,datetime.datetime(2025, 9, 12, 18, 4, 37, 764962)
trans_gpc-00550-gsu,1.033722888632362,2.1537215954415e-05,-1.4374785303056246e-13,0.0001602875364628127,1.0337228742276459,1.8469803821102827e-12,6.277339984366756e-14,-3.644181050701646e-14,datetime.datetime(2025, 9, 12, 18, 5, 37, 764962)
trans_8695-c0362-cyp,1.0333286830543689,0.0001233675333231415,0.0005673507207959559,0.0007214305041978858,1.0333286530758814,0.0020854884191986098,-0.0005673507157607524,-0.00018647765459717163,datetime.datetime(2025, 9, 12, 18, 5, 37, 764962)
trans_8208-c0362-cyp,1.0346026523293983,0.0002155554513454437,4.863465723897731e-13,0.001605606342946651,1.0346026225449838,9.212262925295326e-12,4.798225612035788e-13,2.5850631973850657e-12,datetime.datetime(2025, 9, 12, 18, 5, 37, 764962)
trans_8208-c0362-cyp_1,1.0346026523293983,0.0002155554513454437,4.863465723897731e-13,0.001605606342946651,1.0346026225449838,9.212262925295326e-12,4.798225612035788e-13,2.5850631973850657e-12,datetime.datetime(2025, 9, 12, 18, 5, 37, 764962)
trans_860267-c0362-cyp,1.032774187105202,0.0017071665852549413,0.011891195162340596,0.004441767617267438,1.0327738079341633,0.04373359255699767,-0.011891193673284794,-0.003908445769907049,datetime.datetime(2025, 9, 12, 18, 5, 37, 764962)
trans_gpc-10080-gsu,1.0325611478816599,0.00014342007574063943,2.052251282108619e-12,0.0010661834432941905,1.0325611180338463,9.10204551971251e-12,2.0529212559725085e-13,1.6669783634277344e-12,datetime.datetime(2025, 9, 12, 18, 5, 37, 764962)
trans_860708-c0362-cyp,1.034917150382416,1.6171573600665668e-05,-4.3979511872571655e-14,0.00012049368751400406,1.0349171366370955,3.3857497494511197e-12,3.6345866244406523e-13,-3.489924282355192e-13,datetime.datetime(2025, 9, 12, 18, 5, 37, 764962)
trans_gpc-10072-gsu,1.0345501628550602,0.00014369634521243068,-8.028686743211111e-14,0.0010702949916986631,1.0345501329497508,1.541427737428441e-11,7.084555021497356e-13,-3.89447348796192e-12,datetime.datetime(2025, 9, 12, 18, 5, 37, 764962)
trans_gpc-10076-gsu,1.0325601624660794,0.00014341993893356595,1.3245856841925808e-12,0.0010661814121091218,1.0325601326182943,7.275957614183426e-12,-5.933527268695144e-13,-1.9243518227895955e-12,datetime.datetime(2025, 9, 12, 18, 5, 37, 764962)
trans_reg_c0362-cyp-reg_a,0.9988458957173357,148.9233648584112,824.0624209624308,-683.9914164663687,1.032823218211125,144.4120212899257,-823.787037086262,688.8278700634686,datetime.datetime(2025, 9, 12, 18, 5, 37, 764962)
trans_reg_c0362-cyp-reg_b,0.9988458957173357,130.53227007671126,574.9478747714032,-768.4639210456422,1.032823218211125,129.7234117954673,-574.7363064673832,772.1839428154647,datetime.datetime(2025, 9, 12, 18, 5, 37, 764962)
trans_reg_c0362-cyp-reg_c,0.9988458957173357,125.88545647474675,417.48047683206437,-817.1546943103102,1.032823218211125,124.33341078981758,-417.2837032256612,820.6156218214364,datetime.datetime(2025, 9, 12, 18, 5, 37, 764962)
trans_gpc-00550-gsu,1.0323238631092935,2.1508067882230163e-05,9.879015053920747e-14,0.0001598554802324239,1.0323238487240725,3.456274952170568e-12,-1.4441916841985859e-13,-9.037987300112385e-13,datetime.datetime(2025, 9, 12, 18, 6, 37, 764962)
trans_8695-c0362-cyp,1.0315371138311615,0.0002272668923038657,0.0013714162308180909,0.0009838635274567581,1.0315370610615122,0.0050498490490654534,-0.001371416206292342,-0.00045076270892944743,datetime.datetime(2025, 9, 12, 18, 6, 37, 764962)
trans_8208-c0362-cyp,1.0328558107499155,0.00021519150403759865,2.2680198500518722e-12,0.0016001952543143031,1.0328557810157897,1.9492306488190878e-11,2.3463107367535066e-12,4.853072151663197e-13,datetime.datetime(2025, 9, 12, 18, 6, 37, 764962)
trans_8208-c0362-cyp_1,1.0328558107499155,0.00021519150403759865,2.2680198500518722e-12,0.0016001952543143031,1.0328557810157897,1.9492306488190878e-11,2.3463107367535066e-12,4.853072151663197e-13,datetime.datetime(2025, 9, 12, 18, 6, 37, 764962)
trans_860267-c0362-cyp,1.0309714225624231,0.0017085066065851257,0.01188022596977096,0.004436303575239982,1.0309710431227177,0.043769571694749716,-0.011880224476810178,-0.0039048409518590878,datetime.datetime(2025, 9, 12, 18, 6, 37, 764962)
trans_gpc-10080-gsu,1.031199542710237,0.00014323095229370146,2.3306227017738658e-12,0.0010633796471455196,1.0311995129017826,2.2737367544323206e-12,3.126601358089632e-13,-2.708982736063034e-13,datetime.datetime(2025, 9, 12, 18, 6, 37, 764962)
trans_860708-c0362-cyp,1.0331792345620479,1.6144416971176388e-05,1.7649159477634015e-13,0.00012008986029182485,1.0331792208398094,2.3810880418294754e-12,-2.7165312128172376e-14,-4.567102300754624e-13,datetime.datetime(2025, 9, 12, 18, 6, 37, 764962)
trans_gpc-10072-gsu,1.0331132135356949,0.0001434967560486561,2.1331798757961984e-12,0.0010673355922062254,1.0331131836719232,7.932736439215277e-12,-1.584913662874124e-12,-2.3191270641365455e-13,datetime.datetime(2025, 9, 12, 18, 6, 37, 764962)
trans_gpc-10076-gsu,1.031198520642856,0.00014323081027132987,1.2460554671411826e-12,0.0010633775322146947,1.0311984908344316,3.637978807091713e-12,5.106320914908308e-13,-9.070905763805565e-13,datetime.datetime(2025, 9, 12, 18, 6, 37, 764962)
trans_reg_c0362-cyp-reg_a,0.9989725547813804,144.7150870553727,781.0471302568787,-687.9385884017123,1.0267200609107923,141.1869878504117,-780.7870899144785,692.5064273264084,datetime.datetime(2025, 9, 12, 18, 6, 37, 764962)
trans_reg_c0362-cyp-reg_b,0.9989725547813804,129.32247911591395,546.4137924313974,-777.864028193129,1.0267200609107923,128.5211761793634,-546.2061275477018,781.5157318399041,datetime.datetime(2025, 9, 12, 18, 6, 37, 764962)
trans_reg_c0362-cyp-reg_c,0.9989725547813804,125.42861936022358,387.9863808626095,-828.5662031652439,1.0267200609107923,123.88225055085985,-387.79103277452754,832.0022083501655,datetime.datetime(2025, 9, 12, 18, 6, 37, 764962)
trans_gpc-00550-gsu,1.0336323265081788,2.1535329103370633e-05,2.3784652350943013e-13,0.00016025988181390615,1.0336323121047248,0,0,0,datetime.datetime(2025, 9, 12, 18, 7, 37, 764962)
trans_8695-c0362-cyp,1.0321712493074662,0.0001233138969482513,0.0005667961574773668,0.0007200506766153745,1.032171219342244,0.0020857885727199417,-0.0005667961537290274,-0.00018629598708304497,datetime.datetime(2025, 9, 12, 18, 7, 37, 764962)
trans_8208-c0362-cyp,1.0335663988421138,0.0002153395521110987,7.310592686771145e-13,0.0016023915838712147,1.033566369087531,1.4580226774477773e-11,1.8806098730064155e-12,3.3487504409384982e-12,datetime.datetime(2025, 9, 12, 18, 7, 37, 764962)
trans_8208-c0362-cyp_1,1.0335663988421138,0.0002153395521110987,7.310592686771145e-13,0.0016023915838712147,1.033566369087531,1.4580226774477773e-11,1.8806098730064155e-12,3.3487504409384982e-12,datetime.datetime(2025, 9, 12, 18, 7, 37, 764962)
trans_860267-c0362-cyp,1.0315844261627827,0.00177083465350407,0.012327248869188786,0.004583864676521329,1.0315840332914965,0.04538965610564781,-0.012327247265382705,-0.0040517707137544,datetime.datetime(2025, 9, 12, 18, 7, 37, 764962)
trans_gpc-10080-gsu,1.0326000272972589,0.00014342547589748963,1.2786452383006796e-12,0.0010662646060705114,1.0325999974483215,7.283056116166653e-12,4.0897525885545073e-13,-1.9442812227284887e-12,datetime.datetime(2025, 9, 12, 18, 7, 37, 764962)
trans_860708-c0362-cyp,1.0339148484717373,1.615591163433988e-05,-9.185856198953845e-14,0.0001202604327142206,1.033914834739729,1.8749713606747085e-12,-2.1432569150549296e-14,-5.187502695063358e-13,datetime.datetime(2025, 9, 12, 18, 7, 37, 764962)
trans_gpc-10072-gsu,1.0343749758854959,0.00014367201170436314,7.528403525580706e-13,0.0010699359663856886,1.0343749459852505,7.503331289626658e-12,1.1285085960390747e-12,-2.4069611676800796e-14,datetime.datetime(2025, 9, 12, 18, 7, 37, 764962)
trans_gpc-10076-gsu,1.032599314883502,0.00014342537705835245,1.0918303067208867e-12,0.0010662631329548574,1.0325992850345849,9.094947017729282e-12,3.121612906797664e-14,-1.6717676208881039e-12,datetime.datetime(2025, 9, 12, 18, 7, 37, 764962)
trans_reg_c0362-cyp-reg_a,1.0007687278106936,139.87409568483935,707.8687171283731,-717.3523297796477,1.0286993794779482,136.46419004634546,-707.6257831702151,721.6208709348688,datetime.datetime(2025, 9, 12, 18, 7, 37, 764962)
trans_reg_c0362-cyp-reg_b,1.0007687278106936,127.13908501672431,485.85946890014617,-797.963367165244,1.0286993794779482,126.35142766168711,-485.6587567872654,801.4933873542601,datetime.datetime(2025, 9, 12, 18, 7, 37, 764962)
trans_reg_c0362-cyp-reg_c,1.0007687278106936,124.94996595610777,351.1455846247312,-840.8235998720513,1.0286993794779482,123.40954618743122,-350.9517245695297,844.2335573334866,datetime.datetime(2025, 9, 12, 18, 7, 37, 764962)
trans_gpc-00550-gsu,1.03339061133329,2.1530293116055766e-05,2.2310042463620501e-13,0.00016018609972216053,1.0333905969332042,1.9543316695074375e-12,-9.903199313845258e-14,-5.469949285209827e-13,datetime.datetime(2025, 9, 12, 18, 8, 37, 764962)
trans_8695-c0362-cyp,1.0315519973616727,8.303527053674364e-05,0.00017611092858278713,0.0005910022538984428,1.0315519784671208,0.00064846732340402,-0.00017611092838051812,-5.7884863095475424e-05,datetime.datetime(2025, 9, 12, 18, 8, 37, 764962)
trans_8208-c0362-cyp,1.0328782564016092,0.00021519618040273704,3.483152204164508e-13,0.0016002667376196805,1.0328782266668373,1.8442133410084896e-11,-2.466885773869133e-13,4.906512080805132e-12,datetime.datetime(2025, 9, 12, 18, 8, 37, 764962)
trans_8208-c0362-cyp_1,1.0328782564016092,0.00021519618040273704,3.483152204164508e-13,0.0016002667376196805,1.0328782266668373,1.8442133410084896e-11,-2.466885773869133e-13,4.906512080805132e-12,datetime.datetime(2025, 9, 12, 18, 8, 37, 764962)
trans_860267-c0362-cyp,1.0309747427625646,0.0010187114694356508,0.007009742674980156,0.002835452149338725,1.0309745119808074,0.025825396269341702,-0.007009742150538401,-0.0023039908291279864,datetime.datetime(2025, 9, 12, 18, 8, 37, 764962)
trans_gpc-10080-gsu,1.0324201540312115,0.00014340049192798,1.671371749334405e-12,0.0010659018607007545,1.0324201241874738,7.712461265755273e-12,1.9576913792817526e-15,1.1784344387677048e-13,datetime.datetime(2025, 9, 12, 18, 8, 37, 764962)
trans_860708-c0362-cyp,1.033279191909369,1.6145978946907907e-05,-9.498250992147351e-14,0.00012011321422586266,1.033279178185803,3.31857372216683e-12,2.2812636620654753e-13,-8.930530384503866e-13,datetime.datetime(2025, 9, 12, 18, 8, 37, 764962)
trans_gpc-10072-gsu,1.0340851348274709,0.00014363175370072403,4.110117541450409e-13,0.0010693427452948146,1.0340851049356041,1.1343341570863758e-11,-1.1582355181622946e-13,-9.109631914912654e-13,datetime.datetime(2025, 9, 12, 18, 8, 37, 764962)
trans_gpc-10076-gsu,1.032419794447245,0.0001434004421940089,9.94438619991711e-13,0.0010659011162195366,1.0324197646035174,7.275957614183426e-12,5.379635893881548e-13,1.2354501102577892e-13,datetime.datetime(2025, 9, 12, 18, 8, 37, 764962)
trans_reg_c0362-cyp-reg_a,1.007585249368463,137.24938730635085,677.2732560272963,-729.7810226282016,1.0294112184014605,134.7250430684339,-677.0393535820865,733.8916388358216,datetime.datetime(2025, 9, 12, 18, 8, 37, 764962)
trans_reg_c0362-cyp-reg_b,1.007585249368463,128.08189869452443,525.8517762385944,-775.0854389740241,1.0294112184014605,127.28831296208571,-525.6480764224619,778.6675738285838,datetime.datetime(2025, 9, 12, 18, 8, 37, 764962)
trans_reg_c0362-cyp-reg_c,1.007585249368463,130.7170152499377,538.1751175880318,-783.0216298376744,1.0294112184014605,128.31311532890578,-537.9629499362239,786.7519605590636,datetime.datetime(2025, 9, 12, 18, 8, 37, 764962)
trans_gpc-00550-gsu,1.0327523473290907,2.1516995092485654e-05,-1.2932463606951662e-13,0.0001599868361828405,1.0327523329378991,1.5916157281026244e-12,3.122911315829093e-13,-2.656555925444829e-13,datetime.datetime(2025, 9, 12, 18, 9, 37, 764962)
trans_8695-c0362-cyp,1.030554445856492,0.00022690538668379334,0.0013677285971456974,0.0009816345029536335,1.0305543931675074,0.00504108921739742,-0.0013677285710039688,-0.0004495506426365643,datetime.datetime(2025, 9, 12, 18, 9, 37, 764962)
trans_8208-c0362-cyp,1.0319821848264625,0.00021500948692910788,1.0018875225975554e-12,0.0015974826054035976,1.0319821551174868,1.6087126936001054e-11,1.6120360907707697e-12,4.242755947724926e-12,datetime.datetime(2025, 9, 12, 18, 9, 37, 764962)
trans_8208-c0362-cyp_1,1.0319821848264625,0.00021500948692910788,1.0018875225975554e-12,0.0015974826054035976,1.0319821551174868,1.6087126936001054e-11,1.6120360907707697e-12,4.242755947724926e-12,datetime.datetime(2025, 9, 12, 18, 9, 37, 764962)
trans_860267-c0362-cyp,1.0299557263782748,0.0013349702303282647,0.009234627706672348,0.003565685668630796,1.0299554274252165,0.034056211143389956,-0.009234626800031537,-0.003035275047255432,datetime.datetime(2025, 9, 12, 18, 9, 37, 764962)
trans_gpc-10080-gsu,1.0318166102710769,0.0001433166614663191,1.6245804874970291e-12,0.001064646386497782,1.0318165804447854,1.1350440072846986e-11,-5.81405278195099e-13,-2.5609569126407942e-12,datetime.datetime(2025, 9, 12, 18, 9, 37, 764962)
trans_860708-c0362-cyp,1.032368024742629,1.613174108495956e-05,-3.75072272502594e-13,0.00011990081109176912,1.032368011031165,2.9558577807620168e-12,3.544277153143734e-13,-6.993997694110685e-13,datetime.datetime(2025, 9, 12, 18, 9, 37, 764962)
trans_gpc-10072-gsu,1.0334213181031844,0.0001435395508764768,6.014181999636213e-13,0.0010679617541559795,1.0334212882305063,5.485279756748491e-12,6.189654452987205e-13,1.2892134070869885e-12,datetime.datetime(2025, 9, 12, 18, 9, 37, 764962)
trans_gpc-10076-gsu,1.0318161530255603,0.00014331659801513312,6.102499859605981e-13,0.0010646454432713477,1.031816123199282,1.0601847179252563e-11,7.63711480468693e-13,-2.2180322033530187e-12,datetime.datetime(2025, 9, 12, 18, 9, 37, 764962)
trans_reg_c0362-cyp-reg_a,1.0055563560211191,133.09093067564527,602.5971639825332,-751.8293151409838,1.027461106349223,130.64322920606406,-602.3772203592181,755.6955843757131,datetime.datetime(2025, 9, 12, 18, 9, 37, 764962)
trans_reg_c0362-cyp-reg_b,1.0055563560211191,124.99718107060188,406.29431136930884,-822.1250355704939,1.027461106349223,124.22292430770854,-406.1003048551033,825.5376542119336,datetime.datetime(2025, 9, 12, 18, 9, 37, 764962)
trans_reg_c0362-cyp-reg_c,1.0055563560211191,125.03016166786779,377.18368634853266,-827.9012162928003,1.027461106349223,123.48871714386266,-376.98957742196916,831.3154514783256,datetime.datetime(2025, 9, 12, 18, 9, 37, 764962)
trans_gpc-00550-gsu,1.0342406844412435,2.1548004017361047e-05,-4.674464764917174e-13,0.0001604485749528104,1.0342406700293125,2.7578130822102956e-12,6.036790759220005e-13,8.842345229636878e-14,datetime.datetime(2025, 9, 12, 18, 10, 37, 764962)
trans_8695-c0362-cyp,1.0314412808232696,0.00012335345944671406,0.0005670671927966839,0.0007193857231019662,1.0314412508487911,0.0020882645580040135,-0.0005670671878037113,-0.0001863859390533554,datetime.datetime(2025, 9, 12, 18, 10, 37, 764962)
trans_8208-c0362-cyp,1.0329639184771997,0.00021521402771161474,1.9764714396380833e-12,0.001600522923497577,1.0329638887399615,1.6544843631700595e-11,5.979503977014815e-13,2.3393745363339526e-12,datetime.datetime(2025, 9, 12, 18, 10, 37, 764962)
trans_8208-c0362-cyp_1,1.0329639184771997,0.00021521402771161474,1.9764714396380833e-12,0.001600522923497577,1.0329638887399615,1.6544843631700595e-11,5.979503977014815e-13,2.3393745363339526e-12,datetime.datetime(2025, 9, 12, 18, 10, 37, 764962)
trans_860267-c0362-cyp,1.030819201855608,0.0009576143019493209,0.0065768884668732965,0.0026930157912782573,1.030818984256357,0.02423447198912823,-0.00657688800414542,-0.0021617184511376563,datetime.datetime(2025, 9, 12, 18, 10, 37, 764962)
trans_gpc-10080-gsu,1.0333279868224967,0.00014352658778617335,8.144999778803007e-13,0.0010677700876052915,1.0333279569525164,6.341120711112653e-12,4.2571443589084886e-13,1.415201024321245e-12,datetime.datetime(2025, 9, 12, 18, 10, 37, 764962)
trans_860708-c0362-cyp,1.033363620062554,1.61472981663597e-05,-1.6425436000482713e-13,0.00012013214498097363,1.0333636063378668,6.821210263296962e-13,1.2969434331970918e-13,-1.145018948632543e-13,datetime.datetime(2025, 9, 12, 18, 10, 37, 764962)
trans_gpc-10072-gsu,1.0349021476373566,0.0001437452344302845,1.3340988955917733e-12,0.0010710254066885576,1.034902117721873,3.6450773090749405e-12,-3.690310447077068e-14,1.0446401648312264e-12,datetime.datetime(2025, 9, 12, 18, 10, 37, 764962)
trans_gpc-10076-gsu,1.0333275904393946,0.00014352653267767578,-2.0554348154067087e-13,0.001067769266847581,1.033327560569426,9.094947017729282e-12,1.3700083582648514e-12,7.530629271734977e-13,datetime.datetime(2025, 9, 12, 18, 10, 37, 764962)
trans_reg_c0362-cyp-reg_a,1.006033343822372,128.87394375609227,498.13877732076077,-789.4020548802416,1.0281293614870026,126.50400888399297,-497.93255037947597,793.0283016589873,datetime.datetime(2025, 9, 12, 18, 10, 37, 764962)
trans_reg_c0362-cyp-reg_b,1.006033343822372,124.04810430536324,355.2885973547998,-836.8230585551199,1.0281293614870026,123.27979677636462,-355.09752564718116,840.1842826781024,datetime.datetime(2025, 9, 12, 18, 10, 37, 764962)
trans_reg_c0362-cyp-reg_c,1.006033343822372,124.7161539094739,279.06255319715814,-865.7632560420863,1.0281293614870026,123.1786891889338,-278.86941787028456,869.1605378510097,datetime.datetime(2025, 9, 12, 18, 10, 37, 764962)
trans_gpc-00550-gsu,1.0344444876101269,2.155225016504696e-05,2.340866073029246e-13,0.00016051233420118807,1.0344444731953557,1.1368683772161603e-12,3.042817853321909e-14,-3.2334091388100614e-13,datetime.datetime(2025, 9, 12, 18, 11, 37, 764962)
trans_8695-c0362-cyp,1.0316252575604459,8.30403317033284e-05,0.00017613976008533038,0.0005910753776722171,1.0316252386649103,0.0006485201965515597,-0.00017613975728951014,-5.7884945310712687e-05,datetime.datetime(2025, 9, 12, 18, 11, 37, 764962)
trans_8208-c0362-cyp,1.0331435860759768,0.00021525146069245818,1.0387020809438097e-12,0.0016010814213367232,1.0331435563335665,1.836874974719259e-11,7.859642729606047e-13,4.889112772669793e-12,datetime.datetime(2025, 9, 12, 18, 11, 37, 764962)
trans_8208-c0362-cyp_1,1.0331435860759768,0.00021525146069245818,1.0387020809438097e-12,0.0016010814213367232,1.0331435563335665,1.836874974719259e-11,7.859642729606047e-13,4.889112772669793e-12,datetime.datetime(2025, 9, 12, 18, 11, 37, 764962)
trans_860267-c0362-cyp,1.0310031908129855,0.0007737134866018143,0.005277175533943959,0.0022659791545204316,1.0310030129173382,0.019441775976350995,-0.005277175234631889,-0.0017344926995635178,datetime.datetime(2025, 9, 12, 18, 11, 37, 764962)
trans_gpc-10080-gsu,1.033505702789194,0.00014355127194389764,2.4375889171729393e-12,0.0010681413529742446,1.0335056729140766,8.16011011465851e-12,-6.07585385096241e-13,-1.5227920175671654e-12,datetime.datetime(2025, 9, 12, 18, 11, 37, 764962)
trans_860708-c0362-cyp,1.0335496894573184,1.6150205639436333e-05,-2.8381116792645935e-13,0.00012017554468769399,1.0335496757301599,1.1368683772161603e-12,2.506082149206188e-13,-1.490730658147955e-13,datetime.datetime(2025, 9, 12, 18, 11, 37, 764962)
trans_gpc-10072-gsu,1.0351164015426895,0.00014377499389268256,2.2284987761383994e-12,0.0010714719007766254,1.0351163716210119,7.733674309882967e-12,-1.123655392492815e-12,-3.821944554953502e-13,datetime.datetime(2025, 9, 12, 18, 11, 37, 764962)
trans_gpc-10076-gsu,1.0335052209214182,0.0001435512053000537,1.828338548268138e-12,0.0010681403577385835,1.0335051910463147,1.3165882821149935e-11,-1.559785003154764e-12,-2.952903182385067e-12,datetime.datetime(2025, 9, 12, 18, 11, 37, 764962)
trans_reg_c0362-cyp-reg_a,1.0068043838558216,127.91746048625892,463.5708208605137,-803.0136700284027,1.0289781853415547,125.565178608382,-463.36764362976106,806.5865744085137,datetime.datetime(2025, 9, 12, 18, 11, 37, 764962)
trans_reg_c0362-cyp-reg_b,1.0068043838558216,123.82704363917419,344.01531484076463,-839.0442712431933,1.0289781853415547,123.06011880827695,-343.82492350650585,842.3935632874643,datetime.datetime(2025, 9, 12, 18, 11, 37, 764962)
trans_reg_c0362-cyp-reg_c,1.0068043838558216,124.80803289522684,265.23845560542287,-871.1731185223227,1.0289781853415547,123.26944618748668,-265.045035589717,874.5753964949403,datetime.datetime(2025, 9, 12, 18, 11, 37, 764962)
trans_gpc-00550-gsu,1.0347263985245132,2.1558123664110757e-05,5.839610067205625e-13,0.00016060009576625547,1.0347263841058139,3.1985513341207526e-12,-9.962213446940491e-14,-7.733203553749405e-13,datetime.datetime(2025, 9, 12, 18, 12, 37, 764962)
trans_8695-c0362-cyp,1.031682313674075,0.00022700856308249725,0.001369652761025339,0.0009834332478428332,1.0316822609578546,0.005042652792414545,-0.0013696527374101554,-0.00045018308432338047,datetime.datetime(2025, 9, 12, 18, 12, 37, 764962)
trans_8208-c0362-cyp,1.0331970426751012,0.00021526259817311697,1.593174273062381e-12,0.0016012491746229163,1.0331970129311518,9.094947017729282e-12,-1.3206805072229503e-12,1.8426594169875673e-12,datetime.datetime(2025, 9, 12, 18, 12, 37, 764962)
trans_8208-c0362-cyp_1,1.0331970426751012,0.00021526259817311697,1.593174273062381e-12,0.0016012491746229163,1.0331970129311518,9.094947017729282e-12,-1.3206805072229503e-12,1.8426594169875673e-12,datetime.datetime(2025, 9, 12, 18, 12, 37, 764962)
trans_860267-c0362-cyp,1.0310585790811464,0.0011483763361528742,0.007926484610843818,0.0031368517937884286,1.0310583203364045,0.029200607580887605,-0.007926483940874767,-0.0026053052165331794,datetime.datetime(2025, 9, 12, 18, 12, 37, 764962)
trans_gpc-10080-gsu,1.0338367323737427,0.00014359725106711927,6.027148918841264e-13,0.0010688273862874225,1.0338367024890562,3.637978807091713e-12,-1.3943248638957805e-14,-5.253320075761128e-13,datetime.datetime(2025, 9, 12, 18, 12, 37, 764962)
trans_860708-c0362-cyp,1.0336202243860717,1.6151307832186535e-05,-2.877214343513512e-13,0.00012019210591426632,1.0336202106579766,2.8638263712803657e-12,2.1905550887687666e-13,1.9091183693078326e-13,datetime.datetime(2025, 9, 12, 18, 12, 37, 764962)
trans_gpc-10072-gsu,1.0353622387425256,0.00014380913996019847,3.502960178869418e-13,0.001071982626517167,1.0353622088137422,1.1779845222435605e-11,9.58272580059188e-13,-7.746933841943463e-13,datetime.datetime(2025, 9, 12, 18, 12, 37, 764962)
trans_gpc-10076-gsu,1.0338363902949421,0.00014359720354599405,8.766082946337628e-13,0.0010688266777392078,1.0338363604102656,7.705362763772045e-12,7.95865545088982e-14,-1.1625994608501487e-13,datetime.datetime(2025, 9, 12, 18, 12, 37, 764962)
trans_reg_c0362-cyp-reg_a,1.0068763722199603,127.58989041490038,451.0812984311637,-807.4523550708448,1.0290730339137888,125.24365382392513,-450.87916042331216,811.0070758902685,datetime.datetime(2025, 9, 12, 18, 12, 37, 764962)
trans_reg_c0362-cyp-reg_b,1.0068763722199603,123.82401017953222,347.48814321307646,-837.1396726629664,1.0290730339137888,123.05709928826293,-347.2977612143747,840.4887853138998,datetime.datetime(2025, 9, 12, 18, 12, 37, 764962)
trans_reg_c0362-cyp-reg_c,1.0068763722199603,124.92098316097749,257.1680177333764,-874.9314241842229,1.0290730339137888,123.38100966873161,-256.9742474634335,878.3398495651063,datetime.datetime(2025, 9, 12, 18, 12, 37, 764962)
trans_gpc-00550-gsu,1.0349666369078154,2.1563128966890888e-05,1.2370406912362575e-13,0.00016067424901116176,1.0349666224857683,1.8189894035458565e-12,1.3386915602318006e-13,3.2911076982250665e-14,datetime.datetime(2025, 9, 12, 18, 13, 37, 764962)
trans_8695-c0362-cyp,1.0318844578222148,0.00012353313892610117,0.0005686321813404172,0.000720353859784358,1.0318844278046015,0.0020931209974285733,-0.0005686321742759425,-0.000186895425028728,datetime.datetime(2025, 9, 12, 18, 13, 37, 764962)
trans_8208-c0362-cyp,1.0334197379267858,0.00021530899616532118,1.0102218003099629e-12,0.0016019373799670783,1.0334197081764254,9.206910931986987e-12,1.8190246237375678e-13,-2.53795705097961e-13,datetime.datetime(2025, 9, 12, 18, 13, 37, 764962)
trans_8208-c0362-cyp_1,1.0334197379267858,0.00021530899616532118,1.0102218003099629e-12,0.0016019373799670783,1.0334197081764254,9.206910931986987e-12,1.8190246237375678e-13,-2.53795705097961e-13,datetime.datetime(2025, 9, 12, 18, 13, 37, 764962)
trans_860267-c0362-cyp,1.0312578588674837,0.0008969603563008069,0.0061506460244146995,0.0025533503805608695,1.031257654354026,0.02265417368912922,-0.0061506456207736475,-0.00202160061571379,datetime.datetime(2025, 9, 12, 18, 13, 37, 764962)
trans_gpc-10080-gsu,1.0340722290527227,0.00014362996097678533,1.6236509810252375e-12,0.0010693115559249127,1.0340721991612292,5.4569682106375694e-12,4.297805993438151e-13,-7.901812133054601e-13,datetime.datetime(2025, 9, 12, 18, 13, 37, 764962)
trans_860708-c0362-cyp,1.0338333099221442,1.615463745510857e-05,1.046318030047816e-13,0.00012024150071894297,1.0338332961912189,4.222503451176653e-12,-3.9894195712348024e-13,2.15388936027939e-13,datetime.datetime(2025, 9, 12, 18, 13, 37, 764962)
trans_gpc-10072-gsu,1.0355991267849394,0.00014384204323243937,2.1104331910520854e-12,0.0010724705537093451,1.0355990968493083,9.66701027618179e-12,-1.6524982486887946e-12,-7.53051057942927e-13,datetime.datetime(2025, 9, 12, 18, 13, 37, 764962)
trans_gpc-10076-gsu,1.0340717032607707,0.00014362988788210878,4.3229752243190144e-13,0.001069310467371049,1.034071673369292,4.092726157978177e-12,7.815336047435928e-13,5.113866594751849e-13,datetime.datetime(2025, 9, 12, 18, 13, 37, 764962)
trans_reg_c0362-cyp-reg_a,1.0071737893693569,127.20251962296905,434.3879922596276,-813.6808765437776,1.029405362785794,124.8634345278366,-434.18707975100466,817.2141618393508,datetime.datetime(2025, 9, 12, 18, 13, 37, 764962)
trans_reg_c0362-cyp-reg_b,1.0071737893693569,123.68500335984238,317.9904227655762,-848.1892880247481,1.029405362785794,122.91898708727459,-317.8004679270183,851.5309439838327,datetime.datetime(2025, 9, 12, 18, 13, 37, 764962)
trans_reg_c0362-cyp-reg_c,1.0071737893693569,124.96276745631624,241.44190167642924,-879.3597108961486,1.029405362785794,123.4222887720382,-241.24800174269947,882.7703926350035,datetime.datetime(2025, 9, 12, 18, 13, 37, 764962)
trans_gpc-00550-gsu,1.0351552841484926,2.156705936927509e-05,4.252216315604046e-13,0.000160733023217063,1.0351552697238162,2.3030657313238315e-12,-3.4742583855697257e-13,-5.098057860759667e-13,datetime.datetime(2025, 9, 12, 18, 14, 37, 764962)
trans_8695-c0362-cyp,1.0319273314639306,8.306540515557053e-05,0.00017623816351957,0.0005914292583409209,1.0319273125625343,0.0006487020167640174,-0.00017623816145634206,-5.792615779305255e-05,datetime.datetime(2025, 9, 12, 18, 14, 37, 764962)
trans_8208-c0362-cyp,1.0334788932714767,0.00021532132066073953,7.863828338505741e-13,0.001602121982236165,1.0334788635194136,1.1772746720452378e-11,1.0808936766589846e-12,2.8364341135584214e-12,datetime.datetime(2025, 9, 12, 18, 14, 37, 764962)
trans_8208-c0362-cyp_1,1.0334788932714767,0.00021532132066073953,7.863828338505741e-13,0.001602121982236165,1.0334788635194136,1.1772746720452378e-11,1.0808936766589846e-12,2.8364341135584214e-12,datetime.datetime(2025, 9, 12, 18, 14, 37, 764962)
trans_860267-c0362-cyp,1.0312959866341824,0.0007739325149649149,0.005280160689773579,0.002267292008463992,1.0312958086866357,0.01944727036292327,-0.005280160388685544,-0.00173550326412117,datetime.datetime(2025, 9, 12, 18, 14, 37, 764962)
trans_gpc-10080-gsu,1.0343015678061716,0.00014366181556137874,1.2564977461271277e-12,0.0010697869662176468,1.0343015379080485,0,0,0,datetime.datetime(2025, 9, 12, 18, 14, 37, 764962)
trans_860708-c0362-cyp,1.0338972427300466,1.6155636505822045e-05,-8.113252094894134e-14,0.00012025646626812503,1.0338972289982717,2.0463630789890885e-12,4.269870989185874e-13,-3.291572259265193e-13,datetime.datetime(2025, 9, 12, 18, 14, 37, 764962)
trans_gpc-10072-gsu,1.0357651569630357,0.00014386510416659881,4.458416760777518e-13,0.0010728158106412863,1.0357651270226054,9.094947017729282e-12,1.1171464138642005e-13,1.6773183000757355e-12,datetime.datetime(2025, 9, 12, 18, 14, 37, 764962)
trans_gpc-10076-gsu,1.0343012736534414,0.00014366177485041553,5.107139034593589e-13,0.001069786357891706,1.0343012437553265,1.1343341570863758e-11,-4.486965328443749e-13,5.003328684272477e-13,datetime.datetime(2025, 9, 12, 18, 14, 37, 764962)
trans_reg_c0362-cyp-reg_a,1.0069928717958458,127.1118733325231,431.1614765624816,-814.4642328619368,1.0292257326088237,124.77446002613146,-430.9608502901766,817.9925028922023,datetime.datetime(2025, 9, 12, 18, 14, 37, 764962)
trans_reg_c0362-cyp-reg_b,1.0069928717958458,123.68707297694169,322.2818457706401,-846.4139613122951,1.0292257326088237,122.92103918883414,-322.09188458222155,849.755722142684,datetime.datetime(2025, 9, 12, 18, 14, 37, 764962)
trans_reg_c0362-cyp-reg_c,1.0069928717958458,125.09579094245218,234.88217690309418,-882.5135553478741,1.0292257326088237,123.55367570912527,-234.68786392958373,885.9314793087639,datetime.datetime(2025, 9, 12, 18, 14, 37, 764962)
trans_gpc-00550-gsu,1.0352024039986496,2.156804105571238e-05,2.670433117257093e-13,0.00016074737586235034,1.035202389573317,1.9263406909430113e-12,-1.1389146605455344e-14,-4.865513109488993e-13,datetime.datetime(2025, 9, 12, 18, 15, 37, 764962)
trans_8695-c0362-cyp,1.03195234493932,0.00022692279698152917,0.0013692940902852824,0.0009835940095219858,1.031952292239738,0.005040018085663488,-0.0013692940638948149,-0.0004500651903794593,datetime.datetime(2025, 9, 12, 18, 15, 37, 764962)
trans_8208-c0362-cyp,1.0335164512279453,0.0002153291451082502,6.400341836382271e-13,0.0016022375112767838,1.0335164214748007,2.3153918340350205e-11,1.1617316586143818e-12,6.079474029366196e-12,datetime.datetime(2025, 9, 12, 18, 15, 37, 764962)
trans_8208-c0362-cyp_1,1.0335164512279453,0.0002153291451082502,6.400341836382271e-13,0.0016022375112767838,1.0335164214748007,2.3153918340350205e-11,1.1617316586143818e-12,6.079474029366196e-12,datetime.datetime(2025, 9, 12, 18, 15, 37, 764962)
trans_860267-c0362-cyp,1.031318842900192,0.0006058755214254913,0.004088938389438421,0.0018757681705503424,1.0313187013027107,0.015059559499958627,-0.004088938207743812,-0.0013439568295652883,datetime.datetime(2025, 9, 12, 18, 15, 37, 764962)
trans_gpc-10080-gsu,1.034333161908104,0.00014366620404584378,1.6830846456122873e-12,0.0010698507794880043,1.0343331320090674,3.637978807091713e-12,-5.416030574810641e-13,-8.872263652957533e-13,datetime.datetime(2025, 9, 12, 18, 15, 37, 764962)
trans_860708-c0362-cyp,1.0339309244680932,1.6156162822679895e-05,-2.0647157041812222e-13,0.00012026422784555742,1.0339309107358716,2.033691978340166e-12,1.0412577911347984e-13,-5.529208212322489e-13,datetime.datetime(2025, 9, 12, 18, 15, 37, 764962)
trans_gpc-10072-gsu,1.035816513904054,0.00014387223784598013,7.138662352218494e-13,0.001072920434502847,1.035816483962139,1.4566112232333307e-11,8.367685971900035e-13,-3.914169065129468e-12,datetime.datetime(2025, 9, 12, 18, 15, 37, 764962)
trans_gpc-10076-gsu,1.0343327639529754,0.00014366614850608815,1.794184814607469e-12,0.0010698499542720493,1.0343327340539503,3.865352482534945e-12,-4.763049036045468e-13,-8.888631392899897e-13,datetime.datetime(2025, 9, 12, 18, 15, 37, 764962)
trans_reg_c0362-cyp-reg_a,1.0074640736203049,127.09181574767847,427.3499179065201,-816.7931040968267,1.029714965018361,124.75477782840886,-427.1493549344149,820.3202827083975,datetime.datetime(2025, 9, 12, 18, 15, 37, 764962)
trans_reg_c0362-cyp-reg_b,1.0074640736203049,123.67943624053588,314.5313052954644,-849.2959554983067,1.029714965018361,122.91345752809781,-314.3413675517063,852.6373073991185,datetime.datetime(2025, 9, 12, 18, 15, 37, 764962)
trans_reg_c0362-cyp-reg_c,1.0074640736203049,124.9489770150794,242.039335895926,-879.025608862136,1.029714965018361,123.40866797144395,-241.8454787565511,882.4355392676474,datetime.datetime(2025, 9, 12, 18, 15, 37, 764962)
trans_gpc-00550-gsu,1.035198844667982,2.156796686980976e-05,1.7071097356893827e-14,0.00016074613931448787,1.035198830242699,2.033691978340166e-12,1.1229525405101529e-13,-3.221355638952448e-14,datetime.datetime(2025, 9, 12, 18, 16, 37, 764962)
trans_8695-c0362-cyp,1.0318332294799706,0.00012365429045679946,0.0005696442964392726,0.0007206430956603727,1.031833199433069,0.002096961318980616,-0.0005696442897313573,-0.00018723764938336027,datetime.datetime(2025, 9, 12, 18, 16, 37, 764962)
trans_8208-c0362-cyp,1.0333882884330914,0.00021530244362264383,1.1278501865080725e-12,0.001601839798740484,1.0333882586836365,1.0630158725363485e-11,9.814985012722306e-13,2.1964386422509667e-12,datetime.datetime(2025, 9, 12, 18, 16, 37, 764962)
trans_8208-c0362-cyp_1,1.0333882884330914,0.00021530244362264383,1.1278501865080725e-12,0.001601839798740484,1.0333882586836365,1.0630158725363485e-11,9.814985012722306e-13,2.1964386422509667e-12,datetime.datetime(2025, 9, 12, 18, 16, 37, 764962)
trans_860267-c0362-cyp,1.0312004197265248,0.0007183828538711609,0.004886243811197016,0.0021377452491976407,1.0312002537842682,0.017998151214122408,-0.004886243553442466,-0.0016060556857119784,datetime.datetime(2025, 9, 12, 18, 16, 37, 764962)
trans_gpc-10080-gsu,1.0343490135040623,0.00014366840568688158,1.2035246757524653e-12,0.001069882165631459,1.0343489836045678,2.0463630789890885e-12,-5.087033375083269e-13,2.7308939308517656e-13,datetime.datetime(2025, 9, 12, 18, 16, 37, 764962)
trans_860708-c0362-cyp,1.0338134118695157,1.6154326586011318e-05,-4.583283686387593e-13,0.00012023686307518244,1.0338133981388546,1.1648593557805863e-12,1.1637187850667303e-13,-2.950562588180632e-13,datetime.datetime(2025, 9, 12, 18, 16, 37, 764962)
trans_gpc-10072-gsu,1.0357948592369117,0.0001438692301416838,2.7027563728743155e-12,0.0010728749160042563,1.0357948292956225,1.094224796738606e-11,-1.8963100571589461e-13,-2.8429597101148668e-12,datetime.datetime(2025, 9, 12, 18, 16, 37, 764962)
trans_gpc-10076-gsu,1.0343487477724491,0.00014366836897486057,2.7631408619499527e-12,0.0010698816165915334,1.0343487178729622,1.1801058266563299e-11,-1.090353334184897e-12,-2.8225208583448004e-12,datetime.datetime(2025, 9, 12, 18, 16, 37, 764962)
trans_reg_c0362-cyp-reg_a,1.0064689426610962,127.53216290301636,450.4616139668177,-806.8906448827258,1.0286570709163636,125.18698828337462,-450.2596588299046,810.4421514658944,datetime.datetime(2025, 9, 12, 18, 16, 37, 764962)
trans_reg_c0362-cyp-reg_b,1.0064689426610962,123.81447333415063,329.1285321371851,-845.1994672074138,1.0286570709163636,123.04764281570965,-328.938179430836,848.548094604746,datetime.datetime(2025, 9, 12, 18, 16, 37, 764962)
trans_reg_c0362-cyp-reg_c,1.0064689426610962,125.0295978325568,240.01268310573857,-880.5092329889475,1.0286570709163636,123.48829583447883,-239.81857571940645,883.9235545262657,datetime.datetime(2025, 9, 12, 18, 16, 37, 764962)
trans_gpc-00550-gsu,1.0352105723714111,2.1568211323853843e-05,-2.354763346118505e-14,0.00016074938661091745,1.0352105579459645,1.6196067066670504e-12,2.2493701026989337e-13,-3.645076276567179e-13,datetime.datetime(2025, 9, 12, 18, 17, 37, 764962)
trans_8695-c0362-cyp,1.0317754975239455,8.30535206457763e-05,0.00017618552802971344,0.0005912568239547028,1.0317754786251927,0.0006486083047155106,-0.00017618552749857274,-5.791175218532913e-05,datetime.datetime(2025, 9, 12, 18, 17, 37, 764962)
trans_8208-c0362-cyp,1.0333325382434808,0.00021529082797993313,2.0650487275036823e-12,0.001601664792756935,1.0333325084956309,1.0651185721988422e-11,-1.1949193312375813e-12,2.5974404902484487e-12,datetime.datetime(2025, 9, 12, 18, 17, 37, 764962)
trans_8208-c0362-cyp_1,1.0333325382434808,0.00021529082797993313,2.0650487275036823e-12,0.001601664792756935,1.0333325084956309,1.0651185721988422e-11,-1.1949193312375813e-12,2.5974404902484487e-12,datetime.datetime(2025, 9, 12, 18, 17, 37, 764962)
trans_860267-c0362-cyp,1.0311432882542066,0.000773818239307527,0.0052785857804401185,0.0022666252504297364,1.0311431103324609,0.019444396453851084,-0.005278585479656163,-0.0017349949836294226,datetime.datetime(2025, 9, 12, 18, 17, 37, 764962)
trans_gpc-10080-gsu,1.0343945528464158,0.00014367473118346126,1.2799802918961323e-12,0.0010699737331916074,1.0343945229456046,1.8189894035458565e-12,4.4413006630326113e-13,-2.714656060174423e-13,datetime.datetime(2025, 9, 12, 18, 17, 37, 764962)
trans_860708-c0362-cyp,1.0337554952381358,1.6153421519650323e-05,3.0496751825259686e-14,0.00012022322250457395,1.033755481508244,1.016845989170083e-12,1.253086264773848e-13,-2.6285707835318793e-13,datetime.datetime(2025, 9, 12, 18, 17, 37, 764962)
trans_gpc-10072-gsu,1.035784535755124,0.00014386779582331032,9.182590954975867e-13,0.0010728510542206623,1.0357845058141335,5.464066712620797e-12,-5.494104495825874e-13,-1.2976248007536484e-12,datetime.datetime(2025, 9, 12, 18, 17, 37, 764962)
trans_gpc-10076-gsu,1.0343944151113527,0.00014367471197582147,4.450576608638901e-13,0.001069973447434567,1.0343943852105455,5.4569682106375694e-12,4.160238853916112e-13,-1.3146224273503076e-12,datetime.datetime(2025, 9, 12, 18, 17, 37, 764962)
trans_reg_c0362-cyp-reg_a,1.006248477967977,128.0615673512347,470.06695511260153,-799.8454909474009,1.0283987145097244,125.70662295789327,-469.86331986068217,803.4263914013916,datetime.datetime(2025, 9, 12, 18, 17, 37, 764962)
trans_reg_c0362-cyp-reg_b,1.006248477967977,123.87733306002684,319.2003670064127,-850.3774748275348,1.0283987145097244,123.11012446038505,-319.0098209522978,853.7295180616453,datetime.datetime(2025, 9, 12, 18, 17, 37, 764962)
trans_reg_c0362-cyp-reg_c,1.006248477967977,124.86046816317896,248.4193935694787,-876.114291175631,1.0283987145097244,123.32124591309972,-248.2258109807751,879.5193999004035,datetime.datetime(2025, 9, 12, 18, 17, 37, 764962)
trans_gpc-00550-gsu,1.0345232925998962,2.1553892164756008e-05,1.1062534525582701e-13,0.00016053641315904454,1.0345232781840263,4.575464487429067e-12,1.6042325933928608e-13,-1.2333501090296476e-12,datetime.datetime(2025, 9, 12, 18, 18, 37, 764962)
trans_8695-c0362-cyp,1.0314325802503508,0.00022666340024531692,0.001366840720746647,0.0009822499609885306,1.031432527607732,0.005033526930081188,-0.0013668406963468175,-0.00044925885275674365,datetime.datetime(2025, 9, 12, 18, 18, 37, 764962)
trans_8208-c0362-cyp,1.0329850041549198,0.00021521842086039605,-1.4597844912034308e-12,0.0016005890844848008,1.0329849744170747,1.4804154602993183e-11,1.6780663361689168e-12,3.6085182055932933e-12,datetime.datetime(2025, 9, 12, 18, 18, 37, 764962)
trans_8208-c0362-cyp_1,1.0329850041549198,0.00021521842086039605,-1.4597844912034308e-12,0.0016005890844848008,1.0329849744170747,1.4804154602993183e-11,1.6780663361689168e-12,3.6085182055932933e-12,datetime.datetime(2025, 9, 12, 18, 18, 37, 764962)
trans_860267-c0362-cyp,1.0308036359919752,0.0007735616426105996,0.005275085575446892,0.0022651652000758348,1.0308034581271113,0.01943793526203284,-0.005275085275812346,-0.001733884731116428,datetime.datetime(2025, 9, 12, 18, 18, 37, 764962)
trans_gpc-10080-gsu,1.0336482028759049,0.00014357106471081887,2.123063844519657e-12,0.001068432655637216,1.0336481729966682,5.886373360226189e-12,-5.220522553673535e-13,3.855768004055196e-13,datetime.datetime(2025, 9, 12, 18, 18, 37, 764962)
trans_860708-c0362-cyp,1.0333862428769185,1.614765166159448e-05,-3.5089213349173696e-13,0.00012013746908757523,1.0333862291519307,2.0353429023006928e-12,1.3292433868440746e-13,1.4042251919546191e-14,datetime.datetime(2025, 9, 12, 18, 18, 37, 764962)
trans_gpc-10072-gsu,1.035146546775527,0.00014377918078944097,1.1678549013266482e-12,0.0010715323396689425,1.0351465168529783,4.294757632123564e-12,9.230821581781844e-13,6.172159067761192e-13,datetime.datetime(2025, 9, 12, 18, 18, 37, 764962)
trans_gpc-10076-gsu,1.0336480235236978,0.00014357104011512964,1.4483169091111802e-12,0.0010684322864036862,1.0336479936444662,5.464066712620797e-12,-5.362015618760026e-13,-7.684359348148774e-13,datetime.datetime(2025, 9, 12, 18, 18, 37, 764962)
trans_reg_c0362-cyp-reg_a,1.0056940017836857,129.08340948321086,504.1203811355365,-787.0232020159175,1.0277732519702518,126.70961028089069,-503.91348328583666,790.6611778798214,datetime.datetime(2025, 9, 12, 18, 18, 37, 764962)
trans_reg_c0362-cyp-reg_b,1.0056940017836857,124.14714928327227,363.02325634527284,-834.2831293778853,1.0277732519702518,123.37821824700484,-362.83187941275185,837.6496945376156,datetime.datetime(2025, 9, 12, 18, 18, 37, 764962)
trans_reg_c0362-cyp-reg_c,1.0056940017836857,124.78596530642007,277.1509323678382,-867.1694295043126,1.0277732519702518,123.24764109846853,-276.95758075895833,870.5705057200784,datetime.datetime(2025, 9, 12, 18, 18, 37, 764962)
trans_gpc-00550-gsu,1.0339486756118572,2.1541920172962345e-05,-1.0944363102415033e-13,0.0001603582467217519,1.033948661203995,3.4247609047039416e-12,-1.1593738283238678e-14,-7.521372448458702e-13,datetime.datetime(2025, 9, 12, 18, 19, 37, 764962)
trans_8695-c0362-cyp,1.0310509853999765,0.00028030618308967837,0.0017593915473828638,0.0011108814304885287,1.0310509216179813,0.006481523678536188,-0.001759391506198541,-0.0005782838649693899,datetime.datetime(2025, 9, 12, 18, 19, 37, 764962)
trans_8208-c0362-cyp,1.0325863089217038,0.0002151353543264969,3.4776419244320064e-12,0.0015993559145518654,1.0325862791953364,1.4239825986344276e-11,-9.304906531420902e-13,3.267314225252956e-12,datetime.datetime(2025, 9, 12, 18, 19, 37, 764962)
trans_8208-c0362-cyp_1,1.0325863089217038,0.0002151353543264969,3.4776419244320064e-12,0.0015993559145518654,1.0325862791953364,1.4239825986344276e-11,-9.304906531420902e-13,3.267314225252956e-12,datetime.datetime(2025, 9, 12, 18, 19, 37, 764962)
trans_860267-c0362-cyp,1.030427124938256,0.0007732805961440425,0.005271267545994952,0.002263476481652537,1.0304269471404466,0.019430888256045824,-0.00527126724617873,-0.0017325833674318358,datetime.datetime(2025, 9, 12, 18, 19, 37, 764962)
trans_gpc-10080-gsu,1.033026164359973,0.00014348466522597116,2.2903348835534575e-12,0.0010671474181978722,1.0330261344987173,1.2736477671561316e-11,-1.4643848136459604e-12,-1.7883431730176809e-12,datetime.datetime(2025, 9, 12, 18, 19, 37, 764962)
trans_860708-c0362-cyp,1.0329817702661235,1.6141331438563423e-05,-8.744588863782154e-14,0.00012004360067398697,1.0329817565465078,3.220867497611025e-12,-3.418509753904246e-14,-8.440719577473578e-13,datetime.datetime(2025, 9, 12, 18, 19, 37, 764962)
trans_gpc-10072-gsu,1.0346022612110006,0.0001437035810739386,8.570747722647098e-13,0.0010704068145153817,1.0346022313041854,3.865352482534945e-12,4.459060929429669e-13,-9.111579728121642e-13,datetime.datetime(2025, 9, 12, 18, 19, 37, 764962)
trans_gpc-10076-gsu,1.03302596414588,0.00014348463755801727,2.0463923437741285e-12,0.0010671470042471003,1.0330259342846306,5.6843418860808015e-12,-1.5432397925455134e-13,-6.283998704721493e-13,datetime.datetime(2025, 9, 12, 18, 19, 37, 764962)
trans_reg_c0362-cyp-reg_a,1.004390969161927,130.96387914902712,555.8873582481034,-766.7074247370451,1.0263515251537276,128.5553919551606,-555.6743885438076,770.4516118063747,datetime.datetime(2025, 9, 12, 18, 19, 37, 764962)
trans_reg_c0362-cyp-reg_b,1.004390969161927,124.83532654429331,405.640563523294,-820.3084481920442,1.0263515251537276,124.06207314258714,-405.4470591072626,823.7122521586178,datetime.datetime(2025, 9, 12, 18, 19, 37, 764962)
trans_reg_c0362-cyp-reg_c,1.004390969161927,124.80100060965836,301.08177946422484,-859.4704047697082,1.0263515251537276,123.26247063706907,-300.8883812907783,862.8723024279667,datetime.datetime(2025, 9, 12, 18, 19, 37, 764962)
trans_gpc-00550-gsu,1.0346998362132975,2.1557570342233877e-05,2.9575547067818563e-13,0.00016059225151089117,1.034699821794968,4.668980569317257e-12,1.4719790320047475e-13,-1.2662432473242928e-12,datetime.datetime(2025, 9, 12, 18, 20, 37, 764962)
trans_8695-c0362-cyp,1.0323190346481776,0.0001238817529982305,0.000571618197590858,0.0007217905230148087,1.0323190045466955,0.0021032287389438644,-0.0005716181914374081,-0.0001878818161748008,datetime.datetime(2025, 9, 12, 18, 20, 37, 764962)
trans_8208-c0362-cyp,1.0337531726479845,0.0002153784652242699,1.6314249829535443e-12,0.001602974048487168,1.033753142888025,1.2682241422225306e-11,1.3548887492423407e-12,2.8287019076768162e-12,datetime.datetime(2025, 9, 12, 18, 20, 37, 764962)
trans_8208-c0362-cyp_1,1.0337531726479845,0.0002153784652242699,1.6314249829535443e-12,0.001602974048487168,1.033753142888025,1.2682241422225306e-11,1.3548887492423407e-12,2.8287019076768162e-12,datetime.datetime(2025, 9, 12, 18, 20, 37, 764962)
trans_860267-c0362-cyp,1.0317174227741484,0.0007929250692715212,0.005416771389845949,0.0023126306048438143,1.0317172407189799,0.019942252804539262,-0.005416771074926607,-0.0017804065538809095,datetime.datetime(2025, 9, 12, 18, 20, 37, 764962)
trans_gpc-10080-gsu,1.0337110515085046,0.00014357979431667376,1.2116839771120213e-12,0.0010685710540951723,1.0337110216274514,8.811169321817628e-12,2.4271356796135026e-13,3.7886698887141907e-13,datetime.datetime(2025, 9, 12, 18, 20, 37, 764962)
trans_860708-c0362-cyp,1.0341521175020152,1.6159619163272776e-05,-7.804413278827972e-14,0.00012031589039597702,1.0341521037668557,3.652134580147174e-12,4.053687665631882e-13,-8.850075082769368e-13,datetime.datetime(2025, 9, 12, 18, 20, 37, 764962)
trans_gpc-10072-gsu,1.0353954889591297,0.00014381375845888428,1.1341861061442417e-12,0.0010720536372908756,1.0353954590293852,1.8189894035458565e-12,4.4165727848319056e-13,-2.7391104100357204e-13,datetime.datetime(2025, 9, 12, 18, 20, 37, 764962)
trans_gpc-10076-gsu,1.0337107327835817,0.00014357975010063134,1.3871696985523486e-12,0.0010685703953565435,1.0337107029025374,5.464066712620797e-12,-5.523321255379033e-13,-1.2968933844208249e-12,datetime.datetime(2025, 9, 12, 18, 20, 37, 764962)
trans_reg_c0362-cyp-reg_a,1.0031560248939477,136.65075901620546,648.1494517237551,-744.2668584917163,1.0312685645425446,133.31957367994804,-647.9175851279701,748.3418049331035,datetime.datetime(2025, 9, 12, 18, 20, 37, 764962)
trans_reg_c0362-cyp-reg_b,1.0031560248939477,127.50234144764694,507.9213550705656,-783.845550788668,1.0312685645425446,126.71238642378945,-507.719494461557,787.3955608610664,datetime.datetime(2025, 9, 12, 18, 20, 37, 764962)
trans_reg_c0362-cyp-reg_c,1.0031560248939477,125.28210169261162,365.75879886868915,-838.1247773357154,1.0312685645425446,123.73756880707639,-365.56390685426624,841.5528255279141,datetime.datetime(2025, 9, 12, 18, 20, 37, 764962)
trans_gpc-00550-gsu,1.034056722067125,2.154417127242177e-05,-9.954659687706757e-14,0.00016039221470234778,1.0340567076577571,3.481934186080425e-12,-2.5652127104545766e-14,-9.738791649564926e-13,datetime.datetime(2025, 9, 12, 18, 21, 37, 764962)
trans_8695-c0362-cyp,1.0319634362915917,0.00022663490094433457,0.0013671740715050526,0.0009829079835418173,1.0319633836523272,0.005032163594617095,-0.0013671740458510552,-0.0004493680381132557,datetime.datetime(2025, 9, 12, 18, 21, 37, 764962)
trans_8208-c0362-cyp,1.0334096389620737,0.00021530689222019493,1.6614606218601222e-12,0.00160190554604407,1.033409609212004,5.5996263195014586e-12,-4.797942576730237e-13,1.4317285466996057e-12,datetime.datetime(2025, 9, 12, 18, 21, 37, 764962)
trans_8208-c0362-cyp_1,1.0334096389620737,0.00021530689222019493,1.6614606218601222e-12,0.00160190554604407,1.033409609212004,5.5996263195014586e-12,-4.797942576730237e-13,1.4317285466996057e-12,datetime.datetime(2025, 9, 12, 18, 21, 37, 764962)
trans_860267-c0362-cyp,1.0313621950123315,0.001153910392708141,0.007967856212346119,0.0031507652382560137,1.0313619350710044,0.029344427083610986,-0.007967855537227023,-0.002618906379381776,datetime.datetime(2025, 9, 12, 18, 21, 37, 764962)
trans_gpc-10080-gsu,1.0330216723519676,0.00014348404151160826,1.7018884912456397e-13,0.0010671429879340441,1.0330216424908423,6.341120711112653e-12,1.2732485361026957e-12,-9.275512456219466e-13,datetime.datetime(2025, 9, 12, 18, 21, 37, 764962)
trans_860708-c0362-cyp,1.033785075620197,1.6153883879359284e-05,3.9854151803828813e-13,0.00012023024837749879,1.0337850618899123,1.8079692268574607e-12,7.817898391159976e-14,4.747465858450479e-14,datetime.datetime(2025, 9, 12, 18, 21, 37, 764962)
trans_gpc-10072-gsu,1.0347941116856334,0.00014373022864087938,2.780826697384997e-13,0.0010708056651708275,1.0347940817732726,5.886373360226189e-12,-3.4900954811275506e-13,9.024172205063593e-13,datetime.datetime(2025, 9, 12, 18, 21, 37, 764962)
trans_gpc-10076-gsu,1.0330212945725052,0.0001434839888840933,2.1421082772171694e-12,0.0010671422057277715,1.0330212647113903,2.2737367544323206e-12,-5.861660076159673e-13,-2.497501503694426e-13,datetime.datetime(2025, 9, 12, 18, 21, 37, 764962)
trans_reg_c0362-cyp-reg_a,1.002055140102891,139.78502512217858,703.1198078072613,-722.9186557394974,1.0300391752643068,136.37730581811414,-702.8771831209834,727.1818291765491,datetime.datetime(2025, 9, 12, 18, 21, 37, 764962)
trans_reg_c0362-cyp-reg_b,1.002055140102891,128.679867228291,538.2367489016752,-774.669383634096,1.0300391752643068,127.88255732607487,-538.0311426732459,778.2849652636648,datetime.datetime(2025, 9, 12, 18, 21, 37, 764962)
trans_reg_c0362-cyp-reg_c,1.002055140102891,125.66557998971163,394.998811731912,-827.4342278267142,1.0300391752643068,124.11627883388596,-394.80272485769177,830.8831709616164,datetime.datetime(2025, 9, 12, 18, 21, 37, 764962)
trans_gpc-00550-gsu,1.0334282555378433,2.1531077451283513e-05,6.945697229171487e-14,0.00016019667409079328,1.0334282411372329,3.879508255590406e-12,-2.8231106815327143e-13,-9.696849631974358e-13,datetime.datetime(2025, 9, 12, 18, 22, 37, 764962)
trans_8695-c0362-cyp,1.0316279323349435,0.0002804630550826874,0.0017613574194343424,0.0011121222685723494,1.0316278685172653,0.006485151377385676,-0.0017613573802873431,-0.0005789296953693732,datetime.datetime(2025, 9, 12, 18, 22, 37, 764962)
trans_8208-c0362-cyp,1.0330637923590518,0.00021523483559229828,2.7176138769902103e-12,0.0016008315104592324,1.0330637626189385,7.73070496506989e-12,-1.5376464046025116e-12,1.4484371407593685e-12,datetime.datetime(2025, 9, 12, 18, 22, 37, 764962)
trans_8208-c0362-cyp_1,1.0330637923590518,0.00021523483559229828,2.7176138769902103e-12,0.0016008315104592324,1.0330637626189385,7.73070496506989e-12,-1.5376464046025116e-12,1.4484371407593685e-12,datetime.datetime(2025, 9, 12, 18, 22, 37, 764962)
trans_860267-c0362-cyp,1.031031096575153,0.0010845605892305203,0.007475400922552065,0.0029885608054282696,1.0310308515907807,0.02753965705369017,-0.007475400327213069,-0.0024570444366397324,datetime.datetime(2025, 9, 12, 18, 22, 37, 764962)
trans_gpc-10080-gsu,1.032325236000667,0.00014338730829271642,1.3771739373891202e-12,0.0010656998484242835,1.0323252061596726,2.2737367544323206e-12,-5.853612628584539e-13,-2.4944431283764187e-13,datetime.datetime(2025, 9, 12, 18, 22, 37, 764962)
trans_860708-c0362-cyp,1.0334242724217653,1.6148245928429248e-05,-2.833803660479139e-13,0.00012014617651970197,1.0334242586962725,2.4230881193699087e-12,3.8698602600629427e-13,-4.209283585548795e-13,datetime.datetime(2025, 9, 12, 18, 22, 37, 764962)
trans_gpc-10072-gsu,1.034203383743803,0.00014364817841060567,1.2663527119288755e-12,0.0010695796903590524,1.034203353848518,5.464066712620797e-12,3.5596224815011175e-13,-7.854360787342629e-13,datetime.datetime(2025, 9, 12, 18, 22, 37, 764962)
trans_gpc-10076-gsu,1.0323246505566255,0.000143387226640216,1.3970560472365003e-13,0.0010656986362593411,1.0323246207156485,7.275957614183426e-12,6.950702631967757e-14,2.0835059925961196e-12,datetime.datetime(2025, 9, 12, 18, 22, 37, 764962)
trans_reg_c0362-cyp-reg_a,1.0008345661078166,143.35240191919078,758.5264988017722,-701.1367711633868,1.0286853142486465,139.85758311782547,-758.271332549713,705.6193783206279,datetime.datetime(2025, 9, 12, 18, 22, 37, 764962)
trans_reg_c0362-cyp-reg_b,1.0008345661078166,129.6397278701461,559.6225022233114,-769.3289594952812,1.0286853142486465,128.83642850460822,-559.4138172689229,772.9984551814578,datetime.datetime(2025, 9, 12, 18, 22, 37, 764962)
trans_reg_c0362-cyp-reg_c,1.0008345661078166,126.05270777163652,419.0356759955557,-818.1166482879356,1.0286853142486465,124.49859694562694,-418.838379180181,821.5867450563056,datetime.datetime(2025, 9, 12, 18, 22, 37, 764962)
trans_gpc-00550-gsu,1.0328075222754354,2.151814461985613e-05,-1.7911776662576926e-14,0.00016000439642443258,1.0328075078834749,1.5135934175969807e-12,4.102601292452406e-13,-1.3484654808610458e-13,datetime.datetime(2025, 9, 12, 18, 23, 37, 764962)
trans_8695-c0362-cyp,1.0312994932587956,0.00028037377245060965,0.0017602374763297198,0.0011114148685522596,1.0312994294614413,0.006483087108239919,-0.0017602374361091857,-0.0005785613749129787,datetime.datetime(2025, 9, 12, 18, 23, 37, 764962)
trans_8208-c0362-cyp,1.03269608780413,0.00021515822639527732,2.1082969588887e-12,0.0015996933593539,1.0326960580746023,1.7029589603325076e-11,8.141477097984239e-13,2.696669113333853e-12,datetime.datetime(2025, 9, 12, 18, 23, 37, 764962)
trans_8208-c0362-cyp_1,1.03269608780413,0.00021515822639527732,2.1082969588887e-12,0.0015996933593539,1.0326960580746023,1.7029589603325076e-11,8.141477097984239e-13,2.696669113333853e-12,datetime.datetime(2025, 9, 12, 18, 23, 37, 764962)
trans_860267-c0362-cyp,1.0307120337341587,0.0017696618832773094,0.012308698816608139,0.004576863417592506,1.0307116411254036,0.04535971555443423,-0.012308697214708689,-0.004045669115084249,datetime.datetime(2025, 9, 12, 18, 23, 37, 764962)
trans_gpc-10080-gsu,1.0316485664606385,0.00014329332037129892,1.3364964013967695e-12,0.0010643034060191289,1.0316485366392045,9.094947017729282e-12,1.0415394004509678e-13,4.046607964072544e-13,datetime.datetime(2025, 9, 12, 18, 23, 37, 764962)
trans_860708-c0362-cyp,1.0330534227132722,1.6142451097716112e-05,2.1679542189234626e-13,0.0001200600543536785,1.033053408992705,2.2878925274877813e-12,-6.19700579239745e-14,-5.863538374534814e-13,datetime.datetime(2025, 9, 12, 18, 23, 37, 764962)
trans_gpc-10072-gsu,1.0336245366509524,0.00014356777749164053,4.926397675214522e-13,0.0010683835997395803,1.0336245067724,7.275957614183426e-12,7.147732748367171e-14,2.0815039461826934e-12,datetime.datetime(2025, 9, 12, 18, 23, 37, 764962)
trans_gpc-10076-gsu,1.0316479203249918,0.0001432932309635712,2.1593372177136636e-12,0.0010643020722654322,1.0316478905035764,9.552663713428823e-12,3.269165706366282e-13,-2.474911794589254e-12,datetime.datetime(2025, 9, 12, 18, 23, 37, 764962)
trans_reg_c0362-cyp-reg_a,0.999752841462876,146.2422650748109,799.723154489159,-684.4344528229457,1.0274983090520289,142.67689396218117,-799.4575968491529,689.0988708239594,datetime.datetime(2025, 9, 12, 18, 23, 37, 764962)
trans_reg_c0362-cyp-reg_b,0.999752841462876,131.05341551126574,591.2563700202061,-758.8314634875697,1.0274983090520289,130.24128910053625,-591.043109049117,762.5810483865931,datetime.datetime(2025, 9, 12, 18, 23, 37, 764962)
trans_reg_c0362-cyp-reg_c,0.999752841462876,126.48303963722893,436.98113394699965,-812.389846206155,1.0274983090520289,124.92359438669041,-436.7824877726573,815.8835612754322,datetime.datetime(2025, 9, 12, 18, 23, 37, 764962)
trans_gpc-00550-gsu,1.03234155941796,2.1508436555582087e-05,1.9045029182179762e-13,0.0001598612536385256,1.0323415450324926,3.5052853183967133e-12,-1.892266817904739e-15,-9.083535359803798e-13,datetime.datetime(2025, 9, 12, 18, 24, 37, 764962)
trans_8695-c0362-cyp,1.0308668829279097,0.0001238767495616141,0.0005714415734309706,0.0007202322819427843,1.0308668528282317,0.0021055373782623748,-0.0005714415698235566,-0.00018782376254328263,datetime.datetime(2025, 9, 12, 18, 24, 37, 764962)
trans_8208-c0362-cyp,1.0322120703484698,0.00021505738320132,1.1577723849076626e-12,0.0015982013402607367,1.0322120406328759,5.5996263195014586e-12,2.571048820734756e-13,1.4280784456436818e-12,datetime.datetime(2025, 9, 12, 18, 24, 37, 764962)
trans_8208-c0362-cyp_1,1.0322120703484698,0.00021505738320132,1.1577723849076626e-12,0.0015982013402607367,1.0322120406328759,5.5996263195014586e-12,2.571048820734756e-13,1.4280784456436818e-12,datetime.datetime(2025, 9, 12, 18, 24, 37, 764962)
trans_860267-c0362-cyp,1.0302890839943732,0.0018308623440656461,0.012735341608536377,0.00471665802529406,1.0302886782092893,0.04695105392670995,-0.012735339892660165,-0.004185896813023258,datetime.datetime(2025, 9, 12, 18, 24, 37, 764962)
trans_gpc-10080-gsu,1.0312045652235353,0.00014323165005639493,-3.178560279565312e-13,0.0010633943092509084,1.031204535414936,9.094947017729282e-12,1.3149908788174433e-12,-8.05570821875451e-13,datetime.datetime(2025, 9, 12, 18, 24, 37, 764962)
trans_860708-c0362-cyp,1.0325853285574051,1.613513661580973e-05,2.417186060685306e-13,0.0001199518337674595,1.0325853148430548,6.821210263296962e-13,-4.58515500740738e-14,6.643696234156858e-14,datetime.datetime(2025, 9, 12, 18, 24, 37, 764962)
trans_gpc-10072-gsu,1.033145648358784,0.00014350126159986827,6.608414111070049e-13,0.0010674018610557728,1.0331456184940746,1.0913936421275139e-11,-7.710888687474862e-14,-2.8313505937390715e-12,datetime.datetime(2025, 9, 12, 18, 24, 37, 764962)
trans_gpc-10076-gsu,1.0312038591242534,0.00014323155202369304,3.895332216508063e-13,0.0010633928460161536,1.0312038293156744,1.1343341570863758e-11,1.4818510598082456e-12,-8.19222707635003e-13,datetime.datetime(2025, 9, 12, 18, 24, 37, 764962)
trans_reg_c0362-cyp-reg_a,0.9984065058722257,148.8633777260216,834.6290057620711,-669.6161167826601,1.0260502097657878,145.23401849913867,-834.353843748737,674.4485640289267,datetime.datetime(2025, 9, 12, 18, 24, 37, 764962)
trans_reg_c0362-cyp-reg_b,0.9984065058722257,134.5173840463823,659.7372879189109,-733.2314547025732,1.0260502097657878,133.68363308332334,-659.5126045079986,737.1808926918653,datetime.datetime(2025, 9, 12, 18, 24, 37, 764962)
trans_reg_c0362-cyp-reg_c,0.9984065058722257,127.04859439900457,452.3103869799218,-810.356616032029,1.0260502097657878,125.48215264404529,-452.1099604229503,813.8815422760217,datetime.datetime(2025, 9, 12, 18, 24, 37, 764962)
