name,freq,voltage,current,power,status,timestamp
227_558417_8,1,1.0364378515967367,0.8529131123004101,6.021309754823891,false,datetime.datetime(2025, 9, 12, 15, 55, 37, 764962)
227_4589971_5,1,1.036429450364035,0.0011771571467097568,-4.492524265084155e-09,false,datetime.datetime(2025, 9, 12, 15, 55, 37, 764962)
gpc_10076_pri_mtr,1,1.0357673291590335,0.0014419433119127925,-1.2851458230516848e-08,false,datetime.datetime(2025, 9, 12, 15, 55, 37, 764962)
gpc_10080_pri_mtr,1,1.0357679366806731,0.0017394394632331664,1.2165003404619024e-08,false,datetime.datetime(2025, 9, 12, 15, 55, 37, 764962)
227_2664032_1,1,1.0289987232825923,92.17040205325804,413.2547156120821,false,datetime.datetime(2025, 9, 12, 15, 55, 37, 764962)
227_452771_6,1,1.0284195941741137,179.3501564865564,858.3746251902694,false,datetime.datetime(2025, 9, 12, 15, 55, 37, 764962)
227_2662741_2,1,1.0290796797328872,83.22899105860509,275.01051104870123,false,datetime.datetime(2025, 9, 12, 15, 55, 37, 764962)
227_4589977_1,1,1.034093119296115,208.6736968199948,235.18378214697972,false,datetime.datetime(2025, 9, 12, 15, 55, 37, 764962)
227_2662739_1,1,1.0290831193386687,83.22889566992477,275.0030587078114,false,datetime.datetime(2025, 9, 12, 15, 55, 37, 764962)
227_4589970_1,1,1.0364294498524005,0.0015987640652385528,1.3415778634674172e-08,false,datetime.datetime(2025, 9, 12, 15, 55, 37, 764962)
227_4290732_20,1,1.0340727234419944,208.67380366812336,235.23040789987857,false,datetime.datetime(2025, 9, 12, 15, 55, 37, 764962)
227_452800_1,1,1.0288110257159409,173.91305917924822,753.907853923041,false,datetime.datetime(2025, 9, 12, 15, 55, 37, 764962)
227_452772_1,1,1.0284509501033712,207.07065635607586,341.5544457549905,false,datetime.datetime(2025, 9, 12, 15, 55, 37, 764962)
227_448259_7,1,1.0358637724159179,4.44588599955305,31.75195409275846,false,datetime.datetime(2025, 9, 12, 15, 55, 37, 764962)
227_623392_1,1,1.028611536487151,0.04678002418702426,0.3291296296412678,false,datetime.datetime(2025, 9, 12, 15, 55, 37, 764962)
227_2664038_2,1,1.0289987938849534,92.17048411267966,413.2642486223943,false,datetime.datetime(2025, 9, 12, 15, 55, 37, 764962)
227_452759_5,1,1.0290160617591344,93.39267261896242,428.7875953788317,false,datetime.datetime(2025, 9, 12, 15, 55, 37, 764962)
228_2473080_3,1,1.0226714661891638,2.059420767625014,14.411177007467433,false,datetime.datetime(2025, 9, 12, 15, 55, 37, 764962)
228_350975_10,1,1.0329257573682928,5.822761862887584,41.16108968082115,false,datetime.datetime(2025, 9, 12, 15, 55, 37, 764962)
228_350996_3,1,1.0227563504969233,0.7188356461152728,5.0400360144281295,false,datetime.datetime(2025, 9, 12, 15, 55, 37, 764962)
227_558417_8,1,1.0394052969510448,0.7357030165934486,5.213645196829966,false,datetime.datetime(2025, 9, 12, 15, 57, 37, 764962)
227_4589971_5,1,1.0394003865550605,0.0011805393044245062,1.1017895939865842e-08,false,datetime.datetime(2025, 9, 12, 15, 57, 37, 764962)
gpc_10076_pri_mtr,1,1.038685323846391,0.001446013859118944,-1.247904919522755e-08,false,datetime.datetime(2025, 9, 12, 15, 57, 37, 764962)
gpc_10080_pri_mtr,1,1.0386859449265404,0.0017443514642514245,1.6527562517811993e-08,false,datetime.datetime(2025, 9, 12, 15, 57, 37, 764962)
227_2664032_1,1,1.031084452939367,94.46244614956727,438.6528278299353,false,datetime.datetime(2025, 9, 12, 15, 57, 37, 764962)
227_452771_6,1,1.030593244031388,183.37547663561597,926.3940964355315,false,datetime.datetime(2025, 9, 12, 15, 57, 37, 764962)
227_2662741_2,1,1.03118174022306,84.71404675254549,306.2488201787126,false,datetime.datetime(2025, 9, 12, 15, 57, 37, 764962)
227_4589977_1,1,1.0365302294427714,210.48523474570777,189.58620023307304,false,datetime.datetime(2025, 9, 12, 15, 57, 37, 764962)
227_2662739_1,1,1.0311844271313724,84.71395404802983,306.2410619941554,false,datetime.datetime(2025, 9, 12, 15, 57, 37, 764962)
227_4589970_1,1,1.0394003860419636,0.001603357050369028,1.3839327787730282e-08,false,datetime.datetime(2025, 9, 12, 15, 57, 37, 764962)
227_4290732_20,1,1.036508590228441,210.48534230786646,189.633633263141,false,datetime.datetime(2025, 9, 12, 15, 57, 37, 764962)
227_452800_1,1,1.0309515070955049,177.06980912231,817.060753842826,false,datetime.datetime(2025, 9, 12, 15, 57, 37, 764962)
227_452772_1,1,1.0306262404653663,208.497557701172,287.50773162958006,false,datetime.datetime(2025, 9, 12, 15, 57, 37, 764962)
227_448259_7,1,1.0387925201165567,4.971661119251549,35.50247647435204,false,datetime.datetime(2025, 9, 12, 15, 57, 37, 764962)
227_623392_1,1,1.0307928876242318,0.015831116793551682,0.11163241917137445,false,datetime.datetime(2025, 9, 12, 15, 57, 37, 764962)
227_2664038_2,1,1.0310851353338566,94.46252644729823,438.66297678624267,false,datetime.datetime(2025, 9, 12, 15, 57, 37, 764962)
227_452759_5,1,1.0311128827498426,95.88064683494537,455.46939187088856,false,datetime.datetime(2025, 9, 12, 15, 57, 37, 764962)
228_2473080_3,1,1.0235665823015525,2.1894503091397945,15.334002264186221,false,datetime.datetime(2025, 9, 12, 15, 57, 37, 764962)
228_350975_10,1,1.035296420065521,3.774927915989183,26.753118506474966,false,datetime.datetime(2025, 9, 12, 15, 57, 37, 764962)
228_350996_3,1,1.0236353783157675,1.0914150354533962,7.653068951157321,false,datetime.datetime(2025, 9, 12, 15, 57, 37, 764962)
227_558417_8,1,1.039107790150419,0.7593598909567674,5.378769126025584,false,datetime.datetime(2025, 9, 12, 15, 58, 37, 764962)
227_4589971_5,1,1.0391030818318745,0.0011801971613811075,-1.890088900376939e-09,false,datetime.datetime(2025, 9, 12, 15, 58, 37, 764962)
gpc_10076_pri_mtr,1,1.0383717028483304,0.0014455758127999117,-1.2838962409027758e-08,false,datetime.datetime(2025, 9, 12, 15, 58, 37, 764962)
gpc_10080_pri_mtr,1,1.0383723959517166,0.0017438232818537307,1.5787271774341438e-08,false,datetime.datetime(2025, 9, 12, 15, 58, 37, 764962)
227_2664032_1,1,1.0307595087302406,97.35994892923925,477.92594229805786,false,datetime.datetime(2025, 9, 12, 15, 58, 37, 764962)
227_452771_6,1,1.0303695624409706,187.11694201541945,985.0804925845096,false,datetime.datetime(2025, 9, 12, 15, 58, 37, 764962)
227_2662741_2,1,1.0308933299540464,85.10110775459472,320.1358059543155,false,datetime.datetime(2025, 9, 12, 15, 58, 37, 764962)
227_4589977_1,1,1.0362953647545257,210.2605500104381,193.8723101396381,false,datetime.datetime(2025, 9, 12, 15, 58, 37, 764962)
227_2662739_1,1,1.0308956590359206,85.10101625756187,320.12797395030225,false,datetime.datetime(2025, 9, 12, 15, 58, 37, 764962)
227_4589970_1,1,1.0391030813189241,0.001602897763585869,6.973188211718254e-10,false,datetime.datetime(2025, 9, 12, 15, 58, 37, 764962)
227_4290732_20,1,1.0362738441857013,210.26065752487688,193.91963838587714,false,datetime.datetime(2025, 9, 12, 15, 58, 37, 764962)
227_452800_1,1,1.0306965318266001,180.21995154913537,875.0846584326315,false,datetime.datetime(2025, 9, 12, 15, 58, 37, 764962)
227_452772_1,1,1.030402577824983,208.14459259872316,301.6210530818366,false,datetime.datetime(2025, 9, 12, 15, 58, 37, 764962)
227_448259_7,1,1.0384818996014529,5.082857684672426,36.27413484971619,false,datetime.datetime(2025, 9, 12, 15, 58, 37, 764962)
227_623392_1,1,1.0305676346804702,0.1274498246159585,0.8983675072582761,false,datetime.datetime(2025, 9, 12, 15, 58, 37, 764962)
227_2664038_2,1,1.0307611989714893,97.36002605717384,477.93688256461985,false,datetime.datetime(2025, 9, 12, 15, 58, 37, 764962)
227_452759_5,1,1.0308061447067842,98.91583356709097,497.0645315520832,false,datetime.datetime(2025, 9, 12, 15, 58, 37, 764962)
228_2473080_3,1,1.022401862112646,2.566975738534006,17.956546030057176,false,datetime.datetime(2025, 9, 12, 15, 58, 37, 764962)
228_350975_10,1,1.0350724745708693,3.085524579204214,21.86478438755707,false,datetime.datetime(2025, 9, 12, 15, 58, 37, 764962)
228_350996_3,1,1.0224879733271397,1.1975639820825137,8.386835895712483,false,datetime.datetime(2025, 9, 12, 15, 58, 37, 764962)
227_558417_8,1,1.0383230407650919,1.3957908798052694,9.89355271150432,false,datetime.datetime(2025, 9, 12, 15, 59, 37, 764962)
227_4589971_5,1,1.038312124874979,0.0011792956093024784,1.4813957391098795e-08,false,datetime.datetime(2025, 9, 12, 15, 59, 37, 764962)
gpc_10076_pri_mtr,1,1.0375161370327737,0.0014443796886606263,-1.3265768304168539e-08,false,datetime.datetime(2025, 9, 12, 15, 59, 37, 764962)
gpc_10080_pri_mtr,1,1.0375169219681497,0.001742382013313918,1.6946948675497178e-09,false,datetime.datetime(2025, 9, 12, 15, 59, 37, 764962)
227_2664032_1,1,1.030133133021634,102.18215163316171,546.3614082718391,false,datetime.datetime(2025, 9, 12, 15, 59, 37, 764962)
227_452771_6,1,1.0299196079455888,194.44371831855653,1085.4971511158988,false,datetime.datetime(2025, 9, 12, 15, 59, 37, 764962)
227_2662741_2,1,1.0303337439337161,85.9502752051843,341.0962140275652,false,datetime.datetime(2025, 9, 12, 15, 59, 37, 764962)
227_4589977_1,1,1.035704494988346,209.68850726079677,210.30831526323817,false,datetime.datetime(2025, 9, 12, 15, 59, 37, 764962)
227_2662739_1,1,1.0303355309910316,85.95018572387954,341.0882062545928,false,datetime.datetime(2025, 9, 12, 15, 59, 37, 764962)
227_4589970_1,1,1.0383121243624172,0.0016016714531073347,1.7935396161691326e-09,false,datetime.datetime(2025, 9, 12, 15, 59, 37, 764962)
227_4290732_20,1,1.0356834092861276,209.6886145546194,210.35538803193634,false,datetime.datetime(2025, 9, 12, 15, 59, 37, 764962)
227_452800_1,1,1.0301930577782559,186.40333234091193,971.335270089019,false,datetime.datetime(2025, 9, 12, 15, 59, 37, 764962)
227_452772_1,1,1.029952192064806,207.37190111159288,347.46499378112594,false,datetime.datetime(2025, 9, 12, 15, 59, 37, 764962)
227_448259_7,1,1.0376346643380536,5.442834018827285,38.84003503603328,false,datetime.datetime(2025, 9, 12, 15, 59, 37, 764962)
227_623392_1,1,1.0301126091459762,0.04680911827522191,0.3298135854730804,false,datetime.datetime(2025, 9, 12, 15, 59, 37, 764962)
227_2664038_2,1,1.0301365849490107,102.18222330735553,546.3736769157389,false,datetime.datetime(2025, 9, 12, 15, 59, 37, 764962)
227_452759_5,1,1.0302119462021475,104.4405290626704,571.4090691418714,false,datetime.datetime(2025, 9, 12, 15, 59, 37, 764962)
228_2473080_3,1,1.0199312633199535,2.790637814377603,19.473339636714147,false,datetime.datetime(2025, 9, 12, 15, 59, 37, 764962)
228_350975_10,1,1.0344941207893326,5.89326782235317,41.71443873415939,false,datetime.datetime(2025, 9, 12, 15, 59, 37, 764962)
228_350996_3,1,1.0200017977775102,1.6587575462851991,11.583883216547825,false,datetime.datetime(2025, 9, 12, 15, 59, 37, 764962)
227_558417_8,1,1.0377720496553853,2.258176040625017,16.041440134113287,false,datetime.datetime(2025, 9, 12, 16, 0, 37, 764962)
227_4589971_5,1,1.0377508398314346,0.001178661574952027,1.2199424760286707e-08,false,datetime.datetime(2025, 9, 12, 16, 0, 37, 764962)
gpc_10076_pri_mtr,1,1.0368728547803714,0.001443488436352025,-1.0752183254899999e-08,false,datetime.datetime(2025, 9, 12, 16, 0, 37, 764962)
gpc_10080_pri_mtr,1,1.036873732336262,0.001741304670460068,1.328829410891789e-08,false,datetime.datetime(2025, 9, 12, 16, 0, 37, 764962)
227_2664032_1,1,1.0298537960701597,105.46376892723276,572.7316133645327,false,datetime.datetime(2025, 9, 12, 16, 0, 37, 764962)
227_452771_6,1,1.0297222113921107,199.55939447294907,1145.8292113192208,false,datetime.datetime(2025, 9, 12, 16, 0, 37, 764962)
227_2662741_2,1,1.0300739460930648,86.91349491422444,360.02139663843076,false,datetime.datetime(2025, 9, 12, 16, 0, 37, 764962)
227_4589977_1,1,1.0354490368098164,209.0082388590602,233.8105455782338,false,datetime.datetime(2025, 9, 12, 16, 0, 37, 764962)
227_2662739_1,1,1.0300752321216842,86.91340729141561,360.0131893091611,false,datetime.datetime(2025, 9, 12, 16, 0, 37, 764962)
227_4589970_1,1,1.0377508393191504,0.001600810063653668,1.8068318700659237e-08,false,datetime.datetime(2025, 9, 12, 16, 0, 37, 764962)
227_4290732_20,1,1.0354285616025283,209.00834588868628,233.85731328106704,false,datetime.datetime(2025, 9, 12, 16, 0, 37, 764962)
227_452800_1,1,1.0299647765420439,190.48903811177544,1023.2844929467647,false,datetime.datetime(2025, 9, 12, 16, 0, 37, 764962)
227_452772_1,1,1.0297552530696323,207.33098359841173,340.6459153658323,false,datetime.datetime(2025, 9, 12, 16, 0, 37, 764962)
227_448259_7,1,1.0369970113708693,5.672058508375263,40.43395765260429,false,datetime.datetime(2025, 9, 12, 16, 0, 37, 764962)
227_623392_1,1,1.0299162745609236,0.01584461001162855,0.11163238758453514,false,datetime.datetime(2025, 9, 12, 16, 0, 37, 764962)
227_2664038_2,1,1.029857889092868,105.46383921546106,572.7450612828846,false,datetime.datetime(2025, 9, 12, 16, 0, 37, 764962)
227_452759_5,1,1.0299439706842468,107.83943251678608,598.4688170324941,false,datetime.datetime(2025, 9, 12, 16, 0, 37, 764962)
228_2473080_3,1,1.0245740350281451,3.2960624083298407,23.10385606564357,false,datetime.datetime(2025, 9, 12, 16, 0, 37, 764962)
228_350975_10,1,1.0342852762141133,4.237491271315249,30.015482253520762,false,datetime.datetime(2025, 9, 12, 16, 0, 37, 764962)
228_350996_3,1,1.0246623635744336,1.8802497139720222,13.189126237642828,false,datetime.datetime(2025, 9, 12, 16, 0, 37, 764962)
227_558417_8,1,1.0374158345118907,2.397604604529466,17.0179338139187,false,datetime.datetime(2025, 9, 12, 16, 1, 37, 764962)
227_4589971_5,1,1.037394678883952,0.0011782546713850945,1.3060047531904025e-08,false,datetime.datetime(2025, 9, 12, 16, 1, 37, 764962)
gpc_10076_pri_mtr,1,1.0364791293442166,0.0014429382168109767,-1.4740040582244967e-08,false,datetime.datetime(2025, 9, 12, 16, 1, 37, 764962)
gpc_10080_pri_mtr,1,1.0364800276037935,0.0017406401279028687,2.0731755738356676e-08,false,datetime.datetime(2025, 9, 12, 16, 1, 37, 764962)
227_2664032_1,1,1.0296087680104178,109.0367189901552,609.7100232712451,false,datetime.datetime(2025, 9, 12, 16, 1, 37, 764962)
227_452771_6,1,1.029558025808598,202.75250754814687,1182.5258375338226,false,datetime.datetime(2025, 9, 12, 16, 1, 37, 764962)
227_2662741_2,1,1.0298713464100857,86.6448765701698,355.95742256597066,false,datetime.datetime(2025, 9, 12, 16, 1, 37, 764962)
227_4589977_1,1,1.0352331208567558,208.65719545934456,246.63980992737686,false,datetime.datetime(2025, 9, 12, 16, 1, 37, 764962)
227_2662739_1,1,1.0298727327078379,86.64478856608582,355.94927454079084,false,datetime.datetime(2025, 9, 12, 16, 1, 37, 764962)
227_4589970_1,1,1.0373946783718442,0.0016002555759970815,1.3569882949676377e-08,false,datetime.datetime(2025, 9, 12, 16, 1, 37, 764962)
227_4290732_20,1,1.0352129779758095,208.6573023259034,246.6864192918319,false,datetime.datetime(2025, 9, 12, 16, 1, 37, 764962)
227_452800_1,1,1.0297808735377731,193.58978579215182,1062.8384875209615,false,datetime.datetime(2025, 9, 12, 16, 1, 37, 764962)
227_452772_1,1,1.0295909361893314,207.05720096382547,355.9810875067722,false,datetime.datetime(2025, 9, 12, 16, 1, 37, 764962)
227_448259_7,1,1.0366092585682205,5.955886478016735,42.40163817256198,false,datetime.datetime(2025, 9, 12, 16, 1, 37, 764962)
227_623392_1,1,1.0297502567705745,0.12745409980811123,0.8976869855421203,false,datetime.datetime(2025, 9, 12, 16, 1, 37, 764962)
227_2664038_2,1,1.0296138070100846,109.03678680681975,609.724681132313,false,datetime.datetime(2025, 9, 12, 16, 1, 37, 764962)
227_452759_5,1,1.0297166474035784,112.06124143697386,641.1988936175849,false,datetime.datetime(2025, 9, 12, 16, 1, 37, 764962)
228_2473080_3,1,1.0235121111043652,3.197205236104814,22.387781525931608,false,datetime.datetime(2025, 9, 12, 16, 1, 37, 764962)
228_350975_10,1,1.0340923944819875,3.69752462782227,26.1895557801049,false,datetime.datetime(2025, 9, 12, 16, 1, 37, 764962)
228_350996_3,1,1.023569353976657,2.263439988485483,15.85770345561279,false,datetime.datetime(2025, 9, 12, 16, 1, 37, 764962)
227_558417_8,1,1.036811018853981,2.4110228622497822,17.103515834912614,false,datetime.datetime(2025, 9, 12, 16, 2, 37, 764962)
227_4589971_5,1,1.036789293895325,0.0011775642476451438,2.024841272389648e-09,false,datetime.datetime(2025, 9, 12, 16, 2, 37, 764962)
gpc_10076_pri_mtr,1,1.0358663650476672,0.0014420802101161427,-8.256743546831646e-09,false,datetime.datetime(2025, 9, 12, 16, 2, 37, 764962)
gpc_10080_pri_mtr,1,1.0358672566453109,0.001739607280383169,1.6536597118700926e-08,false,datetime.datetime(2025, 9, 12, 16, 2, 37, 764962)
227_2664032_1,1,1.02897373899636,115.46264920298083,692.2480149040163,false,datetime.datetime(2025, 9, 12, 16, 2, 37, 764962)
227_452771_6,1,1.029123730395893,212.17627890199122,1290.917930890227,false,datetime.datetime(2025, 9, 12, 16, 2, 37, 764962)
227_2662741_2,1,1.0293096441416412,88.01754159333785,386.6269292729164,false,datetime.datetime(2025, 9, 12, 16, 2, 37, 764962)
227_4589977_1,1,1.0346904755398556,208.5414348572891,247.85293560442676,false,datetime.datetime(2025, 9, 12, 16, 2, 37, 764962)
227_2662739_1,1,1.0293102394286018,88.0174565140504,386.6184990041331,false,datetime.datetime(2025, 9, 12, 16, 2, 37, 764962)
227_4589970_1,1,1.0367892933835139,0.001599317779466297,2.3340201637481956e-08,false,datetime.datetime(2025, 9, 12, 16, 2, 37, 764962)
227_4290732_20,1,1.034670376717988,208.54154165148157,247.8994939618521,false,datetime.datetime(2025, 9, 12, 16, 2, 37, 764962)
227_452800_1,1,1.02928777875902,202.7924798758563,1178.6777429588153,false,datetime.datetime(2025, 9, 12, 16, 2, 37, 764962)
227_452772_1,1,1.0291565619412928,206.61254830220088,387.91934174917395,false,datetime.datetime(2025, 9, 12, 16, 2, 37, 764962)
227_448259_7,1,1.0360004374059695,6.148425906491679,43.78899733369603,false,datetime.datetime(2025, 9, 12, 16, 2, 37, 764962)
227_623392_1,1,1.029312674731278,0.046941937908100605,0.33049405405588667,false,datetime.datetime(2025, 9, 12, 16, 2, 37, 764962)
227_2664038_2,1,1.0289809052190517,115.46271049082975,692.2646136210864,false,datetime.datetime(2025, 9, 12, 16, 2, 37, 764962)
227_452759_5,1,1.0291189066507773,118.59599401485605,722.1873092652766,false,datetime.datetime(2025, 9, 12, 16, 2, 37, 764962)
228_2473080_3,1,1.02119634356087,3.1382946859572423,21.925700970926144,false,datetime.datetime(2025, 9, 12, 16, 2, 37, 764962)
228_350975_10,1,1.033525450850849,8.985611948462033,63.55205705378299,false,datetime.datetime(2025, 9, 12, 16, 2, 37, 764962)
228_350996_3,1,1.0212201815974928,2.7130781729878293,18.9617867893622,false,datetime.datetime(2025, 9, 12, 16, 2, 37, 764962)
227_558417_8,1,1.0370705974396162,2.226240014503894,15.797713375870227,false,datetime.datetime(2025, 9, 12, 16, 3, 37, 764962)
227_4589971_5,1,1.0370527196705006,0.0011778647660962939,8.634859676947609e-09,false,datetime.datetime(2025, 9, 12, 16, 3, 37, 764962)
gpc_10076_pri_mtr,1,1.0361127940929398,0.0014424267393187786,-9.854769647307912e-09,false,datetime.datetime(2025, 9, 12, 16, 3, 37, 764962)
gpc_10080_pri_mtr,1,1.036113755273443,0.001740027585886687,2.439652151228861e-08,false,datetime.datetime(2025, 9, 12, 16, 3, 37, 764962)
227_2664032_1,1,1.029300713437446,113.12896059344284,659.6171476588097,false,datetime.datetime(2025, 9, 12, 16, 3, 37, 764962)
227_452771_6,1,1.0293578951485862,206.30582690357755,1226.2954012602963,false,datetime.datetime(2025, 9, 12, 16, 3, 37, 764962)
227_2662741_2,1,1.0295988527848476,88.7083486750559,391.03761445524844,false,datetime.datetime(2025, 9, 12, 16, 3, 37, 764962)
227_4589977_1,1,1.0349819110073895,208.49056906243771,250.03022430811183,false,datetime.datetime(2025, 9, 12, 16, 3, 37, 764962)
227_2662739_1,1,1.0295993390282232,88.70826410149633,391.0290120834091,false,datetime.datetime(2025, 9, 12, 16, 3, 37, 764962)
227_4589970_1,1,1.037052719158561,0.0015997281695995734,1.765603950729157e-08,false,datetime.datetime(2025, 9, 12, 16, 3, 37, 764962)
227_4290732_20,1,1.03496186605964,208.49067586810952,250.07675837401513,false,datetime.datetime(2025, 9, 12, 16, 3, 37, 764962)
227_452800_1,1,1.0295554707461374,198.2476325388286,1125.9171151638222,false,datetime.datetime(2025, 9, 12, 16, 3, 37, 764962)
227_452772_1,1,1.029390608259819,206.7216463343462,376.30146376934033,false,datetime.datetime(2025, 9, 12, 16, 3, 37, 764962)
227_448259_7,1,1.0362507713376088,6.309139603540907,44.90723547617892,false,datetime.datetime(2025, 9, 12, 16, 3, 37, 764962)
227_623392_1,1,1.0295479225536013,0.01585025281871533,0.1116323730803152,false,datetime.datetime(2025, 9, 12, 16, 3, 37, 764962)
227_2664038_2,1,1.029307033894123,113.12902479318281,659.6331304728097,false,datetime.datetime(2025, 9, 12, 16, 3, 37, 764962)
227_452759_5,1,1.0294304628880555,115.74186580469035,686.8146462500099,false,datetime.datetime(2025, 9, 12, 16, 3, 37, 764962)
228_2473080_3,1,1.0228356624371302,3.258206223164411,22.799794748349413,false,datetime.datetime(2025, 9, 12, 16, 3, 37, 764962)
228_350975_10,1,1.0338398731532144,5.31253544952663,37.60249824058284,false,datetime.datetime(2025, 9, 12, 16, 3, 37, 764962)
228_350996_3,1,1.022883458732545,2.4640962034756613,17.250766991476084,false,datetime.datetime(2025, 9, 12, 16, 3, 37, 764962)
227_558417_8,1,1.0371619418423974,1.4985555480935928,10.627287006377657,false,datetime.datetime(2025, 9, 12, 16, 4, 37, 764962)
227_4589971_5,1,1.0371536730957411,0.001177981842259488,2.1335437722355437e-08,false,datetime.datetime(2025, 9, 12, 16, 4, 37, 764962)
gpc_10076_pri_mtr,1,1.0361606762987563,0.0014424942672215577,-2.2510241316765317e-10,false,datetime.datetime(2025, 9, 12, 16, 4, 37, 764962)
gpc_10080_pri_mtr,1,1.03616166468832,0.001740107477669392,1.1103925203704155e-08,false,datetime.datetime(2025, 9, 12, 16, 4, 37, 764962)
227_2664032_1,1,1.0295586437866455,111.48477202428761,632.0985622007902,false,datetime.datetime(2025, 9, 12, 16, 4, 37, 764962)
227_452771_6,1,1.0295314143917278,202.065821451331,1168.756707604894,false,datetime.datetime(2025, 9, 12, 16, 4, 37, 764962)
227_2662741_2,1,1.0298371285982368,87.90542150198843,365.39946594580823,false,datetime.datetime(2025, 9, 12, 16, 4, 37, 764962)
227_4589977_1,1,1.035142173706504,208.22187094995795,257.64878783193865,false,datetime.datetime(2025, 9, 12, 16, 4, 37, 764962)
227_2662739_1,1,1.029838273911068,87.9053346690759,365.39100419266856,false,datetime.datetime(2025, 9, 12, 16, 4, 37, 764962)
227_4589970_1,1,1.037153672583752,0.0015998818804707775,2.3921865639139623e-08,false,datetime.datetime(2025, 9, 12, 16, 4, 37, 764962)
227_4290732_20,1,1.0351223346519525,208.22197767707002,257.6952025815631,false,datetime.datetime(2025, 9, 12, 16, 4, 37, 764962)
227_452800_1,1,1.0297594610187826,194.9266368565277,1074.9869327003598,false,datetime.datetime(2025, 9, 12, 16, 4, 37, 764962)
227_452772_1,1,1.0295638154966322,206.62454084629977,374.4635357301724,false,datetime.datetime(2025, 9, 12, 16, 4, 37, 764962)
227_448259_7,1,1.0363098489041198,6.845433147101969,48.7086314532078,false,datetime.datetime(2025, 9, 12, 16, 4, 37, 764962)
227_623392_1,1,1.0297212150898414,0.015847633669558516,0.11163276772649355,false,datetime.datetime(2025, 9, 12, 16, 4, 37, 764962)
227_2664038_2,1,1.0295642560286373,111.48483856432458,632.1141164428197,false,datetime.datetime(2025, 9, 12, 16, 4, 37, 764962)
227_452759_5,1,1.0296758025978832,114.00959365958585,658.9470791681302,false,datetime.datetime(2025, 9, 12, 16, 4, 37, 764962)
228_2473080_3,1,1.0229949685239936,3.5298613153117167,24.704076333898264,false,datetime.datetime(2025, 9, 12, 16, 4, 37, 764962)
228_350975_10,1,1.0340187957162301,4.110552938323342,29.107193594098142,false,datetime.datetime(2025, 9, 12, 16, 4, 37, 764962)
228_350996_3,1,1.0230731133251465,2.2598563440551422,15.82484196996518,false,datetime.datetime(2025, 9, 12, 16, 4, 37, 764962)
227_558417_8,1,1.0376012741352383,1.4312030564400293,10.169358909337912,false,datetime.datetime(2025, 9, 12, 16, 5, 37, 764962)
227_4589971_5,1,1.0375938211111049,0.0011784833642668603,8.13615135153427e-10,false,datetime.datetime(2025, 9, 12, 16, 5, 37, 764962)
gpc_10076_pri_mtr,1,1.0366906155559812,0.0014432361160981386,-2.735823186659998e-08,false,datetime.datetime(2025, 9, 12, 16, 5, 37, 764962)
gpc_10080_pri_mtr,1,1.0366913892595349,0.0017409966988273066,2.3350724117757948e-08,false,datetime.datetime(2025, 9, 12, 16, 5, 37, 764962)
227_2664032_1,1,1.0297584065487082,108.15352200653103,616.8439680169048,false,datetime.datetime(2025, 9, 12, 16, 5, 37, 764962)
227_452771_6,1,1.02966936746281,197.95126874130017,1120.3951145975436,false,datetime.datetime(2025, 9, 12, 16, 5, 37, 764962)
227_2662741_2,1,1.030025538920645,86.72788050415798,346.3567027096291,false,datetime.datetime(2025, 9, 12, 16, 5, 37, 764962)
227_4589977_1,1,1.0353272790687373,208.86223206677982,230.52844280043894,false,datetime.datetime(2025, 9, 12, 16, 5, 37, 764962)
227_2662739_1,1,1.0300271726700005,86.72779183581203,346.3485091063412,false,datetime.datetime(2025, 9, 12, 16, 5, 37, 764962)
227_4589970_1,1,1.0375938205988968,0.0016005671814996458,4.9883391667741205e-09,false,datetime.datetime(2025, 9, 12, 16, 5, 37, 764962)
227_4290732_20,1,1.0353067457488694,208.86233912631076,230.57514439484845,false,datetime.datetime(2025, 9, 12, 16, 5, 37, 764962)
227_452800_1,1,1.0299221348429566,191.68735620268117,1036.090023773058,false,datetime.datetime(2025, 9, 12, 16, 5, 37, 764962)
227_452772_1,1,1.0297013921259663,206.75178300852326,379.99614732799114,false,datetime.datetime(2025, 9, 12, 16, 5, 37, 764962)
227_448259_7,1,1.0368158146189466,5.772675574570769,41.192029935333466,false,datetime.datetime(2025, 9, 12, 16, 5, 37, 764962)
227_623392_1,1,1.029858188377176,0.12731291013918014,0.8967808760757237,false,datetime.datetime(2025, 9, 12, 16, 5, 37, 764962)
227_2664038_2,1,1.0297636308310825,108.15358853557714,616.8580868604764,false,datetime.datetime(2025, 9, 12, 16, 5, 37, 764962)
227_452759_5,1,1.0298681548806938,110.38998252849753,640.1308554149857,false,datetime.datetime(2025, 9, 12, 16, 5, 37, 764962)
228_2473080_3,1,1.0242130961652023,3.105579320749337,21.761333300405656,false,datetime.datetime(2025, 9, 12, 16, 5, 37, 764962)
228_350975_10,1,1.0341445315845101,7.17580234036792,50.79202307515446,false,datetime.datetime(2025, 9, 12, 16, 5, 37, 764962)
228_350996_3,1,1.0242820443850043,1.9830908788785175,13.904679754867463,false,datetime.datetime(2025, 9, 12, 16, 5, 37, 764962)
227_558417_8,1,1.0377971570247293,1.122616877490672,7.962154216115964,false,datetime.datetime(2025, 9, 12, 16, 6, 37, 764962)
227_4589971_5,1,1.0377918160217823,0.0011787122079365592,9.504118303679504e-09,false,datetime.datetime(2025, 9, 12, 16, 6, 37, 764962)
gpc_10076_pri_mtr,1,1.0368891054138096,0.0014435146402836854,-1.168872316968621e-08,false,datetime.datetime(2025, 9, 12, 16, 6, 37, 764962)
gpc_10080_pri_mtr,1,1.0368896047718998,0.0017413366881843348,6.694210567591948e-09,false,datetime.datetime(2025, 9, 12, 16, 6, 37, 764962)
227_2664032_1,1,1.0300348526233032,105.10502632274248,580.1306798141532,false,datetime.datetime(2025, 9, 12, 16, 6, 37, 764962)
227_452771_6,1,1.0298616975444566,193.99450837270444,1075.503910464313,false,datetime.datetime(2025, 9, 12, 16, 6, 37, 764962)
227_2662741_2,1,1.0302678905294869,86.26199249496331,339.56798048655804,false,datetime.datetime(2025, 9, 12, 16, 6, 37, 764962)
227_4589977_1,1,1.0355525018090899,208.6814148459735,236.08891436894356,false,datetime.datetime(2025, 9, 12, 16, 6, 37, 764962)
227_2662739_1,1,1.0302697000845091,86.26190309710634,339.5598962243421,false,datetime.datetime(2025, 9, 12, 16, 6, 37, 764962)
227_4589970_1,1,1.0377918155094785,0.001600877331913326,-8.000867976337226e-09,false,datetime.datetime(2025, 9, 12, 16, 6, 37, 764962)
227_4290732_20,1,1.0355321164221978,208.68152186464636,236.1355354262421,false,datetime.datetime(2025, 9, 12, 16, 6, 37, 764962)
227_452800_1,1,1.030138670970235,187.81607127416441,988.0875247863229,false,datetime.datetime(2025, 9, 12, 16, 6, 37, 764962)
227_452772_1,1,1.029893854320701,206.80139554036435,361.20100831005004,false,datetime.datetime(2025, 9, 12, 16, 6, 37, 764962)
227_448259_7,1,1.0370186387370777,6.127351247612639,43.667326022762424,false,datetime.datetime(2025, 9, 12, 16, 6, 37, 764962)
227_623392_1,1,1.030052554153949,0.04703723291556795,0.33140156628475004,false,datetime.datetime(2025, 9, 12, 16, 6, 37, 764962)
227_2664038_2,1,1.030039129721702,105.10509565693201,580.1438755475485,false,datetime.datetime(2025, 9, 12, 16, 6, 37, 764962)
227_452759_5,1,1.0301281582411226,107.4440117886953,604.9308911332985,false,datetime.datetime(2025, 9, 12, 16, 6, 37, 764962)
228_2473080_3,1,1.0260572136982211,2.603466189283844,18.276828736287943,false,datetime.datetime(2025, 9, 12, 16, 6, 37, 764962)
228_350975_10,1,1.0343907558835257,4.897786735035939,34.69209700586453,false,datetime.datetime(2025, 9, 12, 16, 6, 37, 764962)
228_350996_3,1,1.0261063272040085,1.7996977415669153,12.642401500682675,false,datetime.datetime(2025, 9, 12, 16, 6, 37, 764962)
227_558417_8,1,1.036562523008794,1.1378983263803122,8.06156631919779,false,datetime.datetime(2025, 9, 12, 16, 7, 37, 764962)
227_4589971_5,1,1.036557397479641,0.001177308467280524,-3.1992211388378672e-09,false,datetime.datetime(2025, 9, 12, 16, 7, 37, 764962)
gpc_10076_pri_mtr,1,1.0357525090053874,0.0014419296429715879,-1.4714916259206848e-08,false,datetime.datetime(2025, 9, 12, 16, 7, 37, 764962)
gpc_10080_pri_mtr,1,1.0357530333556246,0.0017394247303190427,8.701557813294833e-09,false,datetime.datetime(2025, 9, 12, 16, 7, 37, 764962)
227_2664032_1,1,1.0285207311799456,101.21418992379022,520.7599789130736,false,datetime.datetime(2025, 9, 12, 16, 7, 37, 764962)
227_452771_6,1,1.0281841326935923,186.62927146386176,966.3025953433505,false,datetime.datetime(2025, 9, 12, 16, 7, 37, 764962)
227_2662741_2,1,1.0287052862370891,84.83976129858908,305.71949882094,false,datetime.datetime(2025, 9, 12, 16, 7, 37, 764962)
227_4589977_1,1,1.0340240258436573,209.10818390691205,208.0134866225295,false,datetime.datetime(2025, 9, 12, 16, 7, 37, 764962)
227_2662739_1,1,1.0287079358979447,84.83966910893506,305.7117011954939,false,datetime.datetime(2025, 9, 12, 16, 7, 37, 764962)
227_4589970_1,1,1.0365573969679465,0.001598970416509739,8.955720323943232e-09,false,datetime.datetime(2025, 9, 12, 16, 7, 37, 764962)
227_4290732_20,1,1.0340029636381958,209.10829106923967,208.0602933218932,false,datetime.datetime(2025, 9, 12, 16, 7, 37, 764962)
227_452800_1,1,1.028516315590834,181.51502040106664,884.0452316155346,false,datetime.datetime(2025, 9, 12, 16, 7, 37, 764962)
227_452772_1,1,1.028216788181003,207.27121218274507,307.5144722404492,false,datetime.datetime(2025, 9, 12, 16, 7, 37, 764962)
227_448259_7,1,1.0358652378465274,5.290967128518673,37.711262997922134,false,datetime.datetime(2025, 9, 12, 16, 7, 37, 764962)
227_623392_1,1,1.0283806412652805,0.01586823277758702,0.11163221033217721,false,datetime.datetime(2025, 9, 12, 16, 7, 37, 764962)
227_2664038_2,1,1.0285235525251395,101.21426364183787,520.7720987037437,false,datetime.datetime(2025, 9, 12, 16, 7, 37, 764962)
227_452759_5,1,1.0285881033650341,103.17556117136088,544.4221605151191,false,datetime.datetime(2025, 9, 12, 16, 7, 37, 764962)
228_2473080_3,1,1.0210894532903791,2.6393830896488577,18.439114815102695,false,datetime.datetime(2025, 9, 12, 16, 7, 37, 764962)
228_350975_10,1,1.0328267270197555,3.5687431063371644,25.23827739875792,false,datetime.datetime(2025, 9, 12, 16, 7, 37, 764962)
228_350996_3,1,1.021118334573394,2.1401591471089803,14.958629153915567,false,datetime.datetime(2025, 9, 12, 16, 7, 37, 764962)
227_558417_8,1,1.0356381637321064,0.8528290660666533,6.015157515075401,false,datetime.datetime(2025, 9, 12, 16, 8, 37, 764962)
227_4589971_5,1,1.0356333223751726,0.0011762694539275054,-3.9269647549020813e-10,false,datetime.datetime(2025, 9, 12, 16, 8, 37, 764962)
gpc_10076_pri_mtr,1,1.0347875918594591,0.0014405951108923645,-4.29037709706472e-10,false,datetime.datetime(2025, 9, 12, 16, 8, 37, 764962)
gpc_10080_pri_mtr,1,1.034788327676328,0.0017378142465534771,1.8492332769903548e-08,false,datetime.datetime(2025, 9, 12, 16, 8, 37, 764962)
227_2664032_1,1,1.0276458929416863,99.93455255088536,524.1143018820396,false,datetime.datetime(2025, 9, 12, 16, 8, 37, 764962)
227_452771_6,1,1.0275097455689437,196.53780732671237,1145.2019204665116,false,datetime.datetime(2025, 9, 12, 16, 8, 37, 764962)
227_2662741_2,1,1.0277752255996688,98.18530915534437,497.4801866810808,false,datetime.datetime(2025, 9, 12, 16, 8, 37, 764962)
227_4589977_1,1,1.03319379867017,208.73195256992204,215.58546657974762,false,datetime.datetime(2025, 9, 12, 16, 8, 37, 764962)
227_2662739_1,1,1.0277729629203092,98.18523547235527,497.4692520277247,false,datetime.datetime(2025, 9, 12, 16, 8, 37, 764962)
227_4589970_1,1,1.035633321863938,0.001597557287108894,1.903143374587534e-08,false,datetime.datetime(2025, 9, 12, 16, 8, 37, 764962)
227_4290732_20,1,1.0331729556492115,208.732059567853,215.63210309559346,false,datetime.datetime(2025, 9, 12, 16, 8, 37, 764962)
227_452800_1,1,1.0277441502459435,191.10465145875395,1073.8730761098868,false,datetime.datetime(2025, 9, 12, 16, 8, 37, 764962)
227_452772_1,1,1.0275423414227394,206.39403247720355,356.70861008379313,false,datetime.datetime(2025, 9, 12, 16, 8, 37, 764962)
227_448259_7,1,1.0349131451286109,5.8394218577466,41.39806658245494,false,datetime.datetime(2025, 9, 12, 16, 8, 37, 764962)
227_623392_1,1,1.02770094339913,0.12748281473435213,0.8961000148484666,false,datetime.datetime(2025, 9, 12, 16, 8, 37, 764962)
227_2664038_2,1,1.0276488310739482,99.93462547597224,524.1259016055651,false,datetime.datetime(2025, 9, 12, 16, 8, 37, 764962)
227_452759_5,1,1.027715433250605,102.02815531515435,547.3353883062745,false,datetime.datetime(2025, 9, 12, 16, 8, 37, 764962)
228_2473080_3,1,1.022263941805703,2.1968198006745707,15.365999222553231,false,datetime.datetime(2025, 9, 12, 16, 8, 37, 764962)
228_350975_10,1,1.0319801195130929,9.371751958653205,66.17760976447744,false,datetime.datetime(2025, 9, 12, 16, 8, 37, 764962)
228_350996_3,1,1.0222891205206068,1.7632582301211568,12.340528745218913,false,datetime.datetime(2025, 9, 12, 16, 8, 37, 764962)
227_558417_8,1,1.0388762378690906,0.5264664627717415,3.714465773024,false,datetime.datetime(2025, 9, 12, 16, 9, 37, 764962)
227_4589971_5,1,1.0388735786624455,0.001179938231336739,2.0567881725472835e-10,false,datetime.datetime(2025, 9, 12, 16, 9, 37, 764962)
gpc_10076_pri_mtr,1,1.038133754981577,0.0014452444206628952,-8.10645594090388e-09,false,datetime.datetime(2025, 9, 12, 16, 9, 37, 764962)
gpc_10080_pri_mtr,1,1.038134219388062,0.0017434222248172123,1.041272982489558e-08,false,datetime.datetime(2025, 9, 12, 16, 9, 37, 764962)
227_2664032_1,1,1.03127325775223,93.35226623228232,424.1207602907806,false,datetime.datetime(2025, 9, 12, 16, 9, 37, 764962)
227_452771_6,1,1.0307173621452426,177.50295546507465,847.2642156563493,false,datetime.datetime(2025, 9, 12, 16, 9, 37, 764962)
227_2662741_2,1,1.0313553365792867,84.9447304696169,310.8986392548526,false,datetime.datetime(2025, 9, 12, 16, 9, 37, 764962)
227_4589977_1,1,1.0364795529329422,209.3956444460465,226.60177570160715,false,datetime.datetime(2025, 9, 12, 16, 9, 37, 764962)
227_2662739_1,1,1.0313579019514123,84.94463842566051,310.89085260211925,false,datetime.datetime(2025, 9, 12, 16, 9, 37, 764962)
227_4589970_1,1,1.0388735781496081,0.001602540771665577,8.10703557598005e-09,false,datetime.datetime(2025, 9, 12, 16, 9, 37, 764962)
227_4290732_20,1,1.0364588611526888,209.39575165643691,226.64872106686283,false,datetime.datetime(2025, 9, 12, 16, 9, 37, 764962)
227_452800_1,1,1.031114589176158,174.18911433624498,782.1660316019745,false,datetime.datetime(2025, 9, 12, 16, 9, 37, 764962)
227_452772_1,1,1.0307491269922775,207.80204444852805,323.8037257834549,false,datetime.datetime(2025, 9, 12, 16, 9, 37, 764962)
227_448259_7,1,1.0382396304422772,4.989512008720809,35.531165565481565,false,datetime.datetime(2025, 9, 12, 16, 9, 37, 764962)
227_623392_1,1,1.0309120365160824,0.04709442328274212,0.33208229542921575,false,datetime.datetime(2025, 9, 12, 16, 9, 37, 764962)
227_2664038_2,1,1.031273559451684,93.3523477656858,424.13061847448904,false,datetime.datetime(2025, 9, 12, 16, 9, 37, 764962)
227_452759_5,1,1.031295519393586,94.87795076826588,444.0173783915545,false,datetime.datetime(2025, 9, 12, 16, 9, 37, 764962)
228_2473080_3,1,1.0255270382937094,1.9327561569668237,13.562900476019033,false,datetime.datetime(2025, 9, 12, 16, 9, 37, 764962)
228_350975_10,1,1.0352989581020526,4.873879800400546,34.538673872970556,false,datetime.datetime(2025, 9, 12, 16, 9, 37, 764962)
228_350996_3,1,1.0255662513900579,1.295460768101443,9.098808327269396,false,datetime.datetime(2025, 9, 12, 16, 9, 37, 764962)
227_558417_8,1,1.037664344592802,0.5706292091629583,4.032396100502127,false,datetime.datetime(2025, 9, 12, 16, 10, 37, 764962)
227_4589971_5,1,1.0376617692980883,0.0011785631417347445,1.663525406958562e-08,false,datetime.datetime(2025, 9, 12, 16, 10, 37, 764962)
gpc_10076_pri_mtr,1,1.0370078133723883,0.001443677900023089,-1.596297743716746e-08,false,datetime.datetime(2025, 9, 12, 16, 10, 37, 764962)
gpc_10080_pri_mtr,1,1.0370081728485037,0.0017415329171315275,3.1422246259697596e-08,false,datetime.datetime(2025, 9, 12, 16, 10, 37, 764962)
227_2664032_1,1,1.0299228041245627,89.52748611787497,361.52942738826584,false,datetime.datetime(2025, 9, 12, 16, 10, 37, 764962)
227_452771_6,1,1.0291330648834884,170.81585252071133,683.4879423795502,false,datetime.datetime(2025, 9, 12, 16, 10, 37, 764962)
227_2662741_2,1,1.0299699738335422,82.79644030405689,213.2363362548215,false,datetime.datetime(2025, 9, 12, 16, 10, 37, 764962)
227_4589977_1,1,1.035031584674899,209.7491561667061,202.15573102362427,false,datetime.datetime(2025, 9, 12, 16, 10, 37, 764962)
227_2662739_1,1,1.0299749984984798,82.79634073389909,213.22895317654525,false,datetime.datetime(2025, 9, 12, 16, 10, 37, 764962)
227_4589970_1,1,1.037661768785849,0.0016006759607366534,1.7567396062442787e-08,false,datetime.datetime(2025, 9, 12, 16, 10, 37, 764962)
227_4290732_20,1,1.0350103128342962,209.7492634695115,202.2028318256673,false,datetime.datetime(2025, 9, 12, 16, 10, 37, 764962)
227_452800_1,1,1.0296157700266462,168.46950421336206,614.635183059871,false,datetime.datetime(2025, 9, 12, 16, 10, 37, 764962)
227_452772_1,1,1.0291647268951016,208.23671825637732,283.2833511206626,false,datetime.datetime(2025, 9, 12, 16, 10, 37, 764962)
227_448259_7,1,1.0370934909040876,4.045972971855197,28.902473359309386,false,datetime.datetime(2025, 9, 12, 16, 10, 37, 764962)
227_623392_1,1,1.029331454165978,0.015853583871568246,0.11163227847183205,false,datetime.datetime(2025, 9, 12, 16, 10, 37, 764962)
227_2664038_2,1,1.029921533093949,89.52757263568033,361.538333660981,false,datetime.datetime(2025, 9, 12, 16, 10, 37, 764962)
227_452759_5,1,1.0299166153071455,90.62672190651391,377.85733259350235,false,datetime.datetime(2025, 9, 12, 16, 10, 37, 764962)
228_2473080_3,1,1.026263684079413,1.7954887047264736,12.609141271424754,false,datetime.datetime(2025, 9, 12, 16, 10, 37, 764962)
228_350975_10,1,1.0338246323418363,3.0263860859013207,21.430850753820124,false,datetime.datetime(2025, 9, 12, 16, 10, 37, 764962)
228_350996_3,1,1.0262943498368362,1.2899261786917027,9.066423613979431,false,datetime.datetime(2025, 9, 12, 16, 10, 37, 764962)
227_558417_8,1,1.0377610386928169,0.4911703185782433,3.468250446640285,false,datetime.datetime(2025, 9, 12, 16, 11, 37, 764962)
227_4589971_5,1,1.0377588208659942,0.0011786783932677593,9.317739669223087e-09,false,datetime.datetime(2025, 9, 12, 16, 11, 37, 764962)
gpc_10076_pri_mtr,1,1.0370824676207555,0.0014437876516681014,-1.708479252777957e-08,false,datetime.datetime(2025, 9, 12, 16, 11, 37, 764962)
gpc_10080_pri_mtr,1,1.0370831517289534,0.0017416673631409701,1.0150485008548026e-08,false,datetime.datetime(2025, 9, 12, 16, 11, 37, 764962)
227_2664032_1,1,1.0299815980605764,88.42881635055618,356.8948390149785,false,datetime.datetime(2025, 9, 12, 16, 11, 37, 764962)
227_452771_6,1,1.0291592726673775,169.75716045267117,658.273739311837,false,datetime.datetime(2025, 9, 12, 16, 11, 37, 764962)
227_2662741_2,1,1.0300244388647926,82.3892073546871,200.89854073203838,false,datetime.datetime(2025, 9, 12, 16, 11, 37, 764962)
227_4589977_1,1,1.0350405689001303,209.97235109610253,193.83772734617722,false,datetime.datetime(2025, 9, 12, 16, 11, 37, 764962)
227_2662739_1,1,1.0300297786084822,82.38910662912397,200.8912450027377,false,datetime.datetime(2025, 9, 12, 16, 11, 37, 764962)
227_4589970_1,1,1.0377588203537078,0.0016008310920184662,6.8226282448619866e-09,false,datetime.datetime(2025, 9, 12, 16, 11, 37, 764962)
227_4290732_20,1,1.035019083116054,209.97245850063734,193.88492233005908,false,datetime.datetime(2025, 9, 12, 16, 11, 37, 764962)
227_452800_1,1,1.0296551480383258,167.67147815006433,591.7596070781499,false,datetime.datetime(2025, 9, 12, 16, 11, 37, 764962)
227_452772_1,1,1.029190404439959,207.89984023418754,301.7622461155885,false,datetime.datetime(2025, 9, 12, 16, 11, 37, 764962)
227_448259_7,1,1.0371791553711092,4.426890278990105,31.613959817180202,false,datetime.datetime(2025, 9, 12, 16, 11, 37, 764962)
227_623392_1,1,1.0293551978788933,0.12718178941775438,0.8954199785519323,false,datetime.datetime(2025, 9, 12, 16, 11, 37, 764962)
227_2664038_2,1,1.0299802084985865,88.42890361665923,356.9034544137852,false,datetime.datetime(2025, 9, 12, 16, 11, 37, 764962)
227_452759_5,1,1.029972452771451,89.14881064760114,368.2939348076286,false,datetime.datetime(2025, 9, 12, 16, 11, 37, 764962)
228_2473080_3,1,1.0274820121189863,1.617854730994642,11.375839189784015,false,datetime.datetime(2025, 9, 12, 16, 11, 37, 764962)
228_350975_10,1,1.0338069420725915,5.572349521756202,39.43674345311613,false,datetime.datetime(2025, 9, 12, 16, 11, 37, 764962)
228_350996_3,1,1.0275276284380657,0.8861239389235688,6.2395436232500865,false,datetime.datetime(2025, 9, 12, 16, 11, 37, 764962)
227_558417_8,1,1.0382042806470866,0.5824642869991793,4.124331790711572,false,datetime.datetime(2025, 9, 12, 16, 12, 37, 764962)
227_4589971_5,1,1.0382006527510113,0.001179184926550685,4.717354848998476e-09,false,datetime.datetime(2025, 9, 12, 16, 12, 37, 764962)
gpc_10076_pri_mtr,1,1.0375490147007922,0.0014444378212413722,-1.8430401145893973e-08,false,datetime.datetime(2025, 9, 12, 16, 12, 37, 764962)
gpc_10080_pri_mtr,1,1.0375495984067455,0.001742451784900117,2.0187066842800028e-08,false,datetime.datetime(2025, 9, 12, 16, 12, 37, 764962)
227_2664032_1,1,1.0303335425929188,86.95537337237845,322.1238120088153,false,datetime.datetime(2025, 9, 12, 16, 12, 37, 764962)
227_452771_6,1,1.0294159051552372,167.76315158877844,599.7525884305084,false,datetime.datetime(2025, 9, 12, 16, 12, 37, 764962)
227_2662741_2,1,1.030347560082183,82.23975434851735,180.09805230576342,false,datetime.datetime(2025, 9, 12, 16, 12, 37, 764962)
227_4589977_1,1,1.0353637467423125,210.30128174835858,184.60189427915978,false,datetime.datetime(2025, 9, 12, 16, 12, 37, 764962)
227_2662739_1,1,1.0303534337655127,82.23965219365208,180.09079054056096,false,datetime.datetime(2025, 9, 12, 16, 12, 37, 764962)
227_4589970_1,1,1.038200652238508,0.001601516513602666,1.908999216385224e-09,false,datetime.datetime(2025, 9, 12, 16, 12, 37, 764962)
227_4290732_20,1,1.0353420162432763,210.30138927442468,184.6492352088456,false,datetime.datetime(2025, 9, 12, 16, 12, 37, 764962)
227_452800_1,1,1.0299429415221144,166.16552880369358,534.8183364111392,false,datetime.datetime(2025, 9, 12, 16, 12, 37, 764962)
227_452772_1,1,1.0294472659522471,208.42676237213726,276.1036737542108,false,datetime.datetime(2025, 9, 12, 16, 12, 37, 764962)
227_448259_7,1,1.037645934358659,4.491050245944532,32.058888007915556,false,datetime.datetime(2025, 9, 12, 16, 12, 37, 764962)
227_623392_1,1,1.0296147808592802,0.04725065539278572,0.33276316483020496,false,datetime.datetime(2025, 9, 12, 16, 12, 37, 764962)
227_2664038_2,1,1.0303312590079396,86.95546360765618,322.13209942663747,false,datetime.datetime(2025, 9, 12, 16, 12, 37, 764962)
227_452759_5,1,1.0303085364144993,87.57963989594016,333.1216737930407,false,datetime.datetime(2025, 9, 12, 16, 12, 37, 764962)
228_2473080_3,1,1.029180654912171,1.4733672086323848,10.377591485498417,false,datetime.datetime(2025, 9, 12, 16, 12, 37, 764962)
228_350975_10,1,1.0341205664204456,4.544434576683139,32.18228252786514,false,datetime.datetime(2025, 9, 12, 16, 12, 37, 764962)
228_350996_3,1,1.0292251643659072,0.7618459089058778,5.374997260071314,false,datetime.datetime(2025, 9, 12, 16, 12, 37, 764962)
227_558417_8,1,1.0389242703487522,0.49422144084104047,3.494260403056711,false,datetime.datetime(2025, 9, 12, 16, 13, 37, 764962)
227_4589971_5,1,1.0389217573451344,0.0011800037965040604,5.3998499981999166e-09,false,datetime.datetime(2025, 9, 12, 16, 13, 37, 764962)
gpc_10076_pri_mtr,1,1.0383592158585915,0.0014455661408280401,-7.453816137981246e-09,false,datetime.datetime(2025, 9, 12, 16, 13, 37, 764962)
gpc_10080_pri_mtr,1,1.0383596737126262,0.0017438149998559895,1.1887975344792962e-08,false,datetime.datetime(2025, 9, 12, 16, 13, 37, 764962)
227_2664032_1,1,1.0307404041369346,86.10131824798495,285.02582063512557,false,datetime.datetime(2025, 9, 12, 16, 13, 37, 764962)
227_452771_6,1,1.0297242364603243,166.4214294492588,539.57195830542,false,datetime.datetime(2025, 9, 12, 16, 13, 37, 764962)
227_2662741_2,1,1.0307217310287398,82.17998355680841,164.2123697857511,false,datetime.datetime(2025, 9, 12, 16, 13, 37, 764962)
227_4589977_1,1,1.0358288346244076,211.17412317194118,159.3334358394976,false,datetime.datetime(2025, 9, 12, 16, 13, 37, 764962)
227_2662739_1,1,1.030728014744662,82.17988033069095,164.20512493498828,false,datetime.datetime(2025, 9, 12, 16, 13, 37, 764962)
227_4589970_1,1,1.0389217568322755,0.0016026309257697658,6.659933937447047e-09,false,datetime.datetime(2025, 9, 12, 16, 13, 37, 764962)
227_4290732_20,1,1.035806445671346,211.17423094704424,159.38116968225373,false,datetime.datetime(2025, 9, 12, 16, 13, 37, 764962)
227_452800_1,1,1.030283342941714,165.32905647369736,478.45809770996624,false,datetime.datetime(2025, 9, 12, 16, 13, 37, 764962)
227_452772_1,1,1.029756162348099,209.46513009702622,234.8117207736385,false,datetime.datetime(2025, 9, 12, 16, 13, 37, 764962)
227_448259_7,1,1.0384395879513004,3.7404643745012733,26.72979723264619,false,datetime.datetime(2025, 9, 12, 16, 13, 37, 764962)
227_623392_1,1,1.029927978107576,0.015844508675379614,0.11163280408681185,false,datetime.datetime(2025, 9, 12, 16, 13, 37, 764962)
227_2664038_2,1,1.0307371675678916,86.10141121006745,285.03393078890036,false,datetime.datetime(2025, 9, 12, 16, 13, 37, 764962)
227_452759_5,1,1.0306986046410438,86.67416424457343,296.3284827727171,false,datetime.datetime(2025, 9, 12, 16, 13, 37, 764962)
228_2473080_3,1,1.0300281741042645,1.5797341863018035,11.135440134951107,false,datetime.datetime(2025, 9, 12, 16, 13, 37, 764962)
228_350975_10,1,1.0345535101873244,2.7598136852084947,19.56855467756344,false,datetime.datetime(2025, 9, 12, 16, 13, 37, 764962)
228_350996_3,1,1.0300861696655763,0.6630167250791271,4.683137738771,false,datetime.datetime(2025, 9, 12, 16, 13, 37, 764962)
227_558417_8,1,1.0388253795478166,0.34945599266465754,2.4617154456438013,false,datetime.datetime(2025, 9, 12, 16, 14, 37, 764962)
227_4589971_5,1,1.0388237988949685,0.0011798894195073452,-5.764963424830722e-09,false,datetime.datetime(2025, 9, 12, 16, 14, 37, 764962)
gpc_10076_pri_mtr,1,1.0382740627834501,0.0014454470020438663,-2.0065819858971898e-08,false,datetime.datetime(2025, 9, 12, 16, 14, 37, 764962)
gpc_10080_pri_mtr,1,1.038274371735879,0.0017436653885319286,1.783154208870312e-08,false,datetime.datetime(2025, 9, 12, 16, 14, 37, 764962)
227_2664032_1,1,1.0304788826293274,87.50345394612393,324.16295798514716,false,datetime.datetime(2025, 9, 12, 16, 14, 37, 764962)
227_452771_6,1,1.0295483281097921,167.7999776688417,587.6659938443617,false,datetime.datetime(2025, 9, 12, 16, 14, 37, 764962)
227_2662741_2,1,1.0304980077331565,82.38681435718203,165.91504034304768,false,datetime.datetime(2025, 9, 12, 16, 14, 37, 764962)
227_4589977_1,1,1.0356417264614657,211.41639460109172,151.0253131633117,false,datetime.datetime(2025, 9, 12, 16, 14, 37, 764962)
227_2662739_1,1,1.0305042443884709,82.3867115463431,165.90774915851654,false,datetime.datetime(2025, 9, 12, 16, 14, 37, 764962)
227_4589970_1,1,1.0388237983821567,0.0016024769862228762,4.087658332971199e-09,false,datetime.datetime(2025, 9, 12, 16, 14, 37, 764962)
227_4290732_20,1,1.0356191328484392,211.41650240093912,151.07316135959633,false,datetime.datetime(2025, 9, 12, 16, 14, 37, 764962)
227_452800_1,1,1.0300818614010288,166.30002724668543,523.9697097874192,false,datetime.datetime(2025, 9, 12, 16, 14, 37, 764962)
227_452772_1,1,1.029580296718635,209.2287697218547,245.30745448310125,false,datetime.datetime(2025, 9, 12, 16, 14, 37, 764962)
227_448259_7,1,1.038346664723324,3.433863914304579,24.560562740094678,false,datetime.datetime(2025, 9, 12, 16, 14, 37, 764962)
227_623392_1,1,1.0297510266850514,0.015847112270201538,0.11163171619301164,false,datetime.datetime(2025, 9, 12, 16, 14, 37, 764962)
227_2664038_2,1,1.0304766495306363,87.50354378114767,324.1713812371245,false,datetime.datetime(2025, 9, 12, 16, 14, 37, 764962)
227_452759_5,1,1.0304545074286369,88.02986684840022,333.7529350073204,false,datetime.datetime(2025, 9, 12, 16, 14, 37, 764962)
228_2473080_3,1,1.0285720047584488,1.3725312783953505,9.66198633787371,false,datetime.datetime(2025, 9, 12, 16, 14, 37, 764962)
228_350975_10,1,1.034341934073869,4.976204095024172,35.239089899587896,false,datetime.datetime(2025, 9, 12, 16, 14, 37, 764962)
228_350996_3,1,1.0285811432543324,1.2001156751201003,8.454820607063745,false,datetime.datetime(2025, 9, 12, 16, 14, 37, 764962)
227_558417_8,1,1.0388896404938395,0.6609048593235545,4.685891096164828,false,datetime.datetime(2025, 9, 12, 16, 15, 37, 764962)
227_4589971_5,1,1.0388856623034683,0.0011799597436312672,1.4885200381272983e-08,false,datetime.datetime(2025, 9, 12, 16, 15, 37, 764962)
gpc_10076_pri_mtr,1,1.0383273233389538,0.0014455223118754847,-5.117532257722933e-09,false,datetime.datetime(2025, 9, 12, 16, 15, 37, 764962)
gpc_10080_pri_mtr,1,1.0383276603029257,0.0017437590672543797,3.291946524555477e-09,false,datetime.datetime(2025, 9, 12, 16, 15, 37, 764962)
227_2664032_1,1,1.030649267936902,85.88613531197277,283.28805715210433,false,datetime.datetime(2025, 9, 12, 16, 15, 37, 764962)
227_452771_6,1,1.0296533866116615,166.9503589066605,565.0130271052124,false,datetime.datetime(2025, 9, 12, 16, 15, 37, 764962)
227_2662741_2,1,1.0306260746914486,82.39838742338168,174.83377154592878,false,datetime.datetime(2025, 9, 12, 16, 15, 37, 764962)
227_4589977_1,1,1.0357586042493836,211.20447305010697,157.00125407372175,false,datetime.datetime(2025, 9, 12, 16, 15, 37, 764962)
227_2662739_1,1,1.0306320856984066,82.39828510329149,174.8264769799133,false,datetime.datetime(2025, 9, 12, 16, 15, 37, 764962)
227_4589970_1,1,1.0388856617906266,0.001602571514308702,1.8107128157210485e-08,false,datetime.datetime(2025, 9, 12, 16, 15, 37, 764962)
227_4290732_20,1,1.0357361604975184,211.20458083732404,157.04900135681302,false,datetime.datetime(2025, 9, 12, 16, 15, 37, 764962)
227_452800_1,1,1.030199135072192,165.62460889998036,500.72444681821287,false,datetime.datetime(2025, 9, 12, 16, 15, 37, 764962)
227_452772_1,1,1.0296854912366589,209.47606894092348,232.9033328260639,false,datetime.datetime(2025, 9, 12, 16, 15, 37, 764962)
227_448259_7,1,1.0384093338552007,3.8821501500804145,27.74205730714862,false,datetime.datetime(2025, 9, 12, 16, 15, 37, 764962)
227_623392_1,1,1.0298573568459002,0.12699118269528034,0.8945128461963738,false,datetime.datetime(2025, 9, 12, 16, 15, 37, 764962)
227_2664038_2,1,1.0306459910295314,85.88622851420821,283.2961156444346,false,datetime.datetime(2025, 9, 12, 16, 15, 37, 764962)
227_452759_5,1,1.0306066585749203,86.41395348435368,294.0338653145794,false,datetime.datetime(2025, 9, 12, 16, 15, 37, 764962)
228_2473080_3,1,1.0295019909709067,1.636932178303861,11.532510944575973,false,datetime.datetime(2025, 9, 12, 16, 15, 37, 764962)
228_350975_10,1,1.034477729170942,3.1301431075816515,22.183730832801963,false,datetime.datetime(2025, 9, 12, 16, 15, 37, 764962)
228_350996_3,1,1.029548276576223,0.8927795350599059,6.298640725282031,false,datetime.datetime(2025, 9, 12, 16, 15, 37, 764962)
227_558417_8,1,1.038753200741717,0.5256348163779676,3.717329983812474,false,datetime.datetime(2025, 9, 12, 16, 16, 37, 764962)
227_4589971_5,1,1.0387505451526193,0.0011798050430646481,1.422171712212067e-08,false,datetime.datetime(2025, 9, 12, 16, 16, 37, 764962)
gpc_10076_pri_mtr,1,1.0381544725390437,0.0014452817023260305,-2.5543640968308926e-08,false,datetime.datetime(2025, 9, 12, 16, 16, 37, 764962)
gpc_10080_pri_mtr,1,1.0381547058452343,0.0017434670827267671,1.2776782326195736e-08,false,datetime.datetime(2025, 9, 12, 16, 16, 37, 764962)
227_2664032_1,1,1.0305528305309746,87.50628717957028,304.5418667336883,false,datetime.datetime(2025, 9, 12, 16, 16, 37, 764962)
227_452771_6,1,1.029597047613672,167.75451407201246,580.958431784101,false,datetime.datetime(2025, 9, 12, 16, 16, 37, 764962)
227_2662741_2,1,1.030555019769645,82.34334282872715,167.48744546848008,false,datetime.datetime(2025, 9, 12, 16, 16, 37, 764962)
227_4589977_1,1,1.0356777016340286,210.95172843487,164.0766027781379,false,datetime.datetime(2025, 9, 12, 16, 16, 37, 764962)
227_2662739_1,1,1.0305612177679868,82.34324002864504,167.4801641390487,false,datetime.datetime(2025, 9, 12, 16, 16, 37, 764962)
227_4589970_1,1,1.0387505446398448,0.0016023603398762707,2.5021531210617326e-08,false,datetime.datetime(2025, 9, 12, 16, 16, 37, 764962)
227_4290732_20,1,1.03565544229349,210.95183616056556,164.12423605369037,false,datetime.datetime(2025, 9, 12, 16, 16, 37, 764962)
227_452800_1,1,1.0301343485760508,166.28873527436355,517.9005332309754,false,datetime.datetime(2025, 9, 12, 16, 16, 37, 764962)
227_452772_1,1,1.029629206567673,209.40073554666424,234.09197458135515,false,datetime.datetime(2025, 9, 12, 16, 16, 37, 764962)
227_448259_7,1,1.0382441586839368,4.309524293513643,30.77792168390454,false,datetime.datetime(2025, 9, 12, 16, 16, 37, 764962)
227_623392_1,1,1.0298009892834,0.0473706302786563,0.33366985337546573,false,datetime.datetime(2025, 9, 12, 16, 16, 37, 764962)
227_2664038_2,1,1.0305500938077865,87.5063781152761,304.5503114447579,false,datetime.datetime(2025, 9, 12, 16, 16, 37, 764962)
227_452759_5,1,1.0305201438991936,88.24636038680993,317.50406384507846,false,datetime.datetime(2025, 9, 12, 16, 16, 37, 764962)
228_2473080_3,1,1.0285145208611122,1.5216800710278124,10.710620226438479,false,datetime.datetime(2025, 9, 12, 16, 16, 37, 764962)
228_350975_10,1,1.0344150590917447,2.1899342878989083,15.527692666858643,false,datetime.datetime(2025, 9, 12, 16, 16, 37, 764962)
228_350996_3,1,1.0285762617621383,0.5466123706413121,3.8571847305667792,false,datetime.datetime(2025, 9, 12, 16, 16, 37, 764962)
227_558417_8,1,1.0383425060614293,0.8836105639515501,6.260684382178914,false,datetime.datetime(2025, 9, 12, 16, 17, 37, 764962)
227_4589971_5,1,1.0383342082524882,0.0011793277772824968,2.6221894751233383e-09,false,datetime.datetime(2025, 9, 12, 16, 17, 37, 764962)
gpc_10076_pri_mtr,1,1.0378006934474275,0.0014447812581106058,-3.535077552637461e-10,false,datetime.datetime(2025, 9, 12, 16, 17, 37, 764962)
gpc_10080_pri_mtr,1,1.0378008920738535,0.0017428655169085517,2.1295578436316795e-08,false,datetime.datetime(2025, 9, 12, 16, 17, 37, 764962)
227_2664032_1,1,1.0301595004148965,89.17423523420888,342.35250117628107,false,datetime.datetime(2025, 9, 12, 16, 17, 37, 764962)
227_452771_6,1,1.0292974973409972,169.90784145252127,644.399036395484,false,datetime.datetime(2025, 9, 12, 16, 17, 37, 764962)
227_2662741_2,1,1.0301978059017336,82.13194880533007,172.21549782285737,false,datetime.datetime(2025, 9, 12, 16, 17, 37, 764962)
227_4589977_1,1,1.0352904726410028,210.765842175674,169.39282522306794,false,datetime.datetime(2025, 9, 12, 16, 17, 37, 764962)
227_2662739_1,1,1.030203879525241,82.13184609540356,172.2082594355078,false,datetime.datetime(2025, 9, 12, 16, 17, 37, 764962)
227_4589970_1,1,1.038334207739917,0.0016017154057770956,1.591083883625854e-08,false,datetime.datetime(2025, 9, 12, 16, 17, 37, 764962)
227_4290732_20,1,1.035268357602452,210.76594978671642,169.4403831892879,false,datetime.datetime(2025, 9, 12, 16, 17, 37, 764962)
227_452800_1,1,1.029802084922209,167.5844284827076,565.6910907850447,false,datetime.datetime(2025, 9, 12, 16, 17, 37, 764962)
227_452772_1,1,1.029329251746514,208.63295280594855,269.4047569537997,false,datetime.datetime(2025, 9, 12, 16, 17, 37, 764962)
227_448259_7,1,1.037869335804052,3.2904505802377924,23.541472820421305,false,datetime.datetime(2025, 9, 12, 16, 17, 37, 764962)
227_623392_1,1,1.029497468516868,0.015850925657945564,0.11163152170216908,false,datetime.datetime(2025, 9, 12, 16, 17, 37, 764962)
227_2664038_2,1,1.0301577364062442,89.17432310785247,342.361343260485,false,datetime.datetime(2025, 9, 12, 16, 17, 37, 764962)
227_452759_5,1,1.030143927417995,90.0857405045396,355.0281188714845,false,datetime.datetime(2025, 9, 12, 16, 17, 37, 764962)
228_2473080_3,1,1.026208313669179,1.9248889832767289,13.516702739195898,false,datetime.datetime(2025, 9, 12, 16, 17, 37, 764962)
228_350975_10,1,1.034024851685029,4.6831720892122926,33.15262965647802,false,datetime.datetime(2025, 9, 12, 16, 17, 37, 764962)
228_350996_3,1,1.0262639199526504,1.0436612655201458,7.337498271770371,false,datetime.datetime(2025, 9, 12, 16, 17, 37, 764962)
227_558417_8,1,1.037635282727706,1.802265054181805,12.77075557935807,false,datetime.datetime(2025, 9, 12, 16, 18, 37, 764962)
227_4589971_5,1,1.0376161030890476,0.0011785126635437823,1.0923796919914733e-08,false,datetime.datetime(2025, 9, 12, 16, 18, 37, 764962)
gpc_10076_pri_mtr,1,1.037006240701751,0.001443675362168086,-1.6930379970650608e-08,false,datetime.datetime(2025, 9, 12, 16, 18, 37, 764962)
gpc_10080_pri_mtr,1,1.0370065685453647,0.0017415306458210531,5.784415799375397e-09,false,datetime.datetime(2025, 9, 12, 16, 18, 37, 764962)
227_2664032_1,1,1.0298114155955418,89.48452703092775,343.1369467111622,false,datetime.datetime(2025, 9, 12, 16, 18, 37, 764962)
227_452771_6,1,1.0290109969521593,172.01670962295705,707.3890719906221,false,datetime.datetime(2025, 9, 12, 16, 18, 37, 764962)
227_2662741_2,1,1.0298372499212227,82.35713033488116,218.39113223737246,false,datetime.datetime(2025, 9, 12, 16, 18, 37, 764962)
227_4589977_1,1,1.0348852754278923,209.71195789562393,201.82180258420243,false,datetime.datetime(2025, 9, 12, 16, 18, 37, 764962)
227_2662739_1,1,1.0298421425892634,82.35703060203231,218.3838461153646,false,datetime.datetime(2025, 9, 12, 16, 18, 37, 764962)
227_4589970_1,1,1.0376161025768305,0.001600604483632562,2.2307424348409657e-09,false,datetime.datetime(2025, 9, 12, 16, 18, 37, 764962)
227_4290732_20,1,1.0348640016820692,209.71206519033194,201.8688867679678,false,datetime.datetime(2025, 9, 12, 16, 18, 37, 764962)
227_452800_1,1,1.0294823199907144,168.8155855610223,620.2471956014749,false,datetime.datetime(2025, 9, 12, 16, 18, 37, 764962)
227_452772_1,1,1.0290424335459567,207.90424707623447,299.67633561833486,false,datetime.datetime(2025, 9, 12, 16, 18, 37, 764962)
227_448259_7,1,1.0370888779898337,3.91176843517212,27.94953055459227,false,datetime.datetime(2025, 9, 12, 16, 18, 37, 764962)
227_623392_1,1,1.0292073655051592,0.12697356528990697,0.8938310349505696,false,datetime.datetime(2025, 9, 12, 16, 18, 37, 764962)
227_2664038_2,1,1.0298096770886136,89.48461465342363,343.14587300295824,false,datetime.datetime(2025, 9, 12, 16, 18, 37, 764962)
227_452759_5,1,1.029796525677502,90.45197081097642,357.1640755325097,false,datetime.datetime(2025, 9, 12, 16, 18, 37, 764962)
228_2473080_3,1,1.0257692330531092,1.561114664501919,10.958710864409337,false,datetime.datetime(2025, 9, 12, 16, 18, 37, 764962)
228_350975_10,1,1.0336811691505312,2.957868085534998,20.943398924065605,false,datetime.datetime(2025, 9, 12, 16, 18, 37, 764962)
228_350996_3,1,1.0257759677412146,1.4251660616248412,10.010675243237358,false,datetime.datetime(2025, 9, 12, 16, 18, 37, 764962)
227_558417_8,1,1.0371196286566826,1.9769016581685992,13.999521840735905,false,datetime.datetime(2025, 9, 12, 16, 19, 37, 764962)
227_4589971_5,1,1.037100298887742,0.001177920359243584,1.1715259809017906e-08,false,datetime.datetime(2025, 9, 12, 16, 19, 37, 764962)
gpc_10076_pri_mtr,1,1.0364713987830274,0.0014429265609440392,-1.670286538969773e-08,false,datetime.datetime(2025, 9, 12, 16, 19, 37, 764962)
gpc_10080_pri_mtr,1,1.036471770096284,0.001740623976987803,2.131971738979224e-08,false,datetime.datetime(2025, 9, 12, 16, 19, 37, 764962)
227_2664032_1,1,1.0292609160698418,93.39419411582902,387.98635371729716,false,datetime.datetime(2025, 9, 12, 16, 19, 37, 764962)
227_452771_6,1,1.0286193847986957,178.51561333396643,828.278747008884,false,datetime.datetime(2025, 9, 12, 16, 19, 37, 764962)
227_2662741_2,1,1.0293198682167166,83.42081942437777,263.8867354666929,false,datetime.datetime(2025, 9, 12, 16, 19, 37, 764962)
227_4589977_1,1,1.0344706771815222,209.4320954154606,208.90947237913025,false,datetime.datetime(2025, 9, 12, 16, 19, 37, 764962)
227_2662739_1,1,1.02932359480168,83.4207234750599,263.879231370732,false,datetime.datetime(2025, 9, 12, 16, 19, 37, 764962)
227_4589970_1,1,1.037100298375778,0.0015998022760749559,5.702700896295383e-09,false,datetime.datetime(2025, 9, 12, 16, 19, 37, 764962)
227_4290732_20,1,1.034449596455268,209.43220259496698,208.9564320790702,false,datetime.datetime(2025, 9, 12, 16, 19, 37, 764962)
227_452800_1,1,1.0290278373858168,173.03712875422815,716.258495993274,false,datetime.datetime(2025, 9, 12, 16, 19, 37, 764962)
227_452772_1,1,1.028651333546609,207.67050014770837,306.808559336547,false,datetime.datetime(2025, 9, 12, 16, 19, 37, 764962)
227_448259_7,1,1.036557896208443,4.077646999888564,29.1195242938393,false,datetime.datetime(2025, 9, 12, 16, 19, 37, 764962)
227_623392_1,1,1.0288155339103355,0.04751264767570909,0.3343503537335212,false,datetime.datetime(2025, 9, 12, 16, 19, 37, 764962)
227_2664038_2,1,1.0292603334321924,93.39427770093732,387.9963298306697,false,datetime.datetime(2025, 9, 12, 16, 19, 37, 764962)
227_452759_5,1,1.0292669575214137,94.9121043243562,405.1702395098144,false,datetime.datetime(2025, 9, 12, 16, 19, 37, 764962)
228_2473080_3,1,1.0227411997978504,2.145459522381483,15.013916127544835,false,datetime.datetime(2025, 9, 12, 16, 19, 37, 764962)
228_350975_10,1,1.033282057406525,2.284839932866708,16.175817808432853,false,datetime.datetime(2025, 9, 12, 16, 19, 37, 764962)
228_350996_3,1,1.0227810136617486,1.488710114844953,10.42592399139101,false,datetime.datetime(2025, 9, 12, 16, 19, 37, 764962)
227_558417_8,1,1.0357277219641485,2.100814611623964,14.864823545760245,false,datetime.datetime(2025, 9, 12, 16, 20, 37, 764962)
227_4589971_5,1,1.0357073275750828,0.0011763372801938297,8.466750151938109e-09,false,datetime.datetime(2025, 9, 12, 16, 20, 37, 764962)
gpc_10076_pri_mtr,1,1.0349058898812802,0.0014407457580159755,-2.7370090600983927e-08,false,datetime.datetime(2025, 9, 12, 16, 20, 37, 764962)
gpc_10080_pri_mtr,1,1.0349063412756658,0.001737995560718358,6.224349825820872e-09,false,datetime.datetime(2025, 9, 12, 16, 20, 37, 764962)
227_2664032_1,1,1.0282909002150686,97.84842820070355,475.5787774224496,false,datetime.datetime(2025, 9, 12, 16, 20, 37, 764962)
227_452771_6,1,1.0279048822254289,187.89671306468642,991.3203673523471,false,datetime.datetime(2025, 9, 12, 16, 20, 37, 764962)
227_2662741_2,1,1.0284208780582045,85.50109671854118,323.75841780530914,false,datetime.datetime(2025, 9, 12, 16, 20, 37, 764962)
227_4589977_1,1,1.0335074471937526,208.24816758711776,247.69713524023985,false,datetime.datetime(2025, 9, 12, 16, 20, 37, 764962)
227_2662739_1,1,1.0284230624791602,85.50100617238363,323.75048411995084,false,datetime.datetime(2025, 9, 12, 16, 20, 37, 764962)
227_4589970_1,1,1.0357073270638046,0.0015976519663255528,2.7078975690167305e-08,false,datetime.datetime(2025, 9, 12, 16, 20, 37, 764962)
227_4290732_20,1,1.0334873909848488,208.2482742295806,247.74357141214801,false,datetime.datetime(2025, 9, 12, 16, 20, 37, 764962)
227_452800_1,1,1.028226325835446,180.30783511819556,870.7398799700235,false,datetime.datetime(2025, 9, 12, 16, 20, 37, 764962)
227_452772_1,1,1.0279362026981078,206.51424256831118,377.07254964278894,false,datetime.datetime(2025, 9, 12, 16, 20, 37, 764962)
227_448259_7,1,1.035022134409471,5.495408555391354,39.20793668324003,false,datetime.datetime(2025, 9, 12, 16, 20, 37, 764962)
227_623392_1,1,1.0280930976267981,0.015872735671850605,0.11163225953690692,false,datetime.datetime(2025, 9, 12, 16, 20, 37, 764962)
227_2664038_2,1,1.0282925767702158,97.84850527326628,475.5899253579403,false,datetime.datetime(2025, 9, 12, 16, 20, 37, 764962)
227_452759_5,1,1.0283370039124369,99.5264864895486,493.4669950839196,false,datetime.datetime(2025, 9, 12, 16, 20, 37, 764962)
228_2473080_3,1,1.02052609852031,2.604905271999739,18.188302776536183,false,datetime.datetime(2025, 9, 12, 16, 20, 37, 764962)
228_350975_10,1,1.0323673233788775,5.2321189344338315,36.97239910018865,false,datetime.datetime(2025, 9, 12, 16, 20, 37, 764962)
228_350996_3,1,1.0205945207450786,1.5003502476953576,10.48486493447745,false,datetime.datetime(2025, 9, 12, 16, 20, 37, 764962)
227_558417_8,1,1.0353507637864516,2.3348687205381413,16.519143069016053,false,datetime.datetime(2025, 9, 12, 16, 21, 37, 764962)
227_4589971_5,1,1.03533011705602,0.0011759082314917793,1.6088212497862838e-08,false,datetime.datetime(2025, 9, 12, 16, 21, 37, 764962)
gpc_10076_pri_mtr,1,1.034511034050765,0.001440194304373523,-2.5483875543956156e-09,false,datetime.datetime(2025, 9, 12, 16, 21, 37, 764962)
gpc_10080_pri_mtr,1,1.034511508252317,0.0017373315381842178,1.3784655211624094e-08,false,datetime.datetime(2025, 9, 12, 16, 21, 37, 764962)
227_2664032_1,1,1.027931510394142,101.65219575962172,533.4914838408441,false,datetime.datetime(2025, 9, 12, 16, 21, 37, 764962)
227_452771_6,1,1.027681014886899,192.33359349164226,1057.384503940384,false,datetime.datetime(2025, 9, 12, 16, 21, 37, 764962)
227_2662741_2,1,1.0281238566371038,85.27201512597014,327.23108974000513,false,datetime.datetime(2025, 9, 12, 16, 21, 37, 764962)
227_4589977_1,1,1.0332682078513622,207.99979275887728,257.31874598096783,false,datetime.datetime(2025, 9, 12, 16, 21, 37, 764962)
227_2662739_1,1,1.0281259480338065,85.27192471293307,327.2232180700432,false,datetime.datetime(2025, 9, 12, 16, 21, 37, 764962)
227_4589970_1,1,1.0353301165449285,0.0015970687537783198,7.637019332804612e-09,false,datetime.datetime(2025, 9, 12, 16, 21, 37, 764962)
227_4290732_20,1,1.0332483992636823,207.99989926858004,257.3650689124383,false,datetime.datetime(2025, 9, 12, 16, 21, 37, 764962)
227_452800_1,1,1.027966777896583,184.43030153186407,941.770941462001,false,datetime.datetime(2025, 9, 12, 16, 21, 37, 764962)
227_452772_1,1,1.0277125641979834,206.3792020212036,383.7611401087125,false,datetime.datetime(2025, 9, 12, 16, 21, 37, 764962)
227_448259_7,1,1.03462904790413,5.572759346513197,39.69837181468626,false,datetime.datetime(2025, 9, 12, 16, 21, 37, 764962)
227_623392_1,1,1.0278686541529127,0.12704206045839922,0.8931484093853621,false,datetime.datetime(2025, 9, 12, 16, 21, 37, 764962)
227_2664038_2,1,1.027934671676787,101.65226820347357,533.5036632730511,false,datetime.datetime(2025, 9, 12, 16, 21, 37, 764962)
227_452759_5,1,1.0280050609099964,103.97956168601203,558.1606836640502,false,datetime.datetime(2025, 9, 12, 16, 21, 37, 764962)
228_2473080_3,1,1.0197182906203583,2.292205992256191,15.99304470537298,false,datetime.datetime(2025, 9, 12, 16, 21, 37, 764962)
228_350975_10,1,1.0321502155969595,3.936858471400719,27.82123679880046,false,datetime.datetime(2025, 9, 12, 16, 21, 37, 764962)
228_350996_3,1,1.019730229049335,2.0623152473786184,14.395480981852863,false,datetime.datetime(2025, 9, 12, 16, 21, 37, 764962)
227_558417_8,1,1.0372128674120777,2.4121006705923262,17.103337392378524,false,datetime.datetime(2025, 9, 12, 16, 22, 37, 764962)
227_4589971_5,1,1.0371911582604372,0.0011780181742704794,-3.563684759720192e-09,false,datetime.datetime(2025, 9, 12, 16, 22, 37, 764962)
gpc_10076_pri_mtr,1,1.0363220792189165,0.00144271188219811,-1.0292070146439251e-08,false,datetime.datetime(2025, 9, 12, 16, 22, 37, 764962)
gpc_10080_pri_mtr,1,1.036322761145272,0.0017403675051984582,1.46525895346759e-08,false,datetime.datetime(2025, 9, 12, 16, 22, 37, 764962)
227_2664032_1,1,1.0299054812423483,102.69565033514883,544.4075354238048,false,datetime.datetime(2025, 9, 12, 16, 22, 37, 764962)
227_452771_6,1,1.0297081987994605,196.013750604713,1103.7616272489006,false,datetime.datetime(2025, 9, 12, 16, 22, 37, 764962)
227_2662741_2,1,1.0301061025865856,86.11357219895638,345.8613783696713,false,datetime.datetime(2025, 9, 12, 16, 22, 37, 764962)
227_4589977_1,1,1.0352661406434018,208.13933608330157,272.86254946841854,false,datetime.datetime(2025, 9, 12, 16, 22, 37, 764962)
227_2662739_1,1,1.0301077524942188,86.11348315073764,345.8533416989697,false,datetime.datetime(2025, 9, 12, 16, 22, 37, 764962)
227_4589970_1,1,1.0371911577484276,0.001599932831113979,1.4573113490818344e-08,false,datetime.datetime(2025, 9, 12, 16, 22, 37, 764962)
227_4290732_20,1,1.0352466573463663,208.13944260095133,272.9089369944031,false,datetime.datetime(2025, 9, 12, 16, 22, 37, 764962)
227_452800_1,1,1.029972975329026,187.4648680918432,984.321786735567,false,datetime.datetime(2025, 9, 12, 16, 22, 37, 764962)
227_452772_1,1,1.0297400369418181,206.8156589905484,385.7894167317402,false,datetime.datetime(2025, 9, 12, 16, 22, 37, 764962)
227_448259_7,1,1.0364450132787653,5.709172758056142,40.65214936486755,false,datetime.datetime(2025, 9, 12, 16, 22, 37, 764962)
227_623392_1,1,1.0298964871794811,0.0475594527072939,0.33503142830886756,false,datetime.datetime(2025, 9, 12, 16, 22, 37, 764962)
227_2664038_2,1,1.0299088513715062,102.69572230014037,544.4200416094908,false,datetime.datetime(2025, 9, 12, 16, 22, 37, 764962)
227_452759_5,1,1.0299839180976358,105.51098684786034,575.8986732142823,false,datetime.datetime(2025, 9, 12, 16, 22, 37, 764962)
228_2473080_3,1,1.0250045919436868,2.778335301421192,19.48398651079037,false,datetime.datetime(2025, 9, 12, 16, 22, 37, 764962)
228_350975_10,1,1.0341736519159144,2.9745835591019665,21.074164389546628,false,datetime.datetime(2025, 9, 12, 16, 22, 37, 764962)
228_350996_3,1,1.02505320322337,1.9748493542655143,13.857384709257223,false,datetime.datetime(2025, 9, 12, 16, 22, 37, 764962)
227_558417_8,1,1.0370429882731715,2.4195054032258754,17.157038745586206,false,datetime.datetime(2025, 9, 12, 16, 23, 37, 764962)
227_4589971_5,1,1.037020923618183,0.0011778240959669636,3.813892230600341e-09,false,datetime.datetime(2025, 9, 12, 16, 23, 37, 764962)
gpc_10076_pri_mtr,1,1.0361595430149144,0.001442486388417243,-1.557291363245473e-08,false,datetime.datetime(2025, 9, 12, 16, 23, 37, 764962)
gpc_10080_pri_mtr,1,1.0361600769146528,0.0017400953853262862,1.8516895641251265e-08,false,datetime.datetime(2025, 9, 12, 16, 23, 37, 764962)
227_2664032_1,1,1.029835805686498,102.56808105494373,552.6561092226683,false,datetime.datetime(2025, 9, 12, 16, 23, 37, 764962)
227_452771_6,1,1.029647321378494,196.07499222943096,1107.929950596145,false,datetime.datetime(2025, 9, 12, 16, 23, 37, 764962)
227_2662741_2,1,1.0300377483775887,86.54387601335169,354.6053113016972,false,datetime.datetime(2025, 9, 12, 16, 23, 37, 764962)
227_4589977_1,1,1.035140382718618,208.06114930026405,277.24281922389844,false,datetime.datetime(2025, 9, 12, 16, 23, 37, 764962)
227_2662739_1,1,1.0300391734510441,86.5437878153765,354.59718457401027,false,datetime.datetime(2025, 9, 12, 16, 23, 37, 764962)
227_4589970_1,1,1.0370209231062575,0.001599672928034044,5.4297286857386395e-09,false,datetime.datetime(2025, 9, 12, 16, 23, 37, 764962)
227_4290732_20,1,1.0351210141343354,208.06125572996567,277.2891756994627,false,datetime.datetime(2025, 9, 12, 16, 23, 37, 764962)
227_452800_1,1,1.0299097623450277,187.48949637205678,988.207510213612,false,datetime.datetime(2025, 9, 12, 16, 23, 37, 764962)
227_452772_1,1,1.0296788412157454,206.68689614806902,401.7217926264059,false,datetime.datetime(2025, 9, 12, 16, 23, 37, 764962)
227_448259_7,1,1.0362776107818965,5.543000900175463,39.49243162455657,false,datetime.datetime(2025, 9, 12, 16, 23, 37, 764962)
227_623392_1,1,1.0298337022718238,0.015845772573017808,0.11163161872005953,false,datetime.datetime(2025, 9, 12, 16, 23, 37, 764962)
227_2664038_2,1,1.0298393892374496,102.56815224103076,552.668503350669,false,datetime.datetime(2025, 9, 12, 16, 23, 37, 764962)
227_452759_5,1,1.0299173960841141,105.05066085359142,580.5813627644711,false,datetime.datetime(2025, 9, 12, 16, 23, 37, 764962)
228_2473080_3,1,1.025117982334189,2.5799270175725924,18.09504776490284,false,datetime.datetime(2025, 9, 12, 16, 23, 37, 764962)
228_350975_10,1,1.0340433534243822,5.226930366597831,37.00063886203306,false,datetime.datetime(2025, 9, 12, 16, 23, 37, 764962)
228_350996_3,1,1.0251648672723126,1.80765794162065,12.68661997429304,false,datetime.datetime(2025, 9, 12, 16, 23, 37, 764962)
227_558417_8,1,1.0370072787782443,2.5035483237468994,17.749020689372074,false,datetime.datetime(2025, 9, 12, 16, 24, 37, 764962)
227_4589971_5,1,1.0369859364566187,0.0011777795926517683,2.2940106506650037e-08,false,datetime.datetime(2025, 9, 12, 16, 24, 37, 764962)
gpc_10076_pri_mtr,1,1.0361894225520918,0.0014425211999161555,-1.296081192905788e-08,false,datetime.datetime(2025, 9, 12, 16, 24, 37, 764962)
gpc_10080_pri_mtr,1,1.0361896771673509,0.0017401382883347092,1.3083805240705952e-08,false,datetime.datetime(2025, 9, 12, 16, 24, 37, 764962)
227_2664032_1,1,1.0298649509615314,103.47990123797314,552.8892601565462,false,datetime.datetime(2025, 9, 12, 16, 24, 37, 764962)
227_452771_6,1,1.0296714652646595,195.80614341130985,1100.219690603853,false,datetime.datetime(2025, 9, 12, 16, 24, 37, 764962)
227_2662741_2,1,1.0300696874275008,86.31114954888785,348.6971461331765,false,datetime.datetime(2025, 9, 12, 16, 24, 37, 764962)
227_4589977_1,1,1.035165341525038,207.9905187979883,283.5209158016488,false,datetime.datetime(2025, 9, 12, 16, 24, 37, 764962)
227_2662739_1,1,1.0300712639547065,86.3110608122039,348.6890656202061,false,datetime.datetime(2025, 9, 12, 16, 24, 37, 764962)
227_4589970_1,1,1.0369859359447091,0.0015996120913761565,1.0892898822542304e-08,false,datetime.datetime(2025, 9, 12, 16, 24, 37, 764962)
227_4290732_20,1,1.0351461313538592,207.99062511640872,283.56724870174713,false,datetime.datetime(2025, 9, 12, 16, 24, 37, 764962)
227_452800_1,1,1.0299378095183152,187.56782064853488,984.9575863506942,false,datetime.datetime(2025, 9, 12, 16, 24, 37, 764962)
227_452772_1,1,1.0297029706394956,206.74811836133804,400.2975627334223,false,datetime.datetime(2025, 9, 12, 16, 24, 37, 764962)
227_448259_7,1,1.0362931850612365,4.978748327919992,35.48648782211782,false,datetime.datetime(2025, 9, 12, 16, 24, 37, 764962)
227_623392_1,1,1.0298579783635855,0.015845415361254177,0.11163192992140522,false,datetime.datetime(2025, 9, 12, 16, 24, 37, 764962)
227_2664038_2,1,1.02986853906963,103.47997264582722,552.9020214918344,false,datetime.datetime(2025, 9, 12, 16, 24, 37, 764962)
227_452759_5,1,1.0299466495176461,106.20011047355145,581.220444527031,false,datetime.datetime(2025, 9, 12, 16, 24, 37, 764962)
228_2473080_3,1,1.0244736181731084,2.734925735427552,19.16968106888625,false,datetime.datetime(2025, 9, 12, 16, 24, 37, 764962)
228_350975_10,1,1.0340869192733342,3.5387170397514804,25.061401581969278,false,datetime.datetime(2025, 9, 12, 16, 24, 37, 764962)
228_350996_3,1,1.0245395537766995,1.6683034772749619,11.70227691354885,false,datetime.datetime(2025, 9, 12, 16, 24, 37, 764962)
227_558417_8,1,1.037389574935743,2.333965051622577,16.545560781363122,false,datetime.datetime(2025, 9, 12, 16, 25, 37, 764962)
227_4589971_5,1,1.03736822078883,0.001178218120320802,3.4773087072965497e-09,false,datetime.datetime(2025, 9, 12, 16, 25, 37, 764962)
gpc_10076_pri_mtr,1,1.036585497051128,0.001443074715314536,-6.315363530921291e-09,false,datetime.datetime(2025, 9, 12, 16, 25, 37, 764962)
gpc_10080_pri_mtr,1,1.0365860442882127,0.0017408065462896766,7.034017981328477e-09,false,datetime.datetime(2025, 9, 12, 16, 25, 37, 764962)
227_2664032_1,1,1.0301631564948661,101.68574662265718,529.9682907716849,false,datetime.datetime(2025, 9, 12, 16, 25, 37, 764962)
227_452771_6,1,1.0298980727406466,191.7542636914479,1047.2697471053102,false,datetime.datetime(2025, 9, 12, 16, 25, 37, 764962)
227_2662741_2,1,1.0303517271591547,85.74174959368702,327.5232420842586,false,datetime.datetime(2025, 9, 12, 16, 25, 37, 764962)
227_4589977_1,1,1.035454512448761,208.197218142826,275.8962939802335,false,datetime.datetime(2025, 9, 12, 16, 25, 37, 764962)
227_2662739_1,1,1.0303538470210902,85.74165906268783,327.51526542359795,false,datetime.datetime(2025, 9, 12, 16, 25, 37, 764962)
227_4589970_1,1,1.0373682202767325,0.0016002049516232264,7.527757789157864e-09,false,datetime.datetime(2025, 9, 12, 16, 25, 37, 764962)
227_4290732_20,1,1.0354350959240577,208.19732460853135,275.94271547608054,false,datetime.datetime(2025, 9, 12, 16, 25, 37, 764962)
227_452800_1,1,1.0301919296900897,184.6262235134068,942.2055019544438,false,datetime.datetime(2025, 9, 12, 16, 25, 37, 764962)
227_452772_1,1,1.0299297233575182,206.98800764068767,380.27781110031106,false,datetime.datetime(2025, 9, 12, 16, 25, 37, 764962)
227_448259_7,1,1.0366966292588475,5.196337187746613,37.01114758216663,false,datetime.datetime(2025, 9, 12, 16, 25, 37, 764962)
227_623392_1,1,1.0300867178355262,0.12664072563621295,0.8922470237347425,false,datetime.datetime(2025, 9, 12, 16, 25, 37, 764962)
227_2664038_2,1,1.0301661521861856,101.68581970254634,529.9805068861174,false,datetime.datetime(2025, 9, 12, 16, 25, 37, 764962)
227_452759_5,1,1.0302343556729436,104.33657092360535,558.0282647978931,false,datetime.datetime(2025, 9, 12, 16, 25, 37, 764962)
228_2473080_3,1,1.0255889650578793,2.447717989212531,17.176011667262866,false,datetime.datetime(2025, 9, 12, 16, 25, 37, 764962)
228_350975_10,1,1.0343678910697163,2.6440328714030623,18.73974280294819,false,datetime.datetime(2025, 9, 12, 16, 25, 37, 764962)
228_350996_3,1,1.0256016554566794,2.1963965402402787,15.418858923719558,false,datetime.datetime(2025, 9, 12, 16, 25, 37, 764962)
227_558417_8,1,1.037213208126234,2.1124383055260565,14.988462740519026,false,datetime.datetime(2025, 9, 12, 16, 26, 37, 764962)
227_4589971_5,1,1.0371947016491438,0.0011780211201034385,-3.823568834231543e-09,false,datetime.datetime(2025, 9, 12, 16, 26, 37, 764962)
gpc_10076_pri_mtr,1,1.0364227287072667,0.0014428507835578478,-3.01851877301101e-08,false,datetime.datetime(2025, 9, 12, 16, 26, 37, 764962)
gpc_10080_pri_mtr,1,1.036423312671439,0.0017405362290354794,9.639633601914283e-09,false,datetime.datetime(2025, 9, 12, 16, 26, 37, 764962)
227_2664032_1,1,1.029924974876159,102.42984210956266,561.3949803526284,false,datetime.datetime(2025, 9, 12, 16, 26, 37, 764962)
227_452771_6,1,1.029715110221292,193.02181376931316,1062.242875717882,false,datetime.datetime(2025, 9, 12, 16, 26, 37, 764962)
227_2662741_2,1,1.0301407622797825,86.65825342735378,335.210807585172,false,datetime.datetime(2025, 9, 12, 16, 26, 37, 764962)
227_4589977_1,1,1.0351956791067694,208.35137693347363,265.07448836890586,false,datetime.datetime(2025, 9, 12, 16, 26, 37, 764962)
227_2662739_1,1,1.0301426815529189,86.65816396527379,335.20261008240266,false,datetime.datetime(2025, 9, 12, 16, 26, 37, 764962)
227_4589970_1,1,1.0371947011371303,0.0015999388660858558,7.642988069197742e-09,false,datetime.datetime(2025, 9, 12, 16, 26, 37, 764962)
227_4290732_20,1,1.0351759993398768,208.35148350852546,265.12097809218994,false,datetime.datetime(2025, 9, 12, 16, 26, 37, 764962)
227_452800_1,1,1.02999934984946,186.72304565053577,971.8617246986104,false,datetime.datetime(2025, 9, 12, 16, 26, 37, 764962)
227_452772_1,1,1.029745867354766,206.6583736454529,425.8432184031359,false,datetime.datetime(2025, 9, 12, 16, 26, 37, 764962)
227_448259_7,1,1.036534049229734,5.182295351089062,37.00412792545886,false,datetime.datetime(2025, 9, 12, 16, 26, 37, 764962)
227_623392_1,1,1.029898313505919,0.04768829005975432,0.3359378925307198,false,datetime.datetime(2025, 9, 12, 16, 26, 37, 764962)
227_2664038_2,1,1.0299287850200496,102.42991229417916,561.4072153745506,false,datetime.datetime(2025, 9, 12, 16, 26, 37, 764962)
227_452759_5,1,1.0300101311298746,104.851377044981,586.7101955039202,false,datetime.datetime(2025, 9, 12, 16, 26, 37, 764962)
228_2473080_3,1,1.0250104884710207,2.233843822872132,15.666866284381454,false,datetime.datetime(2025, 9, 12, 16, 26, 37, 764962)
228_350975_10,1,1.0340598319542358,8.503823962499652,60.1760267275714,false,datetime.datetime(2025, 9, 12, 16, 26, 37, 764962)
228_350996_3,1,1.0250141254734544,2.1256590748185853,14.914112215780298,false,datetime.datetime(2025, 9, 12, 16, 26, 37, 764962)
227_558417_8,1,1.038033573821071,1.6974677016624615,12.05301022663743,false,datetime.datetime(2025, 9, 12, 16, 27, 37, 764962)
227_4589971_5,1,1.038024055909297,0.0011789630652463312,6.948697721244985e-11,false,datetime.datetime(2025, 9, 12, 16, 27, 37, 764962)
gpc_10076_pri_mtr,1,1.0373228013856617,0.001444102451319415,-3.481214803778581e-08,false,datetime.datetime(2025, 9, 12, 16, 27, 37, 764962)
gpc_10080_pri_mtr,1,1.0373230825243318,0.001742043980566042,1.7278235566297174e-08,false,datetime.datetime(2025, 9, 12, 16, 27, 37, 764962)
227_2664032_1,1,1.0306933558825968,98.06894800340544,492.80703858468144,false,datetime.datetime(2025, 9, 12, 16, 27, 37, 764962)
227_452771_6,1,1.0302928170487997,184.460068140575,934.4159686216489,false,datetime.datetime(2025, 9, 12, 16, 27, 37, 764962)
227_2662741_2,1,1.0308501803206604,85.13775327853307,302.70010285825,false,datetime.datetime(2025, 9, 12, 16, 27, 37, 764962)
227_4589977_1,1,1.0359243214476672,208.79735661455513,254.40384119655246,false,datetime.datetime(2025, 9, 12, 16, 27, 37, 764962)
227_2662739_1,1,1.030852941070484,85.13766071189217,302.6922392438196,false,datetime.datetime(2025, 9, 12, 16, 27, 37, 764962)
227_4589970_1,1,1.0380240553968754,0.0016012186202388722,-2.6041953745544296e-09,false,datetime.datetime(2025, 9, 12, 16, 27, 37, 764962)
227_4290732_20,1,1.0359043448271694,208.79746336638402,254.4505374983862,false,datetime.datetime(2025, 9, 12, 16, 27, 37, 764962)
227_452800_1,1,1.0306445777929965,179.90603196119517,858.6799069812896,false,datetime.datetime(2025, 9, 12, 16, 27, 37, 764962)
227_452772_1,1,1.0303241884964665,207.31320418101546,364.53380923092635,false,datetime.datetime(2025, 9, 12, 16, 27, 37, 764962)
227_448259_7,1,1.0374173856510984,4.515206083837512,32.23785305050762,false,datetime.datetime(2025, 9, 12, 16, 27, 37, 764962)
227_623392_1,1,1.0304829838095033,0.015835887224321513,0.11163250733571344,false,datetime.datetime(2025, 9, 12, 16, 27, 37, 764962)
227_2664038_2,1,1.0306953965084522,98.06902401384383,492.81816448513854,false,datetime.datetime(2025, 9, 12, 16, 27, 37, 764962)
227_452759_5,1,1.0307472508896927,100.30496520858048,518.246598917807,false,datetime.datetime(2025, 9, 12, 16, 27, 37, 764962)
228_2473080_3,1,1.026900515583778,2.321314126097101,16.310132832103253,false,datetime.datetime(2025, 9, 12, 16, 27, 37, 764962)
228_350975_10,1,1.0347887685858674,4.741980705093402,33.59443350939014,false,datetime.datetime(2025, 9, 12, 16, 27, 37, 764962)
228_350996_3,1,1.026950457060709,1.5030800124260433,10.569404029852066,false,datetime.datetime(2025, 9, 12, 16, 27, 37, 764962)
227_558417_8,1,1.0385757665358657,1.2766110898858924,9.050361916343928,false,datetime.datetime(2025, 9, 12, 16, 28, 37, 764962)
227_4589971_5,1,1.0385690240932164,0.001179573755485231,1.4068239854364955e-08,false,datetime.datetime(2025, 9, 12, 16, 28, 37, 764962)
gpc_10076_pri_mtr,1,1.0379193070135955,0.001444924146162395,-4.101596410302716e-09,false,datetime.datetime(2025, 9, 12, 16, 28, 37, 764962)
gpc_10080_pri_mtr,1,1.0379196353979836,0.0017430390477967007,1.891701416949302e-08,false,datetime.datetime(2025, 9, 12, 16, 28, 37, 764962)
227_2664032_1,1,1.031152546698088,95.34584242894846,445.23586543372375,false,datetime.datetime(2025, 9, 12, 16, 28, 37, 764962)
227_452771_6,1,1.0306288407459465,179.8932254725,858.7231476817302,false,datetime.datetime(2025, 9, 12, 16, 28, 37, 764962)
227_2662741_2,1,1.031266040751772,84.53417128624262,288.1183467522228,false,datetime.datetime(2025, 9, 12, 16, 28, 37, 764962)
227_4589977_1,1,1.0363544010701065,209.23923550446438,244.84357865034735,false,datetime.datetime(2025, 9, 12, 16, 28, 37, 764962)
227_2662739_1,1,1.0312691805750178,84.53407730836139,288.1106133406956,false,datetime.datetime(2025, 9, 12, 16, 28, 37, 764962)
227_4589970_1,1,1.0385690235805252,0.0016020509762189141,-5.294330548442981e-10,false,datetime.datetime(2025, 9, 12, 16, 28, 37, 764962)
227_4290732_20,1,1.0363341636370043,209.2393423415337,244.89048953071813,false,datetime.datetime(2025, 9, 12, 16, 28, 37, 764962)
227_452800_1,1,1.0310208804203465,176.1883459947112,788.8361343262754,false,datetime.datetime(2025, 9, 12, 16, 28, 37, 764962)
227_452772_1,1,1.0306605437560157,208.01533224002068,330.02273218510527,false,datetime.datetime(2025, 9, 12, 16, 28, 37, 764962)
227_448259_7,1,1.038003488202983,3.9827349517084407,28.419516076748742,false,datetime.datetime(2025, 9, 12, 16, 28, 37, 764962)
227_623392_1,1,1.0308228161945796,0.126453213207477,0.8915638675217112,false,datetime.datetime(2025, 9, 12, 16, 28, 37, 764962)
227_2664038_2,1,1.031153363803932,95.34592218956432,445.24628697655464,false,datetime.datetime(2025, 9, 12, 16, 28, 37, 764962)
227_452759_5,1,1.0311850177796755,97.67582141951853,471.8625228516065,false,datetime.datetime(2025, 9, 12, 16, 28, 37, 764962)
228_2473080_3,1,1.0281421789533525,2.230667938294407,15.692440340842788,false,datetime.datetime(2025, 9, 12, 16, 28, 37, 764962)
228_350975_10,1,1.0352125528984215,2.8145228655745864,19.961826738820513,false,datetime.datetime(2025, 9, 12, 16, 28, 37, 764962)
228_350996_3,1,1.0281970670198215,1.338961083282654,9.428092629014772,false,datetime.datetime(2025, 9, 12, 16, 28, 37, 764962)
227_558417_8,1,1.0385225105190325,0.8411358340124852,5.9638274969201674,false,datetime.datetime(2025, 9, 12, 16, 29, 37, 764962)
227_4589971_5,1,1.0385184256301996,0.0011795234260002215,1.9163515967148638e-09,false,datetime.datetime(2025, 9, 12, 16, 29, 37, 764962)
gpc_10076_pri_mtr,1,1.0378486350807712,0.0014448331319386583,-1.0494256239280524e-08,false,datetime.datetime(2025, 9, 12, 16, 29, 37, 764962)
gpc_10080_pri_mtr,1,1.0378488714259577,0.0017429265478884765,1.8620102030061613e-08,false,datetime.datetime(2025, 9, 12, 16, 29, 37, 764962)
227_2664032_1,1,1.0310569100737481,94.69328641071257,451.3174810009169,false,datetime.datetime(2025, 9, 12, 16, 29, 37, 764962)
227_452771_6,1,1.0305470739553977,180.5257475670975,867.5278732212563,false,datetime.datetime(2025, 9, 12, 16, 29, 37, 764962)
227_2662741_2,1,1.0311764565798935,84.93080209847875,289.2536034514271,false,datetime.datetime(2025, 9, 12, 16, 29, 37, 764962)
227_4589977_1,1,1.0362407900261852,209.2737330740099,240.5110603786623,false,datetime.datetime(2025, 9, 12, 16, 29, 37, 764962)
227_2662739_1,1,1.031179564975788,84.93070852334482,289.2457761164809,false,datetime.datetime(2025, 9, 12, 16, 29, 37, 764962)
227_4589970_1,1,1.0385184251175332,0.0016019788052476331,5.355228340648478e-09,false,datetime.datetime(2025, 9, 12, 16, 29, 37, 764962)
227_4290732_20,1,1.0362204486119984,209.27383997476954,240.55798013689335,false,datetime.datetime(2025, 9, 12, 16, 29, 37, 764962)
227_452800_1,1,1.0309344482405258,176.45998981200498,792.886039027935,false,datetime.datetime(2025, 9, 12, 16, 29, 37, 764962)
227_452772_1,1,1.0305784231190145,207.67200675201315,348.73230816310866,false,datetime.datetime(2025, 9, 12, 16, 29, 37, 764962)
227_448259_7,1,1.0379395365464696,4.356528333004093,31.125978980982477,false,datetime.datetime(2025, 9, 12, 16, 29, 37, 764962)
227_623392_1,1,1.030738864366015,0.047745798680928486,0.3366185546060749,false,datetime.datetime(2025, 9, 12, 16, 29, 37, 764962)
227_2664038_2,1,1.0310578893987417,94.69336574727629,451.3276623501788,false,datetime.datetime(2025, 9, 12, 16, 29, 37, 764962)
227_452759_5,1,1.0310923030751296,97.02892567654797,478.0450185154699,false,datetime.datetime(2025, 9, 12, 16, 29, 37, 764962)
228_2473080_3,1,1.027755944259822,2.3312119001229488,16.393287847390972,false,datetime.datetime(2025, 9, 12, 16, 29, 37, 764962)
228_350975_10,1,1.0350807903598842,5.068630415261694,35.91656936966855,false,datetime.datetime(2025, 9, 12, 16, 29, 37, 764962)
228_350996_3,1,1.0278234051834934,1.2483736300749073,8.787822583555746,false,datetime.datetime(2025, 9, 12, 16, 29, 37, 764962)
227_558417_8,1,1.0389981129946324,0.5235076265172037,3.6977387403858444,false,datetime.datetime(2025, 9, 12, 16, 30, 37, 764962)
227_4589971_5,1,1.038995745721845,0.0011800644082983044,5.490090479689621e-09,false,datetime.datetime(2025, 9, 12, 16, 30, 37, 764962)
gpc_10076_pri_mtr,1,1.038387923872673,0.0014455834784211897,-1.4660886387450484e-08,false,datetime.datetime(2025, 9, 12, 16, 30, 37, 764962)
gpc_10080_pri_mtr,1,1.0383880590737464,0.0017438332947136747,2.1466582157968927e-09,false,datetime.datetime(2025, 9, 12, 16, 30, 37, 764962)
227_2664032_1,1,1.0312314689048627,95.74673339698826,457.9736841428436,false,datetime.datetime(2025, 9, 12, 16, 30, 37, 764962)
227_452771_6,1,1.0307005336882609,179.53842147555378,843.5655979457374,false,datetime.datetime(2025, 9, 12, 16, 30, 37, 764962)
227_2662741_2,1,1.031365067265314,83.71858918890753,260.51840816277445,false,datetime.datetime(2025, 9, 12, 16, 30, 37, 764962)
227_4589977_1,1,1.036484429186295,209.81991624479735,219.10975865615725,false,datetime.datetime(2025, 9, 12, 16, 30, 37, 764962)
227_2662739_1,1,1.0313689109250148,83.7184929115015,260.5108416676884,false,datetime.datetime(2025, 9, 12, 16, 30, 37, 764962)
227_4589970_1,1,1.0389957452089433,0.00160271539771475,-2.5131184640265873e-09,false,datetime.datetime(2025, 9, 12, 16, 30, 37, 764962)
227_4290732_20,1,1.0364635350882223,209.82002342638327,219.15691902197534,false,datetime.datetime(2025, 9, 12, 16, 30, 37, 764962)
227_452800_1,1,1.0311010437556392,175.61782573467087,767.6323232562481,false,datetime.datetime(2025, 9, 12, 16, 30, 37, 764962)
227_452772_1,1,1.030732317730898,208.05780363250676,322.5810286731468,false,datetime.datetime(2025, 9, 12, 16, 30, 37, 764962)
227_448259_7,1,1.0384687540499857,3.91332066009373,27.97190054036436,false,datetime.datetime(2025, 9, 12, 16, 30, 37, 764962)
227_623392_1,1,1.030895485871546,0.015829605661977258,0.11163326646155766,false,datetime.datetime(2025, 9, 12, 16, 30, 37, 764962)
227_2664038_2,1,1.031232611773736,95.7468122241911,457.98418717249075,false,datetime.datetime(2025, 9, 12, 16, 30, 37, 764962)
227_452759_5,1,1.0312694099648905,97.88606352776499,482.9272786774307,false,datetime.datetime(2025, 9, 12, 16, 30, 37, 764962)
228_2473080_3,1,1.0276130268324748,2.1241952991551765,14.935951241337243,false,datetime.datetime(2025, 9, 12, 16, 30, 37, 764962)
228_350975_10,1,1.0352856739639564,5.902138811338128,41.82564182069881,false,datetime.datetime(2025, 9, 12, 16, 30, 37, 764962)
228_350996_3,1,1.0276398258913786,1.6637977471746017,11.706072469541827,false,datetime.datetime(2025, 9, 12, 16, 30, 37, 764962)
227_558417_8,1,1.0373237700111022,0.5829354004325367,4.1193670073621345,false,datetime.datetime(2025, 9, 12, 16, 31, 37, 764962)
227_4589971_5,1,1.0373201415635842,0.0011781636105815197,1.058213149084038e-08,false,datetime.datetime(2025, 9, 12, 16, 31, 37, 764962)
gpc_10076_pri_mtr,1,1.0367076895257157,0.0014432453084533155,-1.3131358416295903e-08,false,datetime.datetime(2025, 9, 12, 16, 31, 37, 764962)
gpc_10080_pri_mtr,1,1.036707991724746,0.0017410145951427987,7.314644616939083e-09,false,datetime.datetime(2025, 9, 12, 16, 31, 37, 764962)
227_2664032_1,1,1.0295489190042681,93.18655836811911,412.7404125817586,false,datetime.datetime(2025, 9, 12, 16, 31, 37, 764962)
227_452771_6,1,1.0288833371970643,174.11807020048383,744.9320317475974,false,datetime.datetime(2025, 9, 12, 16, 31, 37, 764962)
227_2662741_2,1,1.0296487561526584,82.84692271518334,223.96282333768534,false,datetime.datetime(2025, 9, 12, 16, 31, 37, 764962)
227_4589977_1,1,1.034723895404013,209.62205109632384,211.1029423863758,false,datetime.datetime(2025, 9, 12, 16, 31, 37, 764962)
227_2662739_1,1,1.0296535051723328,82.84682385733753,223.95542966521668,false,datetime.datetime(2025, 9, 12, 16, 31, 37, 764962)
227_4589970_1,1,1.0373201410515094,0.0016001328003020054,1.086701459646129e-08,false,datetime.datetime(2025, 9, 12, 16, 31, 37, 764962)
227_4290732_20,1,1.0347028505240434,209.6221582118053,211.1500046820898,false,datetime.datetime(2025, 9, 12, 16, 31, 37, 764962)
227_452800_1,1,1.029332721994388,171.50172595711422,682.3178132017287,false,datetime.datetime(2025, 9, 12, 16, 31, 37, 764962)
227_452772_1,1,1.0289149275863245,208.00249138654672,303.1774264373144,false,datetime.datetime(2025, 9, 12, 16, 31, 37, 764962)
227_448259_7,1,1.036793685273021,4.087162100481082,29.1808082679664,false,datetime.datetime(2025, 9, 12, 16, 31, 37, 764962)
227_623392_1,1,1.0290795687010226,0.1265706065120141,0.8908824231331773,false,datetime.datetime(2025, 9, 12, 16, 31, 37, 764962)
227_2664038_2,1,1.0295489620636995,93.18664047020086,412.7502650411237,false,datetime.datetime(2025, 9, 12, 16, 31, 37, 764962)
227_452759_5,1,1.0295670213759458,95.01495356509665,435.35959931155196,false,datetime.datetime(2025, 9, 12, 16, 31, 37, 764962)
228_2473080_3,1,1.023125718091469,2.544920409602301,17.814868831047885,false,datetime.datetime(2025, 9, 12, 16, 31, 37, 764962)
228_350975_10,1,1.033525680456286,3.960749622074298,28.025793241404763,false,datetime.datetime(2025, 9, 12, 16, 31, 37, 764962)
228_350996_3,1,1.0231926563667288,1.463781194688515,10.25564380570068,false,datetime.datetime(2025, 9, 12, 16, 31, 37, 764962)
227_558417_8,1,1.0370047009001915,0.4969831549257907,3.499316919447333,false,datetime.datetime(2025, 9, 12, 16, 32, 37, 764962)
227_4589971_5,1,1.0370021732115873,0.0011778180423957629,1.97073515530135e-09,false,datetime.datetime(2025, 9, 12, 16, 32, 37, 764962)
gpc_10076_pri_mtr,1,1.036405197585471,0.0014428460416580722,-2.733853280281735e-08,false,datetime.datetime(2025, 9, 12, 16, 32, 37, 764962)
gpc_10080_pri_mtr,1,1.0364055539209625,0.0017405281865090307,2.705017399685943e-08,false,datetime.datetime(2025, 9, 12, 16, 32, 37, 764962)
227_2664032_1,1,1.0290792266374977,90.9060150731859,400.92764749707953,false,datetime.datetime(2025, 9, 12, 16, 32, 37, 764962)
227_452771_6,1,1.0285284686911584,177.46627186398132,861.6742513101865,false,datetime.datetime(2025, 9, 12, 16, 32, 37, 764962)
227_2662741_2,1,1.0291258169462647,88.9953988705168,359.3565032143604,false,datetime.datetime(2025, 9, 12, 16, 32, 37, 764962)
227_4589977_1,1,1.0343496074320602,209.73052731217587,202.61795370187718,false,datetime.datetime(2025, 9, 12, 16, 32, 37, 764962)
227_2662739_1,1,1.0291270929860843,88.99531275897263,359.34777936351065,false,datetime.datetime(2025, 9, 12, 16, 32, 37, 764962)
227_4589970_1,1,1.0370021726996768,0.0015996656065721305,9.876570504746965e-09,false,datetime.datetime(2025, 9, 12, 16, 32, 37, 764962)
227_4290732_20,1,1.0343283609883862,209.73063447937344,202.66505622473966,false,datetime.datetime(2025, 9, 12, 16, 32, 37, 764962)
227_452800_1,1,1.028914521460966,174.46501808421635,804.5067775276016,false,datetime.datetime(2025, 9, 12, 16, 32, 37, 764962)
227_452772_1,1,1.0285605984563444,207.8059000535476,307.83839269883293,false,datetime.datetime(2025, 9, 12, 16, 32, 37, 764962)
227_448259_7,1,1.0364888577221227,3.9600128843792692,28.157123438744026,false,datetime.datetime(2025, 9, 12, 16, 32, 37, 764962)
227_623392_1,1,1.0287247109347992,0.047936398574272315,0.33729945365312775,false,datetime.datetime(2025, 9, 12, 16, 32, 37, 764962)
227_2664038_2,1,1.029078964720591,90.90609841654417,400.93686305637686,false,datetime.datetime(2025, 9, 12, 16, 32, 37, 764962)
227_452759_5,1,1.0290922998738399,92.82721198275281,424.9108552946227,false,datetime.datetime(2025, 9, 12, 16, 32, 37, 764962)
228_2473080_3,1,1.0302762768836693,2.3094210122287513,16.279976587083695,false,datetime.datetime(2025, 9, 12, 16, 32, 37, 764962)
228_350975_10,1,1.0331258992805614,6.4728911526523865,45.78182081137004,false,datetime.datetime(2025, 9, 12, 16, 32, 37, 764962)
228_350996_3,1,1.030350024648159,1.1296927393136356,7.973132885793628,false,datetime.datetime(2025, 9, 12, 16, 32, 37, 764962)
227_558417_8,1,1.0381313255067226,0.4606134940221682,3.246367856613244,false,datetime.datetime(2025, 9, 12, 16, 33, 37, 764962)
227_4589971_5,1,1.0381292474663781,0.0011790999049156575,5.846341370185881e-09,false,datetime.datetime(2025, 9, 12, 16, 33, 37, 764962)
gpc_10076_pri_mtr,1,1.0375262097808544,0.0014444048737530541,-1.2558065624459711e-08,false,datetime.datetime(2025, 9, 12, 16, 33, 37, 764962)
gpc_10080_pri_mtr,1,1.0375266934509788,0.0017424093843939055,1.0675054764235575e-08,false,datetime.datetime(2025, 9, 12, 16, 33, 37, 764962)
227_2664032_1,1,1.0301119761860078,87.90092010846055,339.02371126072273,false,datetime.datetime(2025, 9, 12, 16, 33, 37, 764962)
227_452771_6,1,1.0292820180334221,169.03908255233952,660.8256249372457,false,datetime.datetime(2025, 9, 12, 16, 33, 37, 764962)
227_2662741_2,1,1.0301338034969343,82.53850426802147,223.87044758284026,false,datetime.datetime(2025, 9, 12, 16, 33, 37, 764962)
227_4589977_1,1,1.0352545537994762,210.45985952557055,179.89816450747975,false,datetime.datetime(2025, 9, 12, 16, 33, 37, 764962)
227_2662739_1,1,1.030138557535656,82.5384050542626,223.86312746771932,false,datetime.datetime(2025, 9, 12, 16, 33, 37, 764962)
227_4589970_1,1,1.0381292469539098,0.0016014025184737128,-3.4691472436406033e-09,false,datetime.datetime(2025, 9, 12, 16, 33, 37, 764962)
227_4290732_20,1,1.0352327057853892,210.4599670453931,179.9455845354883,false,datetime.datetime(2025, 9, 12, 16, 33, 37, 764962)
227_452800_1,1,1.029776066767887,167.093608321626,599.8274842496353,false,datetime.datetime(2025, 9, 12, 16, 33, 37, 764962)
227_452772_1,1,1.029314094169285,208.84563429843598,258.67055332116,false,datetime.datetime(2025, 9, 12, 16, 33, 37, 764962)
227_448259_7,1,1.0376087760014512,3.8351780312640735,27.376805105867277,false,datetime.datetime(2025, 9, 12, 16, 33, 37, 764962)
227_623392_1,1,1.029483367976205,0.01585125772491388,0.1116321462590066,false,datetime.datetime(2025, 9, 12, 16, 33, 37, 764962)
227_2664038_2,1,1.0301101252831957,87.9010087772566,339.03222194443197,false,datetime.datetime(2025, 9, 12, 16, 33, 37, 764962)
227_452759_5,1,1.0300958092671937,89.11992570414905,356.69963570622485,false,datetime.datetime(2025, 9, 12, 16, 33, 37, 764962)
228_2473080_3,1,1.0288002368002451,1.986162332657794,13.981985286252755,false,datetime.datetime(2025, 9, 12, 16, 33, 37, 764962)
228_350975_10,1,1.0340039924457882,4.536826363911782,32.1248141840335,false,datetime.datetime(2025, 9, 12, 16, 33, 37, 764962)
228_350996_3,1,1.0288659650261698,0.9429996222371438,6.647828307240905,false,datetime.datetime(2025, 9, 12, 16, 33, 37, 764962)
227_558417_8,1,1.0385539137034663,0.4599518931146602,3.2463902909548157,false,datetime.datetime(2025, 9, 12, 16, 34, 37, 764962)
227_4589971_5,1,1.0385518367126025,0.0011795770015681543,2.136251627719862e-08,false,datetime.datetime(2025, 9, 12, 16, 34, 37, 764962)
gpc_10076_pri_mtr,1,1.0379706620441687,0.0014450217978150325,-1.5536984119892865e-08,false,datetime.datetime(2025, 9, 12, 16, 34, 37, 764962)
gpc_10080_pri_mtr,1,1.0379711824288875,0.0017431526712679655,2.231789951062577e-08,false,datetime.datetime(2025, 9, 12, 16, 34, 37, 764962)
227_2664032_1,1,1.0306095257666035,86.72632220848253,300.8215747353436,false,datetime.datetime(2025, 9, 12, 16, 34, 37, 764962)
227_452771_6,1,1.0296281098899855,166.94444771855325,553.0723152049447,false,datetime.datetime(2025, 9, 12, 16, 34, 37, 764962)
227_2662741_2,1,1.0306099140648184,82.2533943053226,160.7999065522721,false,datetime.datetime(2025, 9, 12, 16, 34, 37, 764962)
227_4589977_1,1,1.0356352417965304,210.501486116681,177.0947359745668,false,datetime.datetime(2025, 9, 12, 16, 34, 37, 764962)
227_2662739_1,1,1.0306162836380348,82.25329100353541,160.79264592557053,false,datetime.datetime(2025, 9, 12, 16, 34, 37, 764962)
227_4589970_1,1,1.0385518361999246,0.0016020510313570064,1.7011215179760434e-08,false,datetime.datetime(2025, 9, 12, 16, 34, 37, 764962)
227_4290732_20,1,1.0356133247060162,210.5015937054876,177.1421744744539,false,datetime.datetime(2025, 9, 12, 16, 34, 37, 764962)
227_452800_1,1,1.0301796297066772,165.79867743089156,496.33859249390827,false,datetime.datetime(2025, 9, 12, 16, 34, 37, 764962)
227_452772_1,1,1.0296597737064646,209.0131695890766,249.0815113495074,false,datetime.datetime(2025, 9, 12, 16, 34, 37, 764962)
227_448259_7,1,1.0380487730714494,3.598369709840571,25.707576151818653,false,datetime.datetime(2025, 9, 12, 16, 34, 37, 764962)
227_623392_1,1,1.0298298892354523,0.1263819484785209,0.8902019953195681,false,datetime.datetime(2025, 9, 12, 16, 34, 37, 764962)
227_2664038_2,1,1.0306066959870486,86.72641384494135,300.829826595549,false,datetime.datetime(2025, 9, 12, 16, 34, 37, 764962)
227_452759_5,1,1.0305752182405234,87.48779969423705,313.90907218621663,false,datetime.datetime(2025, 9, 12, 16, 34, 37, 764962)
228_2473080_3,1,1.028102919950277,1.776303705665842,12.49676647933907,false,datetime.datetime(2025, 9, 12, 16, 34, 37, 764962)
228_350975_10,1,1.0343856156092401,3.4576840784069076,24.496384825210406,false,datetime.datetime(2025, 9, 12, 16, 34, 37, 764962)
228_350996_3,1,1.0281644425198848,0.8019233239326086,5.651138489800476,false,datetime.datetime(2025, 9, 12, 16, 34, 37, 764962)
227_558417_8,1,1.039048921800628,0.5812613425960286,4.1186159407417335,false,datetime.datetime(2025, 9, 12, 16, 35, 37, 764962)
227_4589971_5,1,1.0390453057971152,0.0011801377070965351,7.171327510283538e-09,false,datetime.datetime(2025, 9, 12, 16, 35, 37, 764962)
gpc_10076_pri_mtr,1,1.0385271152703472,0.0014457958520434216,-1.1408801808678937e-08,false,datetime.datetime(2025, 9, 12, 16, 35, 37, 764962)
gpc_10080_pri_mtr,1,1.03852750752029,0.0017440872434605617,1.6459851315611165e-08,false,datetime.datetime(2025, 9, 12, 16, 35, 37, 764962)
227_2664032_1,1,1.0308158361582336,86.39862143110722,290.10294230498494,false,datetime.datetime(2025, 9, 12, 16, 35, 37, 764962)
227_452771_6,1,1.0297891964399015,166.39077479685298,521.3118342697419,false,datetime.datetime(2025, 9, 12, 16, 35, 37, 764962)
227_2662741_2,1,1.0308064258999756,82.32326572917067,149.53064062882095,false,datetime.datetime(2025, 9, 12, 16, 35, 37, 764962)
227_4589977_1,1,1.0358940273622315,211.28495397524938,152.56152008758903,false,datetime.datetime(2025, 9, 12, 16, 35, 37, 764962)
227_2662739_1,1,1.0308130849373551,82.32316182403662,149.52336904548767,false,datetime.datetime(2025, 9, 12, 16, 35, 37, 764962)
227_4589970_1,1,1.0390453052841935,0.0016028138469028788,2.4802599307706703e-09,false,datetime.datetime(2025, 9, 12, 16, 35, 37, 764962)
227_4290732_20,1,1.035871480533772,211.2850617883014,152.6093099893794,false,datetime.datetime(2025, 9, 12, 16, 35, 37, 764962)
227_452800_1,1,1.0303576630655547,165.50550512744883,466.14945820951044,false,datetime.datetime(2025, 9, 12, 16, 35, 37, 764962)
227_452772_1,1,1.0298211395272163,209.55333085212217,228.10071717347978,false,datetime.datetime(2025, 9, 12, 16, 35, 37, 764962)
227_448259_7,1,1.03859565346947,3.18838817315726,22.831589777909457,false,datetime.datetime(2025, 9, 12, 16, 35, 37, 764962)
227_623392_1,1,1.0299934947876972,0.04797370323977941,0.33798123346244524,false,datetime.datetime(2025, 9, 12, 16, 35, 37, 764962)
227_2664038_2,1,1.0308127301830574,86.39871391018524,290.1111202813208,false,datetime.datetime(2025, 9, 12, 16, 35, 37, 764962)
227_452759_5,1,1.0307762042473476,86.9775581736937,300.70532993288685,false,datetime.datetime(2025, 9, 12, 16, 35, 37, 764962)
228_2473080_3,1,1.0286894964986677,1.510302890942171,10.632545330493285,false,datetime.datetime(2025, 9, 12, 16, 35, 37, 764962)
228_350975_10,1,1.0346013509524632,4.152260456315835,29.416715243862768,false,datetime.datetime(2025, 9, 12, 16, 35, 37, 764962)
228_350996_3,1,1.0287503576041042,0.5498570850305674,3.8808664080035737,false,datetime.datetime(2025, 9, 12, 16, 35, 37, 764962)
227_558417_8,1,1.039395145471732,0.3852920849614928,2.720366600428447,false,datetime.datetime(2025, 9, 12, 16, 36, 37, 764962)
227_4589971_5,1,1.0393931139273118,0.001180535652119541,2.7800167910583124e-08,false,datetime.datetime(2025, 9, 12, 16, 36, 37, 764962)
gpc_10076_pri_mtr,1,1.0388683095281246,0.0014462736023387651,1.0362429724438393e-09,false,datetime.datetime(2025, 9, 12, 16, 36, 37, 764962)
gpc_10080_pri_mtr,1,1.038868664566844,0.0017446667732648558,1.5669574255236515e-08,false,datetime.datetime(2025, 9, 12, 16, 36, 37, 764962)
227_2664032_1,1,1.0310574266801946,85.3224502880364,264.1438811210941,false,datetime.datetime(2025, 9, 12, 16, 36, 37, 764962)
227_452771_6,1,1.0299638467165249,165.46573059713762,483.78656861785487,false,datetime.datetime(2025, 9, 12, 16, 36, 37, 764962)
227_2662741_2,1,1.0310230901237505,82.33221658057613,140.40078526576804,false,datetime.datetime(2025, 9, 12, 16, 36, 37, 764962)
227_4589977_1,1,1.0361274608829685,211.63135508079267,144.61556139467382,false,datetime.datetime(2025, 9, 12, 16, 36, 37, 764962)
227_2662739_1,1,1.0310299840741086,82.33211210567642,140.39351659027807,false,datetime.datetime(2025, 9, 12, 16, 36, 37, 764962)
227_4589970_1,1,1.0393931134142198,0.0016033539789422086,9.39493823411178e-09,false,datetime.datetime(2025, 9, 12, 16, 36, 37, 764962)
227_4290732_20,1,1.0361046990673308,211.63146298032035,144.66350494040768,false,datetime.datetime(2025, 9, 12, 16, 36, 37, 764962)
227_452800_1,1,1.0305523128671834,164.82569485769724,428.5874941816075,false,datetime.datetime(2025, 9, 12, 16, 36, 37, 764962)
227_452772_1,1,1.0299959984632532,210.11705606395412,209.28567028696978,false,datetime.datetime(2025, 9, 12, 16, 36, 37, 764962)
227_448259_7,1,1.0389386288633011,3.2953212018944837,23.592952050902895,false,datetime.datetime(2025, 9, 12, 16, 36, 37, 764962)
227_623392_1,1,1.0301703667258688,0.015840927454524374,0.11163571077106493,false,datetime.datetime(2025, 9, 12, 16, 36, 37, 764962)
227_2664038_2,1,1.031053654557039,85.32254503522384,264.15181519559906,false,datetime.datetime(2025, 9, 12, 16, 36, 37, 764962)
227_452759_5,1,1.031005663761481,85.71974664861544,272.6790413111545,false,datetime.datetime(2025, 9, 12, 16, 36, 37, 764962)
228_2473080_3,1,1.0302634427561084,1.22257854157449,8.621473954376432,false,datetime.datetime(2025, 9, 12, 16, 36, 37, 764962)
228_350975_10,1,1.034826052103113,3.2606708011154657,23.11538788386536,false,datetime.datetime(2025, 9, 12, 16, 36, 37, 764962)
228_350996_3,1,1.0302961568299966,0.700930755920418,4.9513808411094455,false,datetime.datetime(2025, 9, 12, 16, 36, 37, 764962)
227_558417_8,1,1.039375945774613,0.42802153815259575,3.0190621991912225,false,datetime.datetime(2025, 9, 12, 16, 37, 37, 764962)
227_4589971_5,1,1.0393740144626529,0.001180516953427375,9.028451075615705e-09,false,datetime.datetime(2025, 9, 12, 16, 37, 37, 764962)
gpc_10076_pri_mtr,1,1.0388586351428728,0.0014462605287104999,-5.2395581955215655e-09,false,datetime.datetime(2025, 9, 12, 16, 37, 37, 764962)
gpc_10080_pri_mtr,1,1.0388591181254616,0.0017446519099806601,7.449997779310247e-09,false,datetime.datetime(2025, 9, 12, 16, 37, 37, 764962)
227_2664032_1,1,1.0311200151259194,84.81536631391474,249.733853549246,false,datetime.datetime(2025, 9, 12, 16, 37, 37, 764962)
227_452771_6,1,1.029995751131943,165.20824576042634,467.5507398588238,false,datetime.datetime(2025, 9, 12, 16, 37, 37, 764962)
227_2662741_2,1,1.0310726192345794,82.27188097612735,138.27378532836948,false,datetime.datetime(2025, 9, 12, 16, 37, 37, 764962)
227_4589977_1,1,1.036139295322063,211.40760262884405,148.76455276958418,false,datetime.datetime(2025, 9, 12, 16, 37, 37, 764962)
227_2662739_1,1,1.0310795683443164,82.27177628926508,138.2665308593457,false,datetime.datetime(2025, 9, 12, 16, 37, 37, 764962)
227_4589970_1,1,1.0393740139495704,0.0016033243268368312,1.390238244249038e-08,false,datetime.datetime(2025, 9, 12, 16, 37, 37, 764962)
227_4290732_20,1,1.0361166490218094,211.4077105082739,148.8123936840078,false,datetime.datetime(2025, 9, 12, 16, 37, 37, 764962)
227_452800_1,1,1.0305929181076567,164.67446878980283,411.93259837511494,false,datetime.datetime(2025, 9, 12, 16, 37, 37, 764962)
227_452772_1,1,1.030027704416174,209.9148364129328,213.50046512746954,false,datetime.datetime(2025, 9, 12, 16, 37, 37, 764962)
227_448259_7,1,1.0389317754020233,3.3711179481165736,24.121709189703825,false,datetime.datetime(2025, 9, 12, 16, 37, 37, 764962)
227_623392_1,1,1.030201574496372,0.01584027691259902,0.1116330775412818,false,datetime.datetime(2025, 9, 12, 16, 37, 37, 764962)
227_2664038_2,1,1.0311158755856857,84.81546226740971,249.74167468294743,false,datetime.datetime(2025, 9, 12, 16, 37, 37, 764962)
227_452759_5,1,1.0310619610126828,85.23170603903576,259.3713575951754,false,datetime.datetime(2025, 9, 12, 16, 37, 37, 764962)
228_2473080_3,1,1.0307083246194315,1.2556790328127576,8.858380830182748,false,datetime.datetime(2025, 9, 12, 16, 37, 37, 764962)
228_350975_10,1,1.034845529150577,3.1849934206932105,22.58522195228457,false,datetime.datetime(2025, 9, 12, 16, 37, 37, 764962)
228_350996_3,1,1.0307384918150717,0.7668574311936466,5.418195631280108,false,datetime.datetime(2025, 9, 12, 16, 37, 37, 764962)
227_558417_8,1,1.0393188146222547,0.4716907893167255,3.3381260043466066,false,datetime.datetime(2025, 9, 12, 16, 38, 37, 764962)
227_4589971_5,1,1.0393156924480167,0.001180447423665472,1.6393969012179488e-09,false,datetime.datetime(2025, 9, 12, 16, 38, 37, 764962)
gpc_10076_pri_mtr,1,1.0388658546780298,0.0014462709592447482,-1.2836354542675014e-08,false,datetime.datetime(2025, 9, 12, 16, 38, 37, 764962)
gpc_10080_pri_mtr,1,1.0388662534142599,0.0017446625520275488,1.529548339268565e-08,false,datetime.datetime(2025, 9, 12, 16, 38, 37, 764962)
227_2664032_1,1,1.0309253649034646,85.35531671059069,270.6196873074242,false,datetime.datetime(2025, 9, 12, 16, 38, 37, 764962)
227_452771_6,1,1.0298601654023518,165.81066459794874,501.37047395338345,false,datetime.datetime(2025, 9, 12, 16, 38, 37, 764962)
227_2662741_2,1,1.0308965364164697,82.35183205226863,150.0750871732945,false,datetime.datetime(2025, 9, 12, 16, 38, 37, 764962)
227_4589977_1,1,1.0359869540182114,211.56252853734588,142.22053856338096,false,datetime.datetime(2025, 9, 12, 16, 38, 37, 764962)
227_2662739_1,1,1.0309031820430534,82.35172819704192,150.06780953493268,false,datetime.datetime(2025, 9, 12, 16, 38, 37, 764962)
227_4589970_1,1,1.0393156919349626,0.0016032344049879432,1.2812314688401143e-08,false,datetime.datetime(2025, 9, 12, 16, 38, 37, 764962)
227_4290732_20,1,1.0359641479411288,211.5626364413525,142.26844944001186,false,datetime.datetime(2025, 9, 12, 16, 38, 37, 764962)
227_452800_1,1,1.0304389404546028,165.0955175130928,449.62660985822765,false,datetime.datetime(2025, 9, 12, 16, 38, 37, 764962)
227_452772_1,1,1.0298920701992087,209.5990665029338,224.46674305245875,false,datetime.datetime(2025, 9, 12, 16, 38, 37, 764962)
227_448259_7,1,1.0389314961128158,3.047285433790522,21.79806420309422,false,datetime.datetime(2025, 9, 12, 16, 38, 37, 764962)
227_623392_1,1,1.030064697006512,0.12622437682304755,0.8892924741077561,false,datetime.datetime(2025, 9, 12, 16, 38, 37, 764962)
227_2664038_2,1,1.0309217621048274,85.35541100989856,270.62762398814857,false,datetime.datetime(2025, 9, 12, 16, 38, 37, 764962)
227_452759_5,1,1.0308770330027104,85.82356557961661,281.5807706287061,false,datetime.datetime(2025, 9, 12, 16, 38, 37, 764962)
228_2473080_3,1,1.0296658389303293,1.0643435938050905,7.501792120866182,false,datetime.datetime(2025, 9, 12, 16, 38, 37, 764962)
228_350975_10,1,1.0346730768847987,5.124324994277198,36.3001689374348,false,datetime.datetime(2025, 9, 12, 16, 38, 37, 764962)
228_350996_3,1,1.0296916502411344,0.6484857342549485,4.578934230671634,false,datetime.datetime(2025, 9, 12, 16, 38, 37, 764962)
227_558417_8,1,1.0394722507856111,0.5723808707259429,4.05261434241777,false,datetime.datetime(2025, 9, 12, 16, 39, 37, 764962)
227_4589971_5,1,1.0394693802122104,0.001180624147532813,9.357859614450605e-09,false,datetime.datetime(2025, 9, 12, 16, 39, 37, 764962)
gpc_10076_pri_mtr,1,1.0390062524968526,0.0014464663861856592,-2.437515058478794e-08,false,datetime.datetime(2025, 9, 12, 16, 39, 37, 764962)
gpc_10080_pri_mtr,1,1.039006539533278,0.0017448990566495239,5.928984858849607e-09,false,datetime.datetime(2025, 9, 12, 16, 39, 37, 764962)
227_2664032_1,1,1.031048643669627,84.89734524228757,251.81179459446537,false,datetime.datetime(2025, 9, 12, 16, 39, 37, 764962)
227_452771_6,1,1.0299496874510512,165.4762810894962,492.1679737679256,false,datetime.datetime(2025, 9, 12, 16, 39, 37, 764962)
227_2662741_2,1,1.0310004014306724,82.31618898103301,149.34644960209533,false,datetime.datetime(2025, 9, 12, 16, 39, 37, 764962)
227_4589977_1,1,1.0361273372652657,211.7104873591419,140.52588060634247,false,datetime.datetime(2025, 9, 12, 16, 39, 37, 764962)
227_2662739_1,1,1.031007066787012,82.31608501199341,149.3391806694631,false,datetime.datetime(2025, 9, 12, 16, 39, 37, 764962)
227_4589970_1,1,1.0394693796990815,0.0016034742570592891,3.2103215593101356e-09,false,datetime.datetime(2025, 9, 12, 16, 39, 37, 764962)
227_4290732_20,1,1.0361044757131144,211.71059529563257,140.57385594697172,false,datetime.datetime(2025, 9, 12, 16, 39, 37, 764962)
227_452800_1,1,1.0305336184332405,164.79129069281862,437.70614090356537,false,datetime.datetime(2025, 9, 12, 16, 39, 37, 764962)
227_452772_1,1,1.029981955506235,210.15265445260508,205.77824026998445,false,datetime.datetime(2025, 9, 12, 16, 39, 37, 764962)
227_448259_7,1,1.039073644860989,3.1955909632658,22.80655326330995,false,datetime.datetime(2025, 9, 12, 16, 39, 37, 764962)
227_623392_1,1,1.030156616024249,0.048095114951492976,0.3388895996417834,false,datetime.datetime(2025, 9, 12, 16, 39, 37, 764962)
227_2664038_2,1,1.0310445580238634,84.89744100444784,251.81963402301403,false,datetime.datetime(2025, 9, 12, 16, 39, 37, 764962)
227_452759_5,1,1.0309915593373082,85.40284074050302,261.53922958386715,false,datetime.datetime(2025, 9, 12, 16, 39, 37, 764962)
228_2473080_3,1,1.030798267959734,1.3424443398557073,9.470952443916362,false,datetime.datetime(2025, 9, 12, 16, 39, 37, 764962)
228_350975_10,1,1.0348202118782448,3.162442624326249,22.42139003068069,false,datetime.datetime(2025, 9, 12, 16, 39, 37, 764962)
228_350996_3,1,1.030843311977592,0.6238783719776702,4.410708306967165,false,datetime.datetime(2025, 9, 12, 16, 39, 37, 764962)
227_558417_8,1,1.0392174352607058,0.38266671614597997,2.695085656467945,false,datetime.datetime(2025, 9, 12, 16, 40, 37, 764962)
227_4589971_5,1,1.0392157072413566,0.001180334140837323,4.446725231380491e-09,false,datetime.datetime(2025, 9, 12, 16, 40, 37, 764962)
gpc_10076_pri_mtr,1,1.0387105837623067,0.0014460563571970274,-2.7917630808019437e-08,false,datetime.datetime(2025, 9, 12, 16, 40, 37, 764962)
gpc_10080_pri_mtr,1,1.0387109185356105,0.0017444008985384252,6.809177779884647e-09,false,datetime.datetime(2025, 9, 12, 16, 40, 37, 764962)
227_2664032_1,1,1.0308135065131103,86.43858947800877,281.03910919528033,false,datetime.datetime(2025, 9, 12, 16, 40, 37, 764962)
227_452771_6,1,1.0297899444220617,166.69554514931696,540.2721673647345,false,datetime.datetime(2025, 9, 12, 16, 40, 37, 764962)
227_2662741_2,1,1.0307949853891507,82.30198732065534,153.93104093248925,false,datetime.datetime(2025, 9, 12, 16, 40, 37, 764962)
227_4589977_1,1,1.0359456236257578,211.46163480044473,146.67117794137164,false,datetime.datetime(2025, 9, 12, 16, 40, 37, 764962)
227_2662739_1,1,1.0308015318481483,82.30188364145789,153.92377288453184,false,datetime.datetime(2025, 9, 12, 16, 40, 37, 764962)
227_4589970_1,1,1.0392157067283525,0.001603080919489071,1.4153416688783272e-08,false,datetime.datetime(2025, 9, 12, 16, 40, 37, 764962)
227_4290732_20,1,1.0359229257134581,211.4617426764505,146.71904167342447,false,datetime.datetime(2025, 9, 12, 16, 40, 37, 764962)
227_452800_1,1,1.0303490562524755,165.56102816451687,477.5892067635103,false,datetime.datetime(2025, 9, 12, 16, 40, 37, 764962)
227_452772_1,1,1.029822389750733,209.9926457558256,209.60934998192366,false,datetime.datetime(2025, 9, 12, 16, 40, 37, 764962)
227_448259_7,1,1.0387868649277596,3.6008709320440815,25.738679466481848,false,datetime.datetime(2025, 9, 12, 16, 40, 37, 764962)
227_623392_1,1,1.0299966387993533,0.01584325862859895,0.1116300432113592,false,datetime.datetime(2025, 9, 12, 16, 40, 37, 764962)
227_2664038_2,1,1.0308101675386678,86.43868242745253,281.0473040491006,false,datetime.datetime(2025, 9, 12, 16, 40, 37, 764962)
227_452759_5,1,1.0307701027003535,87.05207848125728,293.5496482732532,false,datetime.datetime(2025, 9, 12, 16, 40, 37, 764962)
228_2473080_3,1,1.029315560614086,1.5564778574508822,10.963810351726316,false,datetime.datetime(2025, 9, 12, 16, 40, 37, 764962)
228_350975_10,1,1.0346550253231048,2.305475329996956,16.351784575705114,false,datetime.datetime(2025, 9, 12, 16, 40, 37, 764962)
228_350996_3,1,1.029367190161627,0.7333825112800676,5.175130278797451,false,datetime.datetime(2025, 9, 12, 16, 40, 37, 764962)
227_558417_8,1,1.0387902159045979,0.9844698694019851,6.978995456507878,false,datetime.datetime(2025, 9, 12, 16, 41, 37, 764962)
227_4589971_5,1,1.038780397274393,0.001179838425523743,1.3907960845257627e-08,false,datetime.datetime(2025, 9, 12, 16, 41, 37, 764962)
gpc_10076_pri_mtr,1,1.0383407626340795,0.0014455367416813358,-1.421898188123946e-08,false,datetime.datetime(2025, 9, 12, 16, 41, 37, 764962)
gpc_10080_pri_mtr,1,1.0383409966569577,0.0017437755795024908,5.726385633716277e-09,false,datetime.datetime(2025, 9, 12, 16, 41, 37, 764962)
227_2664032_1,1,1.0304497465691609,86.62237956363872,302.67727473300465,false,datetime.datetime(2025, 9, 12, 16, 41, 37, 764962)
227_452771_6,1,1.0294880187148143,167.82733518388443,587.6622707910183,false,datetime.datetime(2025, 9, 12, 16, 41, 37, 764962)
227_2662741_2,1,1.030450521429484,82.23190495109029,160.87979573992152,false,datetime.datetime(2025, 9, 12, 16, 41, 37, 764962)
227_4589977_1,1,1.0355212645526624,211.18163293887415,153.52472602368272,false,datetime.datetime(2025, 9, 12, 16, 41, 37, 764962)
227_2662739_1,1,1.0304568865897916,82.23180166567178,160.87253896042105,false,datetime.datetime(2025, 9, 12, 16, 41, 37, 764962)
227_4589970_1,1,1.0387803967616016,0.0016024053768045792,-2.4437030288067434e-09,false,datetime.datetime(2025, 9, 12, 16, 41, 37, 764962)
227_4290732_20,1,1.0354987513280651,211.18174070964454,153.57246830677036,false,datetime.datetime(2025, 9, 12, 16, 41, 37, 764962)
227_452800_1,1,1.030022682694722,166.0533024818417,510.6140308117375,false,datetime.datetime(2025, 9, 12, 16, 41, 37, 764962)
227_452772_1,1,1.0295195977081828,208.7269409382872,262.29771020072985,false,datetime.datetime(2025, 9, 12, 16, 41, 37, 764962)
227_448259_7,1,1.0384017940696662,2.898048684796285,20.76188989632016,false,datetime.datetime(2025, 9, 12, 16, 41, 37, 764962)
227_623392_1,1,1.0296883920131739,0.1261741104178692,0.8886147415784579,false,datetime.datetime(2025, 9, 12, 16, 41, 37, 764962)
227_2664038_2,1,1.0304469687509323,86.62247107456582,302.68549659172936,false,datetime.datetime(2025, 9, 12, 16, 41, 37, 764962)
227_452759_5,1,1.0304161543686334,87.37223582560962,314.6451304075062,false,datetime.datetime(2025, 9, 12, 16, 41, 37, 764962)
228_2473080_3,1,1.0276316630343059,1.3799761492070768,9.705482359497886,false,datetime.datetime(2025, 9, 12, 16, 41, 37, 764962)
228_350975_10,1,1.0342264231107932,5.521943175752049,39.09294028742952,false,datetime.datetime(2025, 9, 12, 16, 41, 37, 764962)
228_350996_3,1,1.0276535044845165,1.0160249753917516,7.153249498570494,false,datetime.datetime(2025, 9, 12, 16, 41, 37, 764962)
227_558417_8,1,1.0380975328368345,1.6994208953111012,12.048184606710159,false,datetime.datetime(2025, 9, 12, 16, 42, 37, 764962)
227_4589971_5,1,1.0380796349127104,0.0011790390465150505,1.6069858561799127e-08,false,datetime.datetime(2025, 9, 12, 16, 42, 37, 764962)
gpc_10076_pri_mtr,1,1.0375805604516557,0.0014444738029701608,2.8904557810433674e-09,false,datetime.datetime(2025, 9, 12, 16, 42, 37, 764962)
gpc_10080_pri_mtr,1,1.0375808804483142,0.0017424957254663252,1.4668008580534398e-08,false,datetime.datetime(2025, 9, 12, 16, 42, 37, 764962)
227_2664032_1,1,1.0300965243847067,87.89216000472763,315.4198123652582,false,datetime.datetime(2025, 9, 12, 16, 42, 37, 764962)
227_452771_6,1,1.0292206981648813,170.18009052079003,668.5868088007045,false,datetime.datetime(2025, 9, 12, 16, 42, 37, 764962)
227_2662741_2,1,1.030097586092901,82.22551325346994,205.10689563246243,false,datetime.datetime(2025, 9, 12, 16, 42, 37, 764962)
227_4589977_1,1,1.0351634371047789,210.21778235210144,187.32214290126757,false,datetime.datetime(2025, 9, 12, 16, 42, 37, 764962)
227_2662739_1,1,1.0301028201049283,82.22541256246696,205.09963685735914,false,datetime.datetime(2025, 9, 12, 16, 42, 37, 764962)
227_4589970_1,1,1.0380796344002652,0.0016013214604509948,2.213660356080365e-08,false,datetime.datetime(2025, 9, 12, 16, 42, 37, 764962)
227_4290732_20,1,1.0351417810420838,210.21788980343177,187.3694544641216,false,datetime.datetime(2025, 9, 12, 16, 42, 37, 764962)
227_452800_1,1,1.0297136937125266,167.1269225232147,570.9062091588007,false,datetime.datetime(2025, 9, 12, 16, 42, 37, 764962)
227_452772_1,1,1.0292525591899964,208.5557503200131,270.4302346850342,false,datetime.datetime(2025, 9, 12, 16, 42, 37, 764962)
227_448259_7,1,1.0376489132568765,3.214094553423467,22.99250424144299,false,datetime.datetime(2025, 9, 12, 16, 42, 37, 764962)
227_623392_1,1,1.0294205984198432,0.0482255379224152,0.33956502337769956,false,datetime.datetime(2025, 9, 12, 16, 42, 37, 764962)
227_2664038_2,1,1.030094074497371,87.8922500418772,315.428349834512,false,datetime.datetime(2025, 9, 12, 16, 42, 37, 764962)
227_452759_5,1,1.0300689284165638,88.71716347484946,328.6124620843116,false,datetime.datetime(2025, 9, 12, 16, 42, 37, 764962)
228_2473080_3,1,1.0269343625761058,1.6414754461466352,11.535504160478272,false,datetime.datetime(2025, 9, 12, 16, 42, 37, 764962)
228_350975_10,1,1.0339336803088937,3.2251252164419344,22.839902574381636,false,datetime.datetime(2025, 9, 12, 16, 42, 37, 764962)
228_350996_3,1,1.0269543186859231,1.3015814629788742,9.154089359785248,false,datetime.datetime(2025, 9, 12, 16, 42, 37, 764962)
227_558417_8,1,1.0373395617341685,1.718157907945861,12.161202091404125,false,datetime.datetime(2025, 9, 12, 16, 43, 37, 764962)
227_4589971_5,1,1.0373217008900528,0.0011781741501773633,5.391450738496782e-10,false,datetime.datetime(2025, 9, 12, 16, 43, 37, 764962)
gpc_10076_pri_mtr,1,1.03669090343527,0.0014432324428601487,-1.490277053352334e-08,false,datetime.datetime(2025, 9, 12, 16, 43, 37, 764962)
gpc_10080_pri_mtr,1,1.0366912661593626,0.0017409932793900238,2.5056345873281986e-08,false,datetime.datetime(2025, 9, 12, 16, 43, 37, 764962)
227_2664032_1,1,1.0294816393486268,91.93489285107579,366.57999038057335,false,datetime.datetime(2025, 9, 12, 16, 43, 37, 764962)
227_452771_6,1,1.0287829237739554,176.116606709093,789.616287679866,false,datetime.datetime(2025, 9, 12, 16, 43, 37, 764962)
227_2662741_2,1,1.029525160733011,83.24071633002394,251.9615382197905,false,datetime.datetime(2025, 9, 12, 16, 43, 37, 764962)
227_4589977_1,1,1.0346533147252794,209.57452389840788,206.9894508072705,false,datetime.datetime(2025, 9, 12, 16, 43, 37, 764962)
227_2662739_1,1,1.0295291931963768,83.24061949816462,251.95406894455328,false,datetime.datetime(2025, 9, 12, 16, 43, 37, 764962)
227_4589970_1,1,1.037321700377979,0.0016001448663666624,2.184528339346331e-09,false,datetime.datetime(2025, 9, 12, 16, 43, 37, 764962)
227_4290732_20,1,1.034632173848336,209.5746311111984,207.0364760091917,false,datetime.datetime(2025, 9, 12, 16, 43, 37, 764962)
227_452800_1,1,1.0292118084744288,171.29102062232425,681.2697412414196,false,datetime.datetime(2025, 9, 12, 16, 43, 37, 764962)
227_452772_1,1,1.0288149772182755,208.0160970938403,292.50447379096187,false,datetime.datetime(2025, 9, 12, 16, 43, 37, 764962)
227_448259_7,1,1.0367758971316887,4.00765660631199,28.637679519580814,false,datetime.datetime(2025, 9, 12, 16, 43, 37, 764962)
227_623392_1,1,1.0289807244463973,0.015858963783874476,0.11163205474625218,false,datetime.datetime(2025, 9, 12, 16, 43, 37, 764962)
227_2664038_2,1,1.0294805071900741,91.93497816210424,366.5895735810529,false,datetime.datetime(2025, 9, 12, 16, 43, 37, 764962)
227_452759_5,1,1.0294785343146438,93.372678516495,386.76558622450614,false,datetime.datetime(2025, 9, 12, 16, 43, 37, 764962)
228_2473080_3,1,1.023401527136396,2.457961712798066,17.211022870625534,false,datetime.datetime(2025, 9, 12, 16, 43, 37, 764962)
228_350975_10,1,1.0334608129320568,2.2871474378525294,16.195162223846047,false,datetime.datetime(2025, 9, 12, 16, 43, 37, 764962)
228_350996_3,1,1.023470776207659,1.3451261854591416,9.427858120699467,false,datetime.datetime(2025, 9, 12, 16, 43, 37, 764962)
227_558417_8,1,1.0363413233451866,2.0341781323367156,14.400126596923215,false,datetime.datetime(2025, 9, 12, 16, 44, 37, 764962)
227_4589971_5,1,1.0363212405677835,0.0011770351691621562,1.4353758463730626e-08,false,datetime.datetime(2025, 9, 12, 16, 44, 37, 764962)
gpc_10076_pri_mtr,1,1.0355548047400578,0.0014416486821984486,-2.3178800483025e-08,false,datetime.datetime(2025, 9, 12, 16, 44, 37, 764962)
gpc_10080_pri_mtr,1,1.0355553039090986,0.0017390859029897776,2.238415451968849e-08,false,datetime.datetime(2025, 9, 12, 16, 44, 37, 764962)
227_2664032_1,1,1.0285752682568614,96.41050945339774,472.09432683271774,false,datetime.datetime(2025, 9, 12, 16, 44, 37, 764962)
227_452771_6,1,1.0281454864276183,184.78793529388753,947.661738810629,false,datetime.datetime(2025, 9, 12, 16, 44, 37, 764962)
227_2662741_2,1,1.0287072515777844,84.71222372158576,301.96500353414297,false,datetime.datetime(2025, 9, 12, 16, 44, 37, 764962)
227_4589977_1,1,1.033851191743907,209.06368011301393,219.217172514615,false,datetime.datetime(2025, 9, 12, 16, 44, 37, 764962)
227_2662739_1,1,1.0287099959123418,84.71213124801017,301.95723285028873,false,datetime.datetime(2025, 9, 12, 16, 44, 37, 764962)
227_4589970_1,1,1.0363212400562027,0.00159859759485422,2.913507677056031e-08,false,datetime.datetime(2025, 9, 12, 16, 44, 37, 764962)
227_4290732_20,1,1.0338303894736272,209.06378712140457,219.2639686201113,false,datetime.datetime(2025, 9, 12, 16, 44, 37, 764962)
227_452800_1,1,1.0284894045087536,178.2114560458893,837.9345924654001,false,datetime.datetime(2025, 9, 12, 16, 44, 37, 764962)
227_452772_1,1,1.028177299549131,207.00386741366475,344.1699113570884,false,datetime.datetime(2025, 9, 12, 16, 44, 37, 764962)
227_448259_7,1,1.0356540381744372,4.636602462163003,33.127526823741,false,datetime.datetime(2025, 9, 12, 16, 44, 37, 764962)
227_623392_1,1,1.0283376709503163,0.015868939028089515,0.11163191446310272,false,datetime.datetime(2025, 9, 12, 16, 44, 37, 764962)
227_2664038_2,1,1.0285768497763994,96.41058668589375,472.1049810945153,false,datetime.datetime(2025, 9, 12, 16, 44, 37, 764962)
227_452759_5,1,1.0286195680300991,97.77121428513342,489.11025265849645,false,datetime.datetime(2025, 9, 12, 16, 44, 37, 764962)
228_2473080_3,1,1.0215118111594927,2.3147714430013027,16.178799136454593,false,datetime.datetime(2025, 9, 12, 16, 44, 37, 764962)
228_350975_10,1,1.0326543776054578,7.2169927376350245,50.99955493164266,false,datetime.datetime(2025, 9, 12, 16, 44, 37, 764962)
228_350996_3,1,1.0215356057710376,1.9006995452807698,13.29172573657532,false,datetime.datetime(2025, 9, 12, 16, 44, 37, 764962)
227_558417_8,1,1.0363129999137228,2.1111857582779305,14.954285344949866,false,datetime.datetime(2025, 9, 12, 16, 45, 37, 764962)
227_4589971_5,1,1.0362933534655392,0.0011770063845929213,3.907693593429518e-09,false,datetime.datetime(2025, 9, 12, 16, 45, 37, 764962)
gpc_10076_pri_mtr,1,1.0355549835907711,0.0014416518386171308,1.0552591911256706e-09,false,datetime.datetime(2025, 9, 12, 16, 45, 37, 764962)
gpc_10080_pri_mtr,1,1.0355554586277897,0.0017390888356263574,1.977127432239936e-08,false,datetime.datetime(2025, 9, 12, 16, 45, 37, 764962)
227_2664032_1,1,1.0284650140963867,97.1678426873224,485.31856780955496,false,datetime.datetime(2025, 9, 12, 16, 45, 37, 764962)
227_452771_6,1,1.028083728509826,186.5077138022678,980.0103456112083,false,datetime.datetime(2025, 9, 12, 16, 45, 37, 764962)
227_2662741_2,1,1.0286093124518836,84.99674454840167,314.6456835853616,false,datetime.datetime(2025, 9, 12, 16, 45, 37, 764962)
227_4589977_1,1,1.0338439591318493,209.07496446361563,219.45911937044195,false,datetime.datetime(2025, 9, 12, 16, 45, 37, 764962)
227_2662739_1,1,1.028611731633584,84.99665307060403,314.6378618424792,false,datetime.datetime(2025, 9, 12, 16, 45, 37, 764962)
227_4589970_1,1,1.0362933529539735,0.001598559315886731,2.0118997791251816e-08,false,datetime.datetime(2025, 9, 12, 16, 45, 37, 764962)
227_4290732_20,1,1.0338231632594215,209.07507146058754,219.50592204361226,false,datetime.datetime(2025, 9, 12, 16, 45, 37, 764962)
227_452800_1,1,1.0284106830907327,179.37335009325332,865.9226424620149,false,datetime.datetime(2025, 9, 12, 16, 45, 37, 764962)
227_452772_1,1,1.028115982025235,207.19173856963556,332.0700524112764,false,datetime.datetime(2025, 9, 12, 16, 45, 37, 764962)
227_448259_7,1,1.0356473438041622,4.312482902169506,30.80237319873378,false,datetime.datetime(2025, 9, 12, 16, 45, 37, 764962)
227_623392_1,1,1.0282774526691922,0.1262182364380447,0.8877080148643002,false,datetime.datetime(2025, 9, 12, 16, 45, 37, 764962)
227_2664038_2,1,1.0284669326581632,97.16791883740768,485.32941187866726,false,datetime.datetime(2025, 9, 12, 16, 45, 37, 764962)
227_452759_5,1,1.0285160848698345,99.03136622285984,506.7945372290203,false,datetime.datetime(2025, 9, 12, 16, 45, 37, 764962)
228_2473080_3,1,1.0219309656119113,2.5668980563999346,17.947699021580597,false,datetime.datetime(2025, 9, 12, 16, 45, 37, 764962)
228_350975_10,1,1.032662047512412,4.412981022247132,31.197540281565047,false,datetime.datetime(2025, 9, 12, 16, 45, 37, 764962)
228_350996_3,1,1.0219891598032653,1.6261138193017532,11.378285267175881,false,datetime.datetime(2025, 9, 12, 16, 45, 37, 764962)
227_558417_8,1,1.0359932312331441,2.3506667151003224,16.64185301096133,false,datetime.datetime(2025, 9, 12, 16, 46, 37, 764962)
227_4589971_5,1,1.0359717302665061,0.001176635424876071,9.296131942228126e-09,false,datetime.datetime(2025, 9, 12, 16, 46, 37, 764962)
gpc_10076_pri_mtr,1,1.0351880319523035,0.0014411341022072001,-4.554144811457162e-09,false,datetime.datetime(2025, 9, 12, 16, 46, 37, 764962)
gpc_10080_pri_mtr,1,1.035188417706152,0.0017384658391041983,1.7614988792380898e-08,false,datetime.datetime(2025, 9, 12, 16, 46, 37, 764962)
227_2664032_1,1,1.0284444809466924,97.48025674798166,470.9938870999583,false,datetime.datetime(2025, 9, 12, 16, 46, 37, 764962)
227_452771_6,1,1.0280399442755952,186.65722456822593,974.9964704838608,false,datetime.datetime(2025, 9, 12, 16, 46, 37, 764962)
227_2662741_2,1,1.0285751342499398,85.15714724227146,313.0535195455461,false,datetime.datetime(2025, 9, 12, 16, 46, 37, 764962)
227_4589977_1,1,1.0337389518004816,208.60049754742755,238.76996645045693,false,datetime.datetime(2025, 9, 12, 16, 46, 37, 764962)
227_2662739_1,1,1.0285775946656546,85.15705576111134,313.0456546622501,false,datetime.datetime(2025, 9, 12, 16, 46, 37, 764962)
227_4589970_1,1,1.035971729755097,0.001598058144096452,2.3420319880822124e-09,false,datetime.datetime(2025, 9, 12, 16, 46, 37, 764962)
227_4290732_20,1,1.0337186526706434,208.600604297275,238.8165645152285,false,datetime.datetime(2025, 9, 12, 16, 46, 37, 764962)
227_452800_1,1,1.0283700860082285,179.30777373738096,856.2898930059148,false,datetime.datetime(2025, 9, 12, 16, 46, 37, 764962)
227_452772_1,1,1.0280717741533543,206.9401068780329,350.05234259265364,false,datetime.datetime(2025, 9, 12, 16, 46, 37, 764962)
227_448259_7,1,1.0352837442301432,4.520070765833403,32.28074143197039,false,datetime.datetime(2025, 9, 12, 16, 46, 37, 764962)
227_623392_1,1,1.0282314701494004,0.0484103029133974,0.34047197584818467,false,datetime.datetime(2025, 9, 12, 16, 46, 37, 764962)
227_2664038_2,1,1.0284460361429713,97.48033410074932,471.00491821491687,false,datetime.datetime(2025, 9, 12, 16, 46, 37, 764962)
227_452759_5,1,1.0284890946696026,99.32020142758661,492.5002562786978,false,datetime.datetime(2025, 9, 12, 16, 46, 37, 764962)
228_2473080_3,1,1.0207977122734726,2.798411920686367,19.544201231956446,false,datetime.datetime(2025, 9, 12, 16, 46, 37, 764962)
228_350975_10,1,1.0325950399455521,3.04728361862667,21.548557124299485,false,datetime.datetime(2025, 9, 12, 16, 46, 37, 764962)
228_350996_3,1,1.0208568278790473,1.837722014132137,12.843208384768692,false,datetime.datetime(2025, 9, 12, 16, 46, 37, 764962)
227_558417_8,1,1.037635786944522,2.4150966977802453,17.157453849294704,false,datetime.datetime(2025, 9, 12, 16, 47, 37, 764962)
227_4589971_5,1,1.0376137287530083,0.001178504057956465,-1.5690526530794314e-10,false,datetime.datetime(2025, 9, 12, 16, 47, 37, 764962)
gpc_10076_pri_mtr,1,1.0368216604747358,0.001443411658736563,-1.3335836318378848e-08,false,datetime.datetime(2025, 9, 12, 16, 47, 37, 764962)
gpc_10080_pri_mtr,1,1.0368221666924688,0.0017412135193383025,2.559363268578413e-08,false,datetime.datetime(2025, 9, 12, 16, 47, 37, 764962)
227_2664032_1,1,1.0300673572737524,99.96732022638673,518.9347276989628,false,datetime.datetime(2025, 9, 12, 16, 47, 37, 764962)
227_452771_6,1,1.0297978935423233,192.8937618178254,1065.8431449638256,false,datetime.datetime(2025, 9, 12, 16, 47, 37, 764962)
227_2662741_2,1,1.0302380637272817,86.17993501669781,342.44520645424734,false,datetime.datetime(2025, 9, 12, 16, 47, 37, 764962)
227_4589977_1,1,1.0354066919819462,208.8362242350102,243.35372586211395,false,datetime.datetime(2025, 9, 12, 16, 47, 37, 764962)
227_2662739_1,1,1.0302397999083859,86.17984579258386,342.43714882238584,false,datetime.datetime(2025, 9, 12, 16, 47, 37, 764962)
227_4589970_1,1,1.0376137282407896,0.0016005947644280641,5.639764940904772e-09,false,datetime.datetime(2025, 9, 12, 16, 47, 37, 764962)
227_4290732_20,1,1.0353864571160154,208.83633112137096,243.40042653734463,false,datetime.datetime(2025, 9, 12, 16, 47, 37, 764962)
227_452800_1,1,1.0300829659507185,184.40753598063014,941.4946500723004,false,datetime.datetime(2025, 9, 12, 16, 47, 37, 764962)
227_452772_1,1,1.029829278583364,206.92430719751138,397.5229406650443,false,datetime.datetime(2025, 9, 12, 16, 47, 37, 764962)
227_448259_7,1,1.0369210020632615,4.635803630671036,33.12634295424481,false,datetime.datetime(2025, 9, 12, 16, 47, 37, 764962)
227_623392_1,1,1.0299846253155227,0.01584362819566832,0.11163246085656331,false,datetime.datetime(2025, 9, 12, 16, 47, 37, 764962)
227_2664038_2,1,1.030070079149023,99.967394120236,518.9463836931411,false,datetime.datetime(2025, 9, 12, 16, 47, 37, 764962)
227_452759_5,1,1.0301332641657073,102.1683930298806,544.0913988937099,false,datetime.datetime(2025, 9, 12, 16, 47, 37, 764962)
228_2473080_3,1,1.0260433658070427,3.17741086866466,22.30434449841209,false,datetime.datetime(2025, 9, 12, 16, 47, 37, 764962)
228_350975_10,1,1.0342515419795817,6.030721654772712,42.69571712836586,false,datetime.datetime(2025, 9, 12, 16, 47, 37, 764962)
228_350996_3,1,1.026143686756474,1.5786583205285534,11.091536634486896,false,datetime.datetime(2025, 9, 12, 16, 47, 37, 764962)
227_558417_8,1,1.0374621836455327,2.3912932431636618,16.96869357150013,false,datetime.datetime(2025, 9, 12, 16, 48, 37, 764962)
227_4589971_5,1,1.0374413407788496,0.0011783028997860152,1.122837067212e-08,false,datetime.datetime(2025, 9, 12, 16, 48, 37, 764962)
gpc_10076_pri_mtr,1,1.0366113643944181,0.0014431150980064088,-2.416916698319506e-09,false,datetime.datetime(2025, 9, 12, 16, 48, 37, 764962)
gpc_10080_pri_mtr,1,1.0366120479464225,0.0017408565438952134,1.0379329607374099e-08,false,datetime.datetime(2025, 9, 12, 16, 48, 37, 764962)
227_2664032_1,1,1.0298234830110067,104.70268829267151,566.1041228297604,false,datetime.datetime(2025, 9, 12, 16, 48, 37, 764962)
227_452771_6,1,1.029670690847433,198.17782860523192,1131.9920551869532,false,datetime.datetime(2025, 9, 12, 16, 48, 37, 764962)
227_2662741_2,1,1.0300373464537416,86.88226172462839,357.7497773067501,false,datetime.datetime(2025, 9, 12, 16, 48, 37, 764962)
227_4589977_1,1,1.0353151504543094,208.6388202929666,248.92452334522548,false,datetime.datetime(2025, 9, 12, 16, 48, 37, 764962)
227_2662739_1,1,1.0300386901811394,86.8821739232183,357.7415718462536,false,datetime.datetime(2025, 9, 12, 16, 48, 37, 764962)
227_4589970_1,1,1.037441340266717,0.0016003218805824163,1.4669839700135845e-08,false,datetime.datetime(2025, 9, 12, 16, 48, 37, 764962)
227_4290732_20,1,1.0352950596348036,208.6389271266027,248.97113018999892,false,datetime.datetime(2025, 9, 12, 16, 48, 37, 764962)
227_452800_1,1,1.0299206785282884,189.217887951432,1009.105570971779,false,datetime.datetime(2025, 9, 12, 16, 48, 37, 764962)
227_452772_1,1,1.0297030359211166,206.9931423639569,369.66881126361204,false,datetime.datetime(2025, 9, 12, 16, 48, 37, 764962)
227_448259_7,1,1.0367224744321522,5.126677230704886,36.54981835197445,false,datetime.datetime(2025, 9, 12, 16, 48, 37, 764962)
227_623392_1,1,1.0298610346534074,0.1259272793974736,0.8870270106940645,false,datetime.datetime(2025, 9, 12, 16, 48, 37, 764962)
227_2664038_2,1,1.0298274084156012,104.70275888249516,566.1172918269389,false,datetime.datetime(2025, 9, 12, 16, 48, 37, 764962)
227_452759_5,1,1.029910825231987,107.14506328589296,592.597663549899,false,datetime.datetime(2025, 9, 12, 16, 48, 37, 764962)
228_2473080_3,1,1.0244145705548102,3.0538801764604067,21.403369910702565,false,datetime.datetime(2025, 9, 12, 16, 48, 37, 764962)
228_350975_10,1,1.034180039375306,3.898604814263721,27.611552013233844,false,datetime.datetime(2025, 9, 12, 16, 48, 37, 764962)
228_350996_3,1,1.024477379415191,2.035568623404794,14.275056337252689,false,datetime.datetime(2025, 9, 12, 16, 48, 37, 764962)
227_558417_8,1,1.0375376234094877,2.519028877796373,17.87882420213517,false,datetime.datetime(2025, 9, 12, 16, 49, 37, 764962)
227_4589971_5,1,1.0375154440168264,0.0011783895192911905,1.8660809805589272e-09,false,datetime.datetime(2025, 9, 12, 16, 49, 37, 764962)
gpc_10076_pri_mtr,1,1.036691657521849,0.0014432309133322859,-1.167079243601038e-08,false,datetime.datetime(2025, 9, 12, 16, 49, 37, 764962)
gpc_10080_pri_mtr,1,1.0366923810094948,0.0017409938956590267,1.732295635220612e-08,false,datetime.datetime(2025, 9, 12, 16, 49, 37, 764962)
227_2664032_1,1,1.0299139519460858,104.87381684559544,563.8902809922344,false,datetime.datetime(2025, 9, 12, 16, 49, 37, 764962)
227_452771_6,1,1.0297529656272122,197.7552063910074,1126.0403915437853,false,datetime.datetime(2025, 9, 12, 16, 49, 37, 764962)
227_2662741_2,1,1.03012287156494,87.09048113518716,361.4645570402847,false,datetime.datetime(2025, 9, 12, 16, 49, 37, 764962)
227_4589977_1,1,1.0354194324192612,208.5645021374496,252.7520335599969,false,datetime.datetime(2025, 9, 12, 16, 49, 37, 764962)
227_2662739_1,1,1.0301241218647876,87.09039367137,361.4563070511743,false,datetime.datetime(2025, 9, 12, 16, 49, 37, 764962)
227_4589970_1,1,1.037515443504658,0.0016004397944552808,-5.440938581709236e-09,false,datetime.datetime(2025, 9, 12, 16, 49, 37, 764962)
227_4290732_20,1,1.035399437695822,208.5646089383854,252.79860618705408,false,datetime.datetime(2025, 9, 12, 16, 49, 37, 764962)
227_452800_1,1,1.0300058533496952,188.9946611114405,1006.1117596880149,false,datetime.datetime(2025, 9, 12, 16, 49, 37, 764962)
227_452772_1,1,1.0297857154284535,207.20654624747357,348.9723881939211,false,datetime.datetime(2025, 9, 12, 16, 49, 37, 764962)
227_448259_7,1,1.0368038110058813,5.159053308481775,36.75917334154501,false,datetime.datetime(2025, 9, 12, 16, 49, 37, 764962)
227_623392_1,1,1.029945860298734,0.04842662971575001,0.3411557264956685,false,datetime.datetime(2025, 9, 12, 16, 49, 37, 764962)
227_2664038_2,1,1.0299178166259835,104.87388766814449,563.9035344705712,false,datetime.datetime(2025, 9, 12, 16, 49, 37, 764962)
227_452759_5,1,1.029999953808029,107.25175787500545,588.939574840809,false,datetime.datetime(2025, 9, 12, 16, 49, 37, 764962)
228_2473080_3,1,1.0248432018853721,2.7500926615935444,19.282947072600265,false,datetime.datetime(2025, 9, 12, 16, 49, 37, 764962)
228_350975_10,1,1.034293099952391,3.003507899031536,21.283849057441543,false,datetime.datetime(2025, 9, 12, 16, 49, 37, 764962)
228_350996_3,1,1.02487479799209,2.2142589249787905,15.533117470200555,false,datetime.datetime(2025, 9, 12, 16, 49, 37, 764962)
227_558417_8,1,1.0376842377735618,2.314273488764912,16.422114103470904,false,datetime.datetime(2025, 9, 12, 16, 50, 37, 764962)
227_4589971_5,1,1.0376637390866907,0.0011785517513952497,4.944168878057086e-09,false,datetime.datetime(2025, 9, 12, 16, 50, 37, 764962)
gpc_10076_pri_mtr,1,1.0368614144133386,0.0014434613984296045,-6.654957938805002e-09,false,datetime.datetime(2025, 9, 12, 16, 50, 37, 764962)
gpc_10080_pri_mtr,1,1.0368620029803184,0.0017412700057127593,1.989872631702606e-08,false,datetime.datetime(2025, 9, 12, 16, 50, 37, 764962)
227_2664032_1,1,1.0300727668596166,104.93312226419938,558.0310172478931,false,datetime.datetime(2025, 9, 12, 16, 50, 37, 764962)
227_452771_6,1,1.0298620058987558,195.05369096512706,1078.2251033134444,false,datetime.datetime(2025, 9, 12, 16, 50, 37, 764962)
227_2662741_2,1,1.0302839834680573,85.84849792666702,332.85174936711365,false,datetime.datetime(2025, 9, 12, 16, 50, 37, 764962)
227_4589977_1,1,1.0355229000441615,208.7151268983945,248.4881732805867,false,datetime.datetime(2025, 9, 12, 16, 50, 37, 764962)
227_2662739_1,1,1.030285968577944,85.84840782292525,332.8437528397603,false,datetime.datetime(2025, 9, 12, 16, 50, 37, 764962)
227_4589970_1,1,1.0376637385744465,0.0016006615650597995,1.2393730090195455e-08,false,datetime.datetime(2025, 9, 12, 16, 50, 37, 764962)
227_4290732_20,1,1.0355027914396018,208.7152337486533,248.53481808892195,false,datetime.datetime(2025, 9, 12, 16, 50, 37, 764962)
227_452800_1,1,1.0301399655127195,187.5593586357095,970.0216649897478,false,datetime.datetime(2025, 9, 12, 16, 50, 37, 764962)
227_452772_1,1,1.0298942480190532,207.1909071257433,360.433624101513,false,datetime.datetime(2025, 9, 12, 16, 50, 37, 764962)
227_448259_7,1,1.0369712615706412,5.109876057587014,36.46164564566176,false,datetime.datetime(2025, 9, 12, 16, 50, 37, 764962)
227_623392_1,1,1.030053325218147,0.015842451753553637,0.11163230309097502,false,datetime.datetime(2025, 9, 12, 16, 50, 37, 764962)
227_2664038_2,1,1.0300764815143162,104.93319382072337,558.0443682935181,false,datetime.datetime(2025, 9, 12, 16, 50, 37, 764962)
227_452759_5,1,1.030155694863067,107.11138402984545,580.9218000512636,false,datetime.datetime(2025, 9, 12, 16, 50, 37, 764962)
228_2473080_3,1,1.0238798669483282,2.6588408254939733,18.625771083485493,false,datetime.datetime(2025, 9, 12, 16, 50, 37, 764962)
228_350975_10,1,1.0343829433022607,4.050838133569906,28.691374356178905,false,datetime.datetime(2025, 9, 12, 16, 50, 37, 764962)
228_350996_3,1,1.0239271914029984,1.8763282196760076,13.152180679762933,false,datetime.datetime(2025, 9, 12, 16, 50, 37, 764962)
227_558417_8,1,1.0382990030629708,1.9941365938492912,14.164806160914416,false,datetime.datetime(2025, 9, 12, 16, 51, 37, 764962)
227_4589971_5,1,1.038281363104659,0.0011792622154529124,6.126831626387067e-09,false,datetime.datetime(2025, 9, 12, 16, 51, 37, 764962)
gpc_10076_pri_mtr,1,1.037490463716833,0.0014443432853991772,1.0806227070667748e-09,false,datetime.datetime(2025, 9, 12, 16, 51, 37, 764962)
gpc_10080_pri_mtr,1,1.0374910120429852,0.0017423410901957516,1.0882625929298635e-08,false,datetime.datetime(2025, 9, 12, 16, 51, 37, 764962)
227_2664032_1,1,1.0306595568865324,100.31253442539293,512.7053353254739,false,datetime.datetime(2025, 9, 12, 16, 51, 37, 764962)
227_452771_6,1,1.0302979486514854,186.42465751670053,962.6415270817669,false,datetime.datetime(2025, 9, 12, 16, 51, 37, 764962)
227_2662741_2,1,1.030834087059014,84.80095544817938,299.6402252332201,false,datetime.datetime(2025, 9, 12, 16, 51, 37, 764962)
227_4589977_1,1,1.0360384856804972,209.07081762065582,236.5483398682415,false,datetime.datetime(2025, 9, 12, 16, 51, 37, 764962)
227_2662739_1,1,1.0308369250252634,84.8008624671199,299.6324397307944,false,datetime.datetime(2025, 9, 12, 16, 51, 37, 764962)
227_4589970_1,1,1.0382813625921126,0.001601625188116812,1.0684124002431161e-08,false,datetime.datetime(2025, 9, 12, 16, 51, 37, 764962)
227_4290732_20,1,1.0360180575571787,209.07092468375754,236.59513716632807,false,datetime.datetime(2025, 9, 12, 16, 51, 37, 764962)
227_452800_1,1,1.030635693689159,181.0891804820093,875.4702131691168,false,datetime.datetime(2025, 9, 12, 16, 51, 37, 764962)
227_452772_1,1,1.0303300858899376,207.55583740391438,335.8191799454486,false,datetime.datetime(2025, 9, 12, 16, 51, 37, 764962)
227_448259_7,1,1.0376023257476301,5.232165905010189,37.32972430403869,false,datetime.datetime(2025, 9, 12, 16, 51, 37, 764962)
227_623392_1,1,1.0304916349347832,0.12575394292427813,0.8863465409002915,false,datetime.datetime(2025, 9, 12, 16, 51, 37, 764962)
227_2664038_2,1,1.0306621023135272,100.3126090465148,512.717166845695,false,datetime.datetime(2025, 9, 12, 16, 51, 37, 764962)
227_452759_5,1,1.030721344900732,102.10667502198474,532.471232308266,false,datetime.datetime(2025, 9, 12, 16, 51, 37, 764962)
228_2473080_3,1,1.0270145363719578,2.4344924264256336,17.106970803673857,false,datetime.datetime(2025, 9, 12, 16, 51, 37, 764962)
228_350975_10,1,1.0348835091884545,3.089413615593363,21.903093933188376,false,datetime.datetime(2025, 9, 12, 16, 51, 37, 764962)
228_350996_3,1,1.0270545670677322,1.7667674270578722,12.422768709197877,false,datetime.datetime(2025, 9, 12, 16, 51, 37, 764962)
227_558417_8,1,1.038718018933278,1.2435668498086958,8.827146143726983,false,datetime.datetime(2025, 9, 12, 16, 52, 37, 764962)
227_4589971_5,1,1.0387095243921847,0.0011797488210686824,2.385163889465738e-09,false,datetime.datetime(2025, 9, 12, 16, 52, 37, 764962)
gpc_10076_pri_mtr,1,1.0378815640403332,0.0014448931972246045,-1.949427970954307e-08,false,datetime.datetime(2025, 9, 12, 16, 52, 37, 764962)
gpc_10080_pri_mtr,1,1.0378819712191605,0.0017429975195097543,1.5502136099062428e-08,false,datetime.datetime(2025, 9, 12, 16, 52, 37, 764962)
227_2664032_1,1,1.0311191141638816,97.84792619767393,474.43576311093886,false,datetime.datetime(2025, 9, 12, 16, 52, 37, 764962)
227_452771_6,1,1.0306279151163713,180.93401883540366,870.6113235479509,false,datetime.datetime(2025, 9, 12, 16, 52, 37, 764962)
227_2662741_2,1,1.0312644473863315,84.20253546594284,266.33705200377176,false,datetime.datetime(2025, 9, 12, 16, 52, 37, 764962)
227_4589977_1,1,1.036408263142666,209.22971351762186,232.7556128630983,false,datetime.datetime(2025, 9, 12, 16, 52, 37, 764962)
227_2662739_1,1,1.0312681391324559,84.20243996088999,266.3293788407018,false,datetime.datetime(2025, 9, 12, 16, 52, 37, 764962)
227_4589970_1,1,1.0387095238794284,0.0016022868919100867,1.666848065501248e-08,false,datetime.datetime(2025, 9, 12, 16, 52, 37, 764962)
227_4290732_20,1,1.0363877263029917,209.2298206679459,232.8024786758842,false,datetime.datetime(2025, 9, 12, 16, 52, 37, 764962)
227_452800_1,1,1.03101423030812,176.7236941659135,791.5307902592139,false,datetime.datetime(2025, 9, 12, 16, 52, 37, 764962)
227_452772_1,1,1.0306598835772822,207.84150074464043,320.0528830908346,false,datetime.datetime(2025, 9, 12, 16, 52, 37, 764962)
227_448259_7,1,1.0380002002532127,5.638654512035245,40.203394725902115,false,datetime.datetime(2025, 9, 12, 16, 52, 37, 764962)
227_623392_1,1,1.0308231744541303,0.048482169935351704,0.3418365033632491,false,datetime.datetime(2025, 9, 12, 16, 52, 37, 764962)
227_2664038_2,1,1.0311206733739111,97.84800376923666,474.44691091855304,false,datetime.datetime(2025, 9, 12, 16, 52, 37, 764962)
227_452759_5,1,1.0311636693246389,99.62253321064904,495.23219052141576,false,datetime.datetime(2025, 9, 12, 16, 52, 37, 764962)
228_2473080_3,1,1.0283671523934383,2.100753541844521,14.782217331755136,false,datetime.datetime(2025, 9, 12, 16, 52, 37, 764962)
228_350975_10,1,1.0352508545804462,2.2594752712448765,16.035411160772412,false,datetime.datetime(2025, 9, 12, 16, 52, 37, 764962)
228_350996_3,1,1.0283791459292329,1.8723933518211133,13.181724303148986,false,datetime.datetime(2025, 9, 12, 16, 52, 37, 764962)
227_558417_8,1,1.0387577954172074,0.9200526010696412,6.5269115235990816,false,datetime.datetime(2025, 9, 12, 16, 53, 37, 764962)
227_4589971_5,1,1.0387533529159672,0.0011798016795308494,-1.607748138282553e-08,false,datetime.datetime(2025, 9, 12, 16, 53, 37, 764962)
gpc_10076_pri_mtr,1,1.0379989605090796,0.001445057501125429,-2.4684993172056148e-08,false,datetime.datetime(2025, 9, 12, 16, 53, 37, 764962)
gpc_10080_pri_mtr,1,1.037999452951488,0.001743195729607808,9.524348795961405e-09,false,datetime.datetime(2025, 9, 12, 16, 53, 37, 764962)
227_2664032_1,1,1.031123573953515,96.28120697625069,472.30242023108895,false,datetime.datetime(2025, 9, 12, 16, 53, 37, 764962)
227_452771_6,1,1.0306157471510426,179.71703511872386,855.0447051669748,false,datetime.datetime(2025, 9, 12, 16, 53, 37, 764962)
227_2662741_2,1,1.0312681678806577,83.83863052620183,259.11325760768153,false,datetime.datetime(2025, 9, 12, 16, 53, 37, 764962)
227_4589977_1,1,1.036349157342407,209.47908164896657,224.0805073290003,false,datetime.datetime(2025, 9, 12, 16, 53, 37, 764962)
227_2662739_1,1,1.0312720423793513,83.83853431239761,259.1056637669781,false,datetime.datetime(2025, 9, 12, 16, 53, 37, 764962)
227_4589970_1,1,1.0387533524031884,0.0016023564076177524,1.7489475784907615e-08,false,datetime.datetime(2025, 9, 12, 16, 53, 37, 764962)
227_4290732_20,1,1.03632840027597,209.47918886550718,224.12748997436645,false,datetime.datetime(2025, 9, 12, 16, 53, 37, 764962)
227_452800_1,1,1.031009804321975,175.7206321457889,779.1063571839401,false,datetime.datetime(2025, 9, 12, 16, 53, 37, 764962)
227_452772_1,1,1.030647194549952,207.57909921945645,340.6796943103602,false,datetime.datetime(2025, 9, 12, 16, 53, 37, 764962)
227_448259_7,1,1.038102906891894,4.8721187029317825,34.786591421494286,false,datetime.datetime(2025, 9, 12, 16, 53, 37, 764962)
227_623392_1,1,1.0308084659330117,0.0158309269120231,0.1116322812483091,false,datetime.datetime(2025, 9, 12, 16, 53, 37, 764962)
227_2664038_2,1,1.0311250830734202,96.28128464530204,472.3130326278752,false,datetime.datetime(2025, 9, 12, 16, 53, 37, 764962)
227_452759_5,1,1.0311670500159273,97.95499991692722,491.8147297225207,false,datetime.datetime(2025, 9, 12, 16, 53, 37, 764962)
228_2473080_3,1,1.028808494960495,2.141656431828664,15.076452599332136,false,datetime.datetime(2025, 9, 12, 16, 53, 37, 764962)
228_350975_10,1,1.0351538781399117,6.925295813574093,49.071493894105096,false,datetime.datetime(2025, 9, 12, 16, 53, 37, 764962)
228_350996_3,1,1.0288336431956187,1.7067674116954823,12.022091822122723,false,datetime.datetime(2025, 9, 12, 16, 53, 37, 764962)
227_558417_8,1,1.0371001049075703,0.5575587695374978,3.9399555748060573,false,datetime.datetime(2025, 9, 12, 16, 54, 37, 764962)
227_4589971_5,1,1.037097585218395,0.0011779170630602065,1.44880839427626e-08,false,datetime.datetime(2025, 9, 12, 16, 54, 37, 764962)
gpc_10076_pri_mtr,1,1.036369348806165,0.00144278366093423,-2.5598676847121124e-08,false,datetime.datetime(2025, 9, 12, 16, 54, 37, 764962)
gpc_10080_pri_mtr,1,1.0363698151665486,0.0017404553154133423,2.985545710558352e-09,false,datetime.datetime(2025, 9, 12, 16, 54, 37, 764962)
227_2664032_1,1,1.0292108811161425,95.62047165932577,441.1929933140021,false,datetime.datetime(2025, 9, 12, 16, 54, 37, 764962)
227_452771_6,1,1.0286448657513725,178.01351701313422,823.3582081321795,false,datetime.datetime(2025, 9, 12, 16, 54, 37, 764962)
227_2662741_2,1,1.0293224455007877,83.7908358161064,265.4789895178559,false,datetime.datetime(2025, 9, 12, 16, 54, 37, 764962)
227_4589977_1,1,1.0345088746854028,209.56578472899417,205.75390880499862,false,datetime.datetime(2025, 9, 12, 16, 54, 37, 764962)
227_2662739_1,1,1.0293261313710875,83.7907402880979,265.471401251931,false,datetime.datetime(2025, 9, 12, 16, 54, 37, 764962)
227_4589970_1,1,1.0370975847064314,0.0015997977108127546,7.83690416479639e-09,false,datetime.datetime(2025, 9, 12, 16, 54, 37, 764962)
227_4290732_20,1,1.0344877086001467,209.5658919331678,205.8009313985894,false,datetime.datetime(2025, 9, 12, 16, 54, 37, 764962)
227_452800_1,1,1.0290528753940904,174.28461276895965,748.7863683637421,false,datetime.datetime(2025, 9, 12, 16, 54, 37, 764962)
227_452772_1,1,1.0286768755079083,207.79607800912532,303.27219963018194,false,datetime.datetime(2025, 9, 12, 16, 54, 37, 764962)
227_448259_7,1,1.0364633530555336,4.3978818213759645,31.41246470716298,false,datetime.datetime(2025, 9, 12, 16, 54, 37, 764962)
227_623392_1,1,1.0288413988663212,0.1258586212469747,0.8856652089443752,false,datetime.datetime(2025, 9, 12, 16, 54, 37, 764962)
227_2664038_2,1,1.0292116576755503,95.62055142938878,441.2035235772569,false,datetime.datetime(2025, 9, 12, 16, 54, 37, 764962)
227_452759_5,1,1.0292409731779946,96.98235167651646,458.4455256549435,false,datetime.datetime(2025, 9, 12, 16, 54, 37, 764962)
228_2473080_3,1,1.0225596122604275,1.9574163127998823,13.696098566081707,false,datetime.datetime(2025, 9, 12, 16, 54, 37, 764962)
228_350975_10,1,1.0333046826538705,3.67327185412295,25.985952860523945,false,datetime.datetime(2025, 9, 12, 16, 54, 37, 764962)
228_350996_3,1,1.0225622754951835,1.8712971824183413,13.099445382188897,false,datetime.datetime(2025, 9, 12, 16, 54, 37, 764962)
227_558417_8,1,1.0372708399633923,0.5817583497444001,4.11317909092519,false,datetime.datetime(2025, 9, 12, 16, 55, 37, 764962)
227_4589971_5,1,1.0372672230621294,0.001178106964345602,2.259192908595463e-09,false,datetime.datetime(2025, 9, 12, 16, 55, 37, 764962)
gpc_10076_pri_mtr,1,1.0365631814657763,0.0014430497933552034,-8.87032584462384e-09,false,datetime.datetime(2025, 9, 12, 16, 55, 37, 764962)
gpc_10080_pri_mtr,1,1.0365636287352895,0.001740776044392558,1.5135443118498217e-08,false,datetime.datetime(2025, 9, 12, 16, 55, 37, 764962)
227_2664032_1,1,1.0295507081388022,93.93510242034371,405.8312855622671,false,datetime.datetime(2025, 9, 12, 16, 55, 37, 764962)
227_452771_6,1,1.0288776469697762,174.8721361607217,753.6806983374175,false,datetime.datetime(2025, 9, 12, 16, 55, 37, 764962)
227_2662741_2,1,1.0296336797884067,83.18803846036111,238.8476059831617,false,datetime.datetime(2025, 9, 12, 16, 55, 37, 764962)
227_4589977_1,1,1.0347428323868553,209.42877150214028,212.9634012535551,false,datetime.datetime(2025, 9, 12, 16, 55, 37, 764962)
227_2662739_1,1,1.0296380497920672,83.18794079142128,238.84014077081866,false,datetime.datetime(2025, 9, 12, 16, 55, 37, 764962)
227_4589970_1,1,1.0372672225500816,0.0016000561808031054,-4.0201184139388704e-09,false,datetime.datetime(2025, 9, 12, 16, 55, 37, 764962)
227_4290732_20,1,1.034721843875239,209.42887864662606,213.01036611825054,false,datetime.datetime(2025, 9, 12, 16, 55, 37, 764962)
227_452800_1,1,1.029322843490202,171.88948969939713,684.2232200159777,false,datetime.datetime(2025, 9, 12, 16, 55, 37, 764962)
227_452772_1,1,1.0289094354250647,207.97843892016965,295.34055250357915,false,datetime.datetime(2025, 9, 12, 16, 55, 37, 764962)
227_448259_7,1,1.0366585477638262,4.478379433665335,31.945188179657723,false,datetime.datetime(2025, 9, 12, 16, 55, 37, 764962)
227_623392_1,1,1.0290748618124133,0.0486612478410374,0.3425198046207844,false,datetime.datetime(2025, 9, 12, 16, 55, 37, 764962)
227_2664038_2,1,1.029550575444976,93.93518484124573,405.8413855411476,false,datetime.datetime(2025, 9, 12, 16, 55, 37, 764962)
227_452759_5,1,1.0295643328401196,95.01945967967212,420.9283774559252,false,datetime.datetime(2025, 9, 12, 16, 55, 37, 764962)
228_2473080_3,1,1.0230497368097762,2.0098236693446365,14.069377184836819,false,datetime.datetime(2025, 9, 12, 16, 55, 37, 764962)
228_350975_10,1,1.0335575440199605,2.150822433407977,15.231342552522694,false,datetime.datetime(2025, 9, 12, 16, 55, 37, 764962)
228_350996_3,1,1.0230591488549434,1.814572681867696,12.708902843107348,false,datetime.datetime(2025, 9, 12, 16, 55, 37, 764962)
227_558417_8,1,1.0389185068161177,0.4973078920845745,3.505246838510275,false,datetime.datetime(2025, 9, 12, 16, 56, 37, 764962)
227_4589971_5,1,1.0389159687465088,0.0011799937014387797,1.3472788252754555e-08,false,datetime.datetime(2025, 9, 12, 16, 56, 37, 764962)
gpc_10076_pri_mtr,1,1.0382419890228831,0.001445401478127465,-4.929800056022595e-09,false,datetime.datetime(2025, 9, 12, 16, 56, 37, 764962)
gpc_10080_pri_mtr,1,1.0382424366511012,0.0017436140804413594,2.062440969298496e-08,false,datetime.datetime(2025, 9, 12, 16, 56, 37, 764962)
227_2664032_1,1,1.0310076236943946,93.14574190115816,436.18135332696687,false,datetime.datetime(2025, 9, 12, 16, 56, 37, 764962)
227_452771_6,1,1.030521539272663,179.79280307327727,904.7505903759571,false,datetime.datetime(2025, 9, 12, 16, 56, 37, 764962)
227_2662741_2,1,1.0310771382861927,89.42026766075267,373.28960546056544,false,datetime.datetime(2025, 9, 12, 16, 56, 37, 764962)
227_4589977_1,1,1.0362778994541193,210.09439504534527,201.54300236834737,false,datetime.datetime(2025, 9, 12, 16, 56, 37, 764962)
227_2662739_1,1,1.0310780996837607,89.42018236032526,373.2808162332217,false,datetime.datetime(2025, 9, 12, 16, 56, 37, 764962)
227_4589970_1,1,1.0389159682336528,0.0016026185463703098,1.8141823662541202e-08,false,datetime.datetime(2025, 9, 12, 16, 56, 37, 764962)
227_4290732_20,1,1.0362565688751069,210.09450247423086,201.59025996541718,false,datetime.datetime(2025, 9, 12, 16, 56, 37, 764962)
227_452800_1,1,1.0308872564860436,176.27144016330118,842.2051914006831,false,datetime.datetime(2025, 9, 12, 16, 56, 37, 764962)
227_452772_1,1,1.0305534287435252,207.71202856264176,333.7537044795894,false,datetime.datetime(2025, 9, 12, 16, 56, 37, 764962)
227_448259_7,1,1.0383352587027794,4.3849132919350575,31.206383937233298,false,datetime.datetime(2025, 9, 12, 16, 56, 37, 764962)
227_623392_1,1,1.0307154002788788,0.01583232614075816,0.11163238613256452,false,datetime.datetime(2025, 9, 12, 16, 56, 37, 764962)
227_2664038_2,1,1.0310082293394685,93.14582222072725,436.1910745787101,false,datetime.datetime(2025, 9, 12, 16, 56, 37, 764962)
227_452759_5,1,1.0310343535253594,94.27543752499213,450.696454759933,false,datetime.datetime(2025, 9, 12, 16, 56, 37, 764962)
228_2473080_3,1,1.0289654366645282,1.6799941631411426,11.829534776734796,false,datetime.datetime(2025, 9, 12, 16, 56, 37, 764962)
228_350975_10,1,1.0350261134533911,10.935833200135821,77.4523281133368,false,datetime.datetime(2025, 9, 12, 16, 56, 37, 764962)
228_350996_3,1,1.0289556191223477,1.7940681549791386,12.637899865610974,false,datetime.datetime(2025, 9, 12, 16, 56, 37, 764962)
227_558417_8,1,1.0403330853891577,0.4604135882419145,3.2463388109387155,false,datetime.datetime(2025, 9, 12, 16, 57, 37, 764962)
227_4589971_5,1,1.040331007588996,0.0011815941302502327,1.3553844870506804e-08,false,datetime.datetime(2025, 9, 12, 16, 57, 37, 764962)
gpc_10076_pri_mtr,1,1.0397101419552242,0.0014474412638334105,-3.0165477669027454e-08,false,datetime.datetime(2025, 9, 12, 16, 57, 37, 764962)
gpc_10080_pri_mtr,1,1.0397105957175794,0.0017460727477948824,1.3624627655999742e-08,false,datetime.datetime(2025, 9, 12, 16, 57, 37, 764962)
227_2664032_1,1,1.032240220848908,88.9850936188192,347.0723438887735,false,datetime.datetime(2025, 9, 12, 16, 57, 37, 764962)
227_452771_6,1,1.0314327878560694,170.28208901466755,680.3308797007976,false,datetime.datetime(2025, 9, 12, 16, 57, 37, 764962)
227_2662741_2,1,1.032262206459804,82.77524243482381,241.288199053227,false,datetime.datetime(2025, 9, 12, 16, 57, 37, 764962)
227_4589977_1,1,1.0374278457170412,211.01002159082137,177.26569965411795,false,datetime.datetime(2025, 9, 12, 16, 57, 37, 764962)
227_2662739_1,1,1.0322665567332072,82.77514400459306,241.28084077666958,false,datetime.datetime(2025, 9, 12, 16, 57, 37, 764962)
227_4589970_1,1,1.0403310070754401,0.0016047939394619264,6.289479253032354e-09,false,datetime.datetime(2025, 9, 12, 16, 57, 37, 764962)
227_4290732_20,1,1.0374058619173545,211.01012937338785,177.31336659815628,false,datetime.datetime(2025, 9, 12, 16, 57, 37, 764962)
227_452800_1,1,1.031918824044561,168.30408920088783,622.1443150945454,false,datetime.datetime(2025, 9, 12, 16, 57, 37, 764962)
227_452772_1,1,1.031465072656526,209.31479552012863,257.8663181011102,false,datetime.datetime(2025, 9, 12, 16, 57, 37, 764962)
227_448259_7,1,1.039792974124892,3.861923508309103,27.582937187507042,false,datetime.datetime(2025, 9, 12, 16, 57, 37, 764962)
227_623392_1,1,1.0316349228465993,0.01581816088001317,0.11163228436622419,false,datetime.datetime(2025, 9, 12, 16, 57, 37, 764962)
227_2664038_2,1,1.0322385427400234,88.9851815909648,347.08111707044213,false,datetime.datetime(2025, 9, 12, 16, 57, 37, 764962)
227_452759_5,1,1.0322266782959186,89.92401560868832,362.32074590065537,false,datetime.datetime(2025, 9, 12, 16, 57, 37, 764962)
228_2473080_3,1,1.0276925769111847,1.366513937782884,9.611436510874338,false,datetime.datetime(2025, 9, 12, 16, 57, 37, 764962)
228_350975_10,1,1.0361673629344896,4.857762366076956,34.45614459987264,false,datetime.datetime(2025, 9, 12, 16, 57, 37, 764962)
228_350996_3,1,1.0276708111417505,1.6711833281842352,11.758387846990843,false,datetime.datetime(2025, 9, 12, 16, 57, 37, 764962)
227_558417_8,1,1.038887874595333,0.45970600486986485,3.2464303455027057,false,datetime.datetime(2025, 9, 12, 16, 58, 37, 764962)
227_4589971_5,1,1.0388857988194344,0.001179958500617851,3.967002577486555e-09,false,datetime.datetime(2025, 9, 12, 16, 58, 37, 764962)
gpc_10076_pri_mtr,1,1.0383278507608364,0.0014455181492332976,-5.15834295757016e-09,false,datetime.datetime(2025, 9, 12, 16, 58, 37, 764962)
gpc_10080_pri_mtr,1,1.0383281718825794,0.001743754313001267,1.7980812624065858e-08,false,datetime.datetime(2025, 9, 12, 16, 58, 37, 764962)
227_2664032_1,1,1.0306326811214312,87.24884997243271,302.2099537926312,false,datetime.datetime(2025, 9, 12, 16, 58, 37, 764962)
227_452771_6,1,1.0296702867945164,167.54037445940008,568.9450136519712,false,datetime.datetime(2025, 9, 12, 16, 58, 37, 764962)
227_2662741_2,1,1.0306300453398602,82.38486606306591,177.2115067293065,false,datetime.datetime(2025, 9, 12, 16, 58, 37, 764962)
227_4589977_1,1,1.0357926000123772,211.20356647582187,159.44565830905572,false,datetime.datetime(2025, 9, 12, 16, 58, 37, 764962)
227_2662739_1,1,1.0306359973587076,82.3847638571814,177.2042145079555,false,datetime.datetime(2025, 9, 12, 16, 58, 37, 764962)
227_4589970_1,1,1.0388857983065918,0.001602568501382649,5.844422494072205e-09,false,datetime.datetime(2025, 9, 12, 16, 58, 37, 764962)
227_4290732_20,1,1.0357702125584973,211.20367422936465,159.49341063826876,false,datetime.datetime(2025, 9, 12, 16, 58, 37, 764962)
227_452800_1,1,1.0302134131807694,166.33204682387392,513.4969693272978,false,datetime.datetime(2025, 9, 12, 16, 58, 37, 764962)
227_452772_1,1,1.0297026419535087,209.80476588744688,222.53630156058458,false,datetime.datetime(2025, 9, 12, 16, 58, 37, 764962)
227_448259_7,1,1.0384017456021677,3.48703331753932,24.957284093353973,false,datetime.datetime(2025, 9, 12, 16, 58, 37, 764962)
227_623392_1,1,1.029875587457865,0.12560361618321203,0.8847583705436093,false,datetime.datetime(2025, 9, 12, 16, 58, 37, 764962)
227_2664038_2,1,1.0306298857687943,87.24894121376954,302.2183347624944,false,datetime.datetime(2025, 9, 12, 16, 58, 37, 764962)
227_452759_5,1,1.0305992718240777,88.05145823964651,316.90636937893584,false,datetime.datetime(2025, 9, 12, 16, 58, 37, 764962)
228_2473080_3,1,1.0281588272954878,1.280338535150995,9.00981140742548,false,datetime.datetime(2025, 9, 12, 16, 58, 37, 764962)
228_350975_10,1,1.034521987967947,1.9305575264013672,13.693271323211949,false,datetime.datetime(2025, 9, 12, 16, 58, 37, 764962)
228_350996_3,1,1.0281713513821276,1.065023015381414,7.501452481632483,false,datetime.datetime(2025, 9, 12, 16, 58, 37, 764962)
227_558417_8,1,1.0391126325974178,0.5802212386644756,4.112537148514189,false,datetime.datetime(2025, 9, 12, 16, 59, 37, 764962)
227_4589971_5,1,1.0391090287654041,0.0011802139323165866,-5.065619538008297e-10,false,datetime.datetime(2025, 9, 12, 16, 59, 37, 764962)
gpc_10076_pri_mtr,1,1.0386040549093816,0.001445905399364032,-1.81467593839687e-08,false,datetime.datetime(2025, 9, 12, 16, 59, 37, 764962)
gpc_10080_pri_mtr,1,1.0386043294272918,0.0017442226146914567,1.4219923638383496e-08,false,datetime.datetime(2025, 9, 12, 16, 59, 37, 764962)
227_2664032_1,1,1.0307266215426933,86.05684303856751,294.72983091707937,false,datetime.datetime(2025, 9, 12, 16, 59, 37, 764962)
227_452771_6,1,1.0297284279555614,166.6474085173879,542.9358524291438,false,datetime.datetime(2025, 9, 12, 16, 59, 37, 764962)
227_2662741_2,1,1.0307208658706661,82.20914248350061,160.0631709661582,false,datetime.datetime(2025, 9, 12, 16, 59, 37, 764962)
227_4589977_1,1,1.0358590238331418,211.6781130482059,144.43746827667417,false,datetime.datetime(2025, 9, 12, 16, 59, 37, 764962)
227_2662739_1,1,1.0307272554129225,82.20903906039293,160.05592028445585,false,datetime.datetime(2025, 9, 12, 16, 59, 37, 764962)
227_4589970_1,1,1.039109028252452,0.0016029150252167854,1.4848642019921263e-08,false,datetime.datetime(2025, 9, 12, 16, 59, 37, 764962)
227_4290732_20,1,1.0358362527284206,211.6782209263982,144.4854314857383,false,datetime.datetime(2025, 9, 12, 16, 59, 37, 764962)
227_452800_1,1,1.0302854922034717,165.61703937900262,485.99302235422715,false,datetime.datetime(2025, 9, 12, 16, 59, 37, 764962)
227_452772_1,1,1.029760470016095,209.62455608383314,230.66777603781173,false,datetime.datetime(2025, 9, 12, 16, 59, 37, 764962)
227_448259_7,1,1.0386736454850276,3.303641462762991,23.625662751127646,false,datetime.datetime(2025, 9, 12, 16, 59, 37, 764962)
227_623392_1,1,1.0299327069229853,0.048749556937840936,0.34342563149307803,false,datetime.datetime(2025, 9, 12, 16, 59, 37, 764962)
227_2664038_2,1,1.030723635299293,86.05693546956815,294.73792067051073,false,datetime.datetime(2025, 9, 12, 16, 59, 37, 764962)
227_452759_5,1,1.0306896781749826,86.81206611281678,308.4115095432293,false,datetime.datetime(2025, 9, 12, 16, 59, 37, 764962)
228_2473080_3,1,1.0293295697966338,1.1958567449675286,8.425331205392606,false,datetime.datetime(2025, 9, 12, 16, 59, 37, 764962)
228_350975_10,1,1.0345497118529152,4.702762419754796,33.311107093129976,false,datetime.datetime(2025, 9, 12, 16, 59, 37, 764962)
228_350996_3,1,1.0293466739274901,0.9102985674190912,6.420747350303558,false,datetime.datetime(2025, 9, 12, 16, 59, 37, 764962)
227_558417_8,1,1.0394814371346255,0.4955144646652174,3.5062089296183414,false,datetime.datetime(2025, 9, 12, 17, 0, 37, 764962)
227_4589971_5,1,1.039478904304268,0.0011806348783184708,1.0630752912147028e-08,false,datetime.datetime(2025, 9, 12, 17, 0, 37, 764962)
gpc_10076_pri_mtr,1,1.0389910563702847,0.0014464459499543634,-1.9368187347629186e-08,false,datetime.datetime(2025, 9, 12, 17, 0, 37, 764962)
gpc_10080_pri_mtr,1,1.0389913289747605,0.001744874166521628,4.5523570213500987e-10,false,datetime.datetime(2025, 9, 12, 17, 0, 37, 764962)
227_2664032_1,1,1.030976126573095,86.04166920772722,274.19604252891236,false,datetime.datetime(2025, 9, 12, 17, 0, 37, 764962)
227_452771_6,1,1.0299208202256889,166.15028202693085,509.3190664125889,false,datetime.datetime(2025, 9, 12, 17, 0, 37, 764962)
227_2662741_2,1,1.030950804176442,82.2891868308322,150.4425965054622,false,datetime.datetime(2025, 9, 12, 17, 0, 37, 764962)
227_4589977_1,1,1.036139967366663,212.0374402365122,135.40150100207293,false,datetime.datetime(2025, 9, 12, 17, 0, 37, 764962)
227_2662739_1,1,1.0309574417869476,82.28908289872753,150.43533270897757,false,datetime.datetime(2025, 9, 12, 17, 0, 37, 764962)
227_4589970_1,1,1.039478903791134,0.0016034846316453368,2.838562952262047e-08,false,datetime.datetime(2025, 9, 12, 17, 0, 37, 764962)
227_4290732_20,1,1.0361169576815281,212.0375482015075,135.44962606522097,false,datetime.datetime(2025, 9, 12, 17, 0, 37, 764962)
227_452800_1,1,1.0304958050986583,165.34404408332588,454.1829186301892,false,datetime.datetime(2025, 9, 12, 17, 0, 37, 764962)
227_452772_1,1,1.0299533312822,210.4601612127907,200.30047437468494,false,datetime.datetime(2025, 9, 12, 17, 0, 37, 764962)
227_448259_7,1,1.0390574700104709,3.145730757426676,22.518509126407537,false,datetime.datetime(2025, 9, 12, 17, 0, 37, 764962)
227_623392_1,1,1.0301287091287377,0.01584154163814333,0.11163467868152396,false,datetime.datetime(2025, 9, 12, 17, 0, 37, 764962)
227_2664038_2,1,1.030972611330274,86.04176284625687,274.20414364734677,false,datetime.datetime(2025, 9, 12, 17, 0, 37, 764962)
227_452759_5,1,1.0309293170421887,86.60463092891212,285.0678774021477,false,datetime.datetime(2025, 9, 12, 17, 0, 37, 764962)
228_2473080_3,1,1.0296985294376968,1.3813939416430874,9.735020509295065,false,datetime.datetime(2025, 9, 12, 17, 0, 37, 764962)
228_350975_10,1,1.034826668748899,2.580593683631729,18.30013724710803,false,datetime.datetime(2025, 9, 12, 17, 0, 37, 764962)
228_350996_3,1,1.0297127899585106,1.1327058497901135,7.989386761237328,false,datetime.datetime(2025, 9, 12, 17, 0, 37, 764962)
227_558417_8,1,1.03949715559803,0.4597811945361449,3.246493232338914,false,datetime.datetime(2025, 9, 12, 17, 1, 37, 764962)
227_4589971_5,1,1.0394950818321844,0.0011806527284146423,-3.770340927723691e-09,false,datetime.datetime(2025, 9, 12, 17, 1, 37, 764962)
gpc_10076_pri_mtr,1,1.039019992261981,0.0014464867561072591,-2.634959944172736e-08,false,datetime.datetime(2025, 9, 12, 17, 1, 37, 764962)
gpc_10080_pri_mtr,1,1.039020207818076,0.0017449210842595568,8.422893147203028e-09,false,datetime.datetime(2025, 9, 12, 17, 1, 37, 764962)
227_2664032_1,1,1.0310174644291605,85.05292383949018,264.4352225116236,false,datetime.datetime(2025, 9, 12, 17, 1, 37, 764962)
227_452771_6,1,1.029948667331981,165.70270980590743,502.5011865833545,false,datetime.datetime(2025, 9, 12, 17, 1, 37, 764962)
227_2662741_2,1,1.0309827012487955,82.22523201486044,155.04400493144442,false,datetime.datetime(2025, 9, 12, 17, 1, 37, 764962)
227_4589977_1,1,1.0361722208575455,211.91893725882593,139.3236763102461,false,datetime.datetime(2025, 9, 12, 17, 1, 37, 764962)
227_2662739_1,1,1.03098922216573,82.22512826302957,155.0367534699658,false,datetime.datetime(2025, 9, 12, 17, 1, 37, 764962)
227_4589970_1,1,1.0394950813190424,0.0016035128659767457,8.264692301307641e-09,false,datetime.datetime(2025, 9, 12, 17, 1, 37, 764962)
227_4290732_20,1,1.0361493101407557,211.91904520311087,139.37174847640313,false,datetime.datetime(2025, 9, 12, 17, 1, 37, 764962)
227_452800_1,1,1.030527075300052,164.98403824460996,449.8671493823624,false,datetime.datetime(2025, 9, 12, 17, 1, 37, 764962)
227_452772_1,1,1.029981182669382,210.5200169463822,198.31157729638323,false,datetime.datetime(2025, 9, 12, 17, 1, 37, 764962)
227_448259_7,1,1.0390852777106656,3.1187310075306938,22.331581411990737,false,datetime.datetime(2025, 9, 12, 17, 1, 37, 764962)
227_623392_1,1,1.0301566516913494,0.12547319491997896,0.8840789506425966,false,datetime.datetime(2025, 9, 12, 17, 1, 37, 764962)
227_2664038_2,1,1.031013700812707,85.05301878527041,264.4430928460661,false,datetime.datetime(2025, 9, 12, 17, 1, 37, 764962)
227_452759_5,1,1.0309667617094318,85.72051532220449,277.96378574901894,false,datetime.datetime(2025, 9, 12, 17, 1, 37, 764962)
228_2473080_3,1,1.030546719358147,1.2236367670837607,8.63109794042316,false,datetime.datetime(2025, 9, 12, 17, 1, 37, 764962)
228_350975_10,1,1.0348696946755,1.6881393011515406,11.983438373134053,false,datetime.datetime(2025, 9, 12, 17, 1, 37, 764962)
228_350996_3,1,1.0305620812939629,0.9658833465383708,6.820127999512337,false,datetime.datetime(2025, 9, 12, 17, 1, 37, 764962)
227_558417_8,1,1.0394452087714305,0.4594478166302365,3.246509648527195,false,datetime.datetime(2025, 9, 12, 17, 2, 37, 764962)
227_4589971_5,1,1.0394431352785622,0.0011805946927342936,-2.690754719315746e-10,false,datetime.datetime(2025, 9, 12, 17, 2, 37, 764962)
gpc_10076_pri_mtr,1,1.038967419250219,0.0014464117642266285,-9.75768877969905e-09,false,datetime.datetime(2025, 9, 12, 17, 2, 37, 764962)
gpc_10080_pri_mtr,1,1.0389675545378765,0.0017448337293334496,1.2880189239589136e-08,false,datetime.datetime(2025, 9, 12, 17, 2, 37, 764962)
227_2664032_1,1,1.0308663044410646,85.75716744417235,285.45577858216103,false,datetime.datetime(2025, 9, 12, 17, 2, 37, 764962)
227_452771_6,1,1.0298419402752623,166.3798551683832,522.2420065825044,false,datetime.datetime(2025, 9, 12, 17, 2, 37, 764962)
227_2662741_2,1,1.0308539083536112,82.26059587212329,153.85905020309258,false,datetime.datetime(2025, 9, 12, 17, 2, 37, 764962)
227_4589977_1,1,1.036040086084971,212.12937062261426,132.0551005535524,false,datetime.datetime(2025, 9, 12, 17, 2, 37, 764962)
227_2662739_1,1,1.030860457592818,82.26049212977864,153.85179063574293,false,datetime.datetime(2025, 9, 12, 17, 2, 37, 764962)
227_4589970_1,1,1.0394431347654451,0.001603431872147007,-1.3670886775117336e-09,false,datetime.datetime(2025, 9, 12, 17, 2, 37, 764962)
227_4290732_20,1,1.0360169949185023,212.12947859577315,132.10326818803824,false,datetime.datetime(2025, 9, 12, 17, 2, 37, 764962)
227_452800_1,1,1.0304094665794161,165.55869313342023,473.0545903066474,false,datetime.datetime(2025, 9, 12, 17, 2, 37, 764962)
227_452772_1,1,1.0298742265829464,210.08633573387925,214.16704659997373,false,datetime.datetime(2025, 9, 12, 17, 2, 37, 764962)
227_448259_7,1,1.0390294699572027,2.9991541308420584,21.491955287750972,false,datetime.datetime(2025, 9, 12, 17, 2, 37, 764962)
227_623392_1,1,1.0300481656920963,0.04884028444075027,0.3441018291093446,false,datetime.datetime(2025, 9, 12, 17, 2, 37, 764962)
227_2664038_2,1,1.0308630802127066,85.75726062235135,285.4638018856785,false,datetime.datetime(2025, 9, 12, 17, 2, 37, 764962)
227_452759_5,1,1.0308253152828921,86.60253103313433,300.01922258916767,false,datetime.datetime(2025, 9, 12, 17, 2, 37, 764962)
228_2473080_3,1,1.0295672746186768,1.245468439704642,8.776610757060997,false,datetime.datetime(2025, 9, 12, 17, 2, 37, 764962)
228_350975_10,1,1.0347145224316188,3.8684131650295064,27.41055059029561,false,datetime.datetime(2025, 9, 12, 17, 2, 37, 764962)
228_350996_3,1,1.0295809475307593,1.0106407105967674,7.128788292341709,false,datetime.datetime(2025, 9, 12, 17, 2, 37, 764962)
227_558417_8,1,1.0395531054216698,0.5800895674664982,4.11124296129282,false,datetime.datetime(2025, 9, 12, 17, 3, 37, 764962)
227_4589971_5,1,1.039549506197715,0.001180716857980285,2.202011898225232e-09,false,datetime.datetime(2025, 9, 12, 17, 3, 37, 764962)
gpc_10076_pri_mtr,1,1.039073975118967,0.0014465635733839671,-2.729317215062474e-08,false,datetime.datetime(2025, 9, 12, 17, 3, 37, 764962)
gpc_10080_pri_mtr,1,1.039074211510261,0.0017450136828714364,7.35046584424146e-09,false,datetime.datetime(2025, 9, 12, 17, 3, 37, 764962)
227_2664032_1,1,1.0310358156528912,85.16109992866254,262.0270903642332,false,datetime.datetime(2025, 9, 12, 17, 3, 37, 764962)
227_452771_6,1,1.0299586670142682,165.63846736916787,496.07708573091054,false,datetime.datetime(2025, 9, 12, 17, 3, 37, 764962)
227_2662741_2,1,1.0309996668461094,82.25514757957069,151.92872827361944,false,datetime.datetime(2025, 9, 12, 17, 3, 37, 764962)
227_4589977_1,1,1.0361884267653985,212.0778329313914,134.39794971015647,false,datetime.datetime(2025, 9, 12, 17, 3, 37, 764962)
227_2662739_1,1,1.0310062668438447,82.25504368044307,151.92147160447695,false,datetime.datetime(2025, 9, 12, 17, 3, 37, 764962)
227_4589970_1,1,1.0395495056845467,0.0016035975890888888,1.366342193509531e-08,false,datetime.datetime(2025, 9, 12, 17, 3, 37, 764962)
227_4290732_20,1,1.0361653913633668,212.07794090713293,134.44609328021258,false,datetime.datetime(2025, 9, 12, 17, 3, 37, 764962)
227_452800_1,1,1.0305404036725216,164.94441315727192,444.63891004431855,false,datetime.datetime(2025, 9, 12, 17, 3, 37, 764962)
227_452772_1,1,1.0299910761491204,210.4315963835137,201.60255077820227,false,datetime.datetime(2025, 9, 12, 17, 3, 37, 764962)
227_448259_7,1,1.0391410082171868,3.2001401790541437,22.866706255540223,false,datetime.datetime(2025, 9, 12, 17, 3, 37, 764962)
227_623392_1,1,1.030166325601341,0.015841010295191405,0.11163490041097224,false,datetime.datetime(2025, 9, 12, 17, 3, 37, 764962)
227_2664038_2,1,1.0310319896645026,85.1611949215753,262.03498734980104,false,datetime.datetime(2025, 9, 12, 17, 3, 37, 764962)
227_452759_5,1,1.0309840394442962,85.90292972585223,275.7282725933857,false,datetime.datetime(2025, 9, 12, 17, 3, 37, 764962)
228_2473080_3,1,1.030772224089564,1.3038896017557262,9.198770057727904,false,datetime.datetime(2025, 9, 12, 17, 3, 37, 764962)
228_350975_10,1,1.0348746752989986,2.331221438162906,16.536880967085025,false,datetime.datetime(2025, 9, 12, 17, 3, 37, 764962)
228_350996_3,1,1.0307807309061534,1.1422622539806901,8.065064034876567,false,datetime.datetime(2025, 9, 12, 17, 3, 37, 764962)
227_558417_8,1,1.0397638983115778,0.4956438148805638,3.507334622967908,false,datetime.datetime(2025, 9, 12, 17, 4, 37, 764962)
227_4589971_5,1,1.0397613648589412,0.0011809568929044304,2.88811928055023e-11,false,datetime.datetime(2025, 9, 12, 17, 4, 37, 764962)
gpc_10076_pri_mtr,1,1.039323414980373,0.0014469092822495715,-1.9792029131132766e-08,false,datetime.datetime(2025, 9, 12, 17, 4, 37, 764962)
gpc_10080_pri_mtr,1,1.0393236305583509,0.0017454307746155612,1.2580245722135305e-08,false,datetime.datetime(2025, 9, 12, 17, 4, 37, 764962)
227_2664032_1,1,1.0311362232981753,85.11612107396195,251.9940769405648,false,datetime.datetime(2025, 9, 12, 17, 4, 37, 764962)
227_452771_6,1,1.0300383127145558,165.62374217042486,491.0755388031545,false,datetime.datetime(2025, 9, 12, 17, 4, 37, 764962)
227_2662741_2,1,1.0310898904748613,82.37044963459006,148.9085093759996,false,datetime.datetime(2025, 9, 12, 17, 4, 37, 764962)
227_4589977_1,1,1.0363123496217448,212.3161853135303,128.2213321844494,false,datetime.datetime(2025, 9, 12, 17, 4, 37, 764962)
227_2662739_1,1,1.0310965682237674,82.37034569039707,148.9012292762515,false,datetime.datetime(2025, 9, 12, 17, 4, 37, 764962)
227_4589970_1,1,1.039761364345668,0.0016039245457048561,1.4594165330741955e-08,false,datetime.datetime(2025, 9, 12, 17, 4, 37, 764962)
227_4290732_20,1,1.0362891523389073,212.31629334370763,128.26958310142516,false,datetime.datetime(2025, 9, 12, 17, 4, 37, 764962)
227_452800_1,1,1.0306228931801487,164.9064541145517,436.43619017496826,false,datetime.datetime(2025, 9, 12, 17, 4, 37, 764962)
227_452772_1,1,1.0300711564324387,211.06108686689078,180.19859413849173,false,datetime.datetime(2025, 9, 12, 17, 4, 37, 764962)
227_448259_7,1,1.0393844823376834,2.912179720917481,20.855189553602337,false,datetime.datetime(2025, 9, 12, 17, 4, 37, 764962)
227_623392_1,1,1.0302484783191581,0.12536538367809907,0.8833982405236143,false,datetime.datetime(2025, 9, 12, 17, 4, 37, 764962)
227_2664038_2,1,1.0311321402464761,85.11621665788286,252.0019668132456,false,datetime.datetime(2025, 9, 12, 17, 4, 37, 764962)
227_452759_5,1,1.0310796993081295,85.7411604054526,264.57956088161427,false,datetime.datetime(2025, 9, 12, 17, 4, 37, 764962)
228_2473080_3,1,1.0308288220707995,1.1817463700323998,8.3381058996906,false,datetime.datetime(2025, 9, 12, 17, 4, 37, 764962)
228_350975_10,1,1.0349925726072122,1.5718479001812349,11.161826643184925,false,datetime.datetime(2025, 9, 12, 17, 4, 37, 764962)
228_350996_3,1,1.0308487298954077,0.8552441588040215,6.041933053865575,false,datetime.datetime(2025, 9, 12, 17, 4, 37, 764962)
227_558417_8,1,1.0391970597973303,0.35138662806070015,2.472864675522914,false,datetime.datetime(2025, 9, 12, 17, 5, 37, 764962)
227_4589971_5,1,1.0391954718068555,0.0011803120679959697,1.356083967986305e-08,false,datetime.datetime(2025, 9, 12, 17, 5, 37, 764962)
gpc_10076_pri_mtr,1,1.038686359932064,0.0014460229433012587,-2.614945598268526e-08,false,datetime.datetime(2025, 9, 12, 17, 5, 37, 764962)
gpc_10080_pri_mtr,1,1.0386867420830366,0.0017443603978555995,1.82625138462763e-08,false,datetime.datetime(2025, 9, 12, 17, 5, 37, 764962)
227_2664032_1,1,1.0307853255469355,86.49184108456659,294.71424639782333,false,datetime.datetime(2025, 9, 12, 17, 5, 37, 764962)
227_452771_6,1,1.029779028713519,166.71879239398106,536.2937387412476,false,datetime.datetime(2025, 9, 12, 17, 5, 37, 764962)
227_2662741_2,1,1.0307837492147132,82.37661046823256,147.00325254020174,false,datetime.datetime(2025, 9, 12, 17, 5, 37, 764962)
227_4589977_1,1,1.035919630371252,211.63020447904717,146.13611597196837,false,datetime.datetime(2025, 9, 12, 17, 5, 37, 764962)
227_2662739_1,1,1.0307904719052345,82.37650648870223,146.9959707166926,false,datetime.datetime(2025, 9, 12, 17, 5, 37, 764962)
227_4589970_1,1,1.039195471293861,0.00160305122194514,4.187470459687713e-09,false,datetime.datetime(2025, 9, 12, 17, 5, 37, 764962)
227_4290732_20,1,1.0358969005454512,211.63031235637828,146.18405584171302,false,datetime.datetime(2025, 9, 12, 17, 5, 37, 764962)
227_452800_1,1,1.0303394288689611,165.7216553264083,483.2184055673505,false,datetime.datetime(2025, 9, 12, 17, 5, 37, 764962)
227_452772_1,1,1.0298112661643959,209.88473851426232,219.78177672236384,false,datetime.datetime(2025, 9, 12, 17, 5, 37, 764962)
227_448259_7,1,1.0387583703105314,3.369668737927795,24.07690463727537,false,datetime.datetime(2025, 9, 12, 17, 5, 37, 764962)
227_623392_1,1,1.0299846048015713,0.048939611754232865,0.34478080183355136,false,datetime.datetime(2025, 9, 12, 17, 5, 37, 764962)
227_2664038_2,1,1.0307823359412962,86.49193325166917,294.72244527166004,false,datetime.datetime(2025, 9, 12, 17, 5, 37, 764962)
227_452759_5,1,1.0307483758834266,87.31997510808354,308.7630216406796,false,datetime.datetime(2025, 9, 12, 17, 5, 37, 764962)
228_2473080_3,1,1.0292224253268991,1.364077884389044,9.60861723956799,false,datetime.datetime(2025, 9, 12, 17, 5, 37, 764962)
228_350975_10,1,1.0346171259822199,3.8738718137286696,27.449801629096974,false,datetime.datetime(2025, 9, 12, 17, 5, 37, 764962)
228_350996_3,1,1.0292370157987192,1.1118028860564817,7.838536711737074,false,datetime.datetime(2025, 9, 12, 17, 5, 37, 764962)
227_558417_8,1,1.0384575327790577,0.8994108417215194,6.383389952503018,false,datetime.datetime(2025, 9, 12, 17, 6, 37, 764962)
227_4589971_5,1,1.0384514066051869,0.0011794679134339665,4.810034460803412e-09,false,datetime.datetime(2025, 9, 12, 17, 6, 37, 764962)
gpc_10076_pri_mtr,1,1.037870254122214,0.0014448845676724702,-3.249196821265841e-08,false,datetime.datetime(2025, 9, 12, 17, 6, 37, 764962)
gpc_10080_pri_mtr,1,1.037870634892541,0.0017429880257845115,2.30808267445292e-08,false,datetime.datetime(2025, 9, 12, 17, 6, 37, 764962)
227_2664032_1,1,1.0304962552989858,86.4647651024253,293.8724856149567,false,datetime.datetime(2025, 9, 12, 17, 6, 37, 764962)
227_452771_6,1,1.029533636040088,167.4106419110339,578.1594853411749,false,datetime.datetime(2025, 9, 12, 17, 6, 37, 764962)
227_2662741_2,1,1.0304883152103523,82.27013838090092,176.6194039654047,false,datetime.datetime(2025, 9, 12, 17, 6, 37, 764962)
227_4589977_1,1,1.0355382043202563,210.48812444184603,179.99564514635298,false,datetime.datetime(2025, 9, 12, 17, 6, 37, 764962)
227_2662739_1,1,1.030494279596651,82.27003603445834,176.6121362626807,false,datetime.datetime(2025, 9, 12, 17, 6, 37, 764962)
227_4589970_1,1,1.0384514060925596,0.001601899642613459,1.915595948362508e-08,false,datetime.datetime(2025, 9, 12, 17, 6, 37, 764962)
227_4290732_20,1,1.0355163505866571,210.48823201835347,180.0430719242811,false,datetime.datetime(2025, 9, 12, 17, 6, 37, 764962)
227_452800_1,1,1.0300717908280115,166.07093851146692,520.5316752747591,false,datetime.datetime(2025, 9, 12, 17, 6, 37, 764962)
227_452772_1,1,1.0295652543757738,208.8643674024421,258.664492321151,false,datetime.datetime(2025, 9, 12, 17, 6, 37, 764962)
227_448259_7,1,1.0379531698750388,3.901485018532725,27.896574734231834,false,datetime.datetime(2025, 9, 12, 17, 6, 37, 764962)
227_623392_1,1,1.029734592266492,0.015847074210616062,0.11162855003799418,false,datetime.datetime(2025, 9, 12, 17, 6, 37, 764962)
227_2664038_2,1,1.0304932502628101,86.46485729184687,293.88067846346064,false,datetime.datetime(2025, 9, 12, 17, 6, 37, 764962)
227_452759_5,1,1.0304597101988417,87.31143169794389,311.62261295293206,false,datetime.datetime(2025, 9, 12, 17, 6, 37, 764962)
228_2473080_3,1,1.0288714743400131,1.4071914514025758,9.908727308852814,false,datetime.datetime(2025, 9, 12, 17, 6, 37, 764962)
228_350975_10,1,1.0342963546719675,2.704030187406814,19.165108874686275,false,datetime.datetime(2025, 9, 12, 17, 6, 37, 764962)
228_350996_3,1,1.0288975151259199,0.9815989006354083,6.919680452774596,false,datetime.datetime(2025, 9, 12, 17, 6, 37, 764962)
227_558417_8,1,1.0364544689704347,2.2174035632668483,15.716258304832436,false,datetime.datetime(2025, 9, 12, 17, 7, 37, 764962)
227_4589971_5,1,1.0364352615661385,0.001177176085415862,2.976131582982005e-09,false,datetime.datetime(2025, 9, 12, 17, 7, 37, 764962)
gpc_10076_pri_mtr,1,1.0354286835710766,0.001441485185364154,4.198530014487293e-09,false,datetime.datetime(2025, 9, 12, 17, 7, 37, 764962)
gpc_10080_pri_mtr,1,1.0354313395828887,0.0017388945442674926,1.4480577886318954e-08,false,datetime.datetime(2025, 9, 12, 17, 7, 37, 764962)
227_2664032_1,1,1.0296157337664804,88.91636001367505,345.69665878865345,false,datetime.datetime(2025, 9, 12, 17, 7, 37, 764962)
227_452771_6,1,1.0288147782238142,171.0977469227239,691.5031186067197,false,datetime.datetime(2025, 9, 12, 17, 7, 37, 764962)
227_2662741_2,1,1.0296478849545536,82.69538088084478,217.46278452837888,false,datetime.datetime(2025, 9, 12, 17, 7, 37, 764962)
227_4589977_1,1,1.0343816657082663,208.1188529206192,259.24695623879023,false,datetime.datetime(2025, 9, 12, 17, 7, 37, 764962)
227_2662739_1,1,1.0296527969143663,82.69528149504411,217.45542407365764,false,datetime.datetime(2025, 9, 12, 17, 7, 37, 764962)
227_4589970_1,1,1.0364352610545076,0.0015987903731976578,1.5356439059158422e-08,false,datetime.datetime(2025, 9, 12, 17, 7, 37, 764962)
227_4290732_20,1,1.0343618734305833,208.11895957994824,259.29331694936707,false,datetime.datetime(2025, 9, 12, 17, 7, 37, 764962)
227_452800_1,1,1.029293106938655,168.44673550245992,617.0071492577931,false,datetime.datetime(2025, 9, 12, 17, 7, 37, 764962)
227_452772_1,1,1.028844403648409,206.54418935133197,378.8094200615693,false,datetime.datetime(2025, 9, 12, 17, 7, 37, 764962)
227_448259_7,1,1.0356225028289376,8.227403772505209,58.338597927582896,false,datetime.datetime(2025, 9, 12, 17, 7, 37, 764962)
227_623392_1,1,1.0290013367156188,0.01585865102200931,0.11163219472338606,false,datetime.datetime(2025, 9, 12, 17, 7, 37, 764962)
227_2664038_2,1,1.0296140623240886,88.91644770777583,345.70542977308213,false,datetime.datetime(2025, 9, 12, 17, 7, 37, 764962)
227_452759_5,1,1.0296029023238233,89.91222020634906,364.42182964066603,false,datetime.datetime(2025, 9, 12, 17, 7, 37, 764962)
228_2473080_3,1,1.0270218434993494,1.7686036263807157,12.429605455849392,false,datetime.datetime(2025, 9, 12, 17, 7, 37, 764962)
228_350975_10,1,1.0332524149722688,5.962384043966661,42.19456619551706,false,datetime.datetime(2025, 9, 12, 17, 7, 37, 764962)
228_350996_3,1,1.0270610371952809,1.1301772815120403,7.9510205678412555,false,datetime.datetime(2025, 9, 12, 17, 7, 37, 764962)
227_558417_8,1,1.0341009165108632,2.2157218908966625,15.658600766733958,false,datetime.datetime(2025, 9, 12, 17, 8, 37, 764962)
227_4589971_5,1,1.034080808108946,0.0011744974225760898,7.143278024757902e-09,false,datetime.datetime(2025, 9, 12, 17, 8, 37, 764962)
gpc_10076_pri_mtr,1,1.0325028831157228,0.0014374079900959266,-1.2380732789099352e-08,false,datetime.datetime(2025, 9, 12, 17, 8, 37, 764962)
gpc_10080_pri_mtr,1,1.032508161068444,0.0017339816899394687,1.089440413466744e-08,false,datetime.datetime(2025, 9, 12, 17, 8, 37, 764962)
227_2664032_1,1,1.0283865540499788,93.81733752408398,439.6006124568826,false,datetime.datetime(2025, 9, 12, 17, 8, 37, 764962)
227_452771_6,1,1.0278525577430628,179.54996698118848,856.8996891186914,false,datetime.datetime(2025, 9, 12, 17, 8, 37, 764962)
227_2662741_2,1,1.0285004605142094,83.69367433088804,270.0813315999901,false,datetime.datetime(2025, 9, 12, 17, 8, 37, 764962)
227_4589977_1,1,1.0328729131911742,206.4396593344136,336.9592594308971,false,datetime.datetime(2025, 9, 12, 17, 8, 37, 764962)
227_2662739_1,1,1.028504014696533,83.69357913890875,270.0737669360755,false,datetime.datetime(2025, 9, 12, 17, 8, 37, 764962)
227_4589970_1,1,1.0340808075984764,0.0015951528567053415,1.6513973957507583e-08,false,datetime.datetime(2025, 9, 12, 17, 8, 37, 764962)
227_4290732_20,1,1.032855163448261,206.4397646395077,337.0048868177339,false,datetime.datetime(2025, 9, 12, 17, 8, 37, 764962)
227_452800_1,1,1.0282423211417469,175.19603365213771,775.0776678028485,false,datetime.datetime(2025, 9, 12, 17, 8, 37, 764962)
227_452772_1,1,1.0278799193562849,205.78464045952137,524.2521617225582,false,datetime.datetime(2025, 9, 12, 17, 8, 37, 764962)
227_448259_7,1,1.0328295452680798,13.457826800633724,94.88923755972438,false,datetime.datetime(2025, 9, 12, 17, 8, 37, 764962)
227_623392_1,1,1.0280216640351498,0.12550708402354988,0.8824895407759275,false,datetime.datetime(2025, 9, 12, 17, 8, 37, 764962)
227_2664038_2,1,1.0283873042689071,93.81741735871384,439.6105692705106,false,datetime.datetime(2025, 9, 12, 17, 8, 37, 764962)
227_452759_5,1,1.028417221924899,95.56522661515734,462.4655883253584,false,datetime.datetime(2025, 9, 12, 17, 8, 37, 764962)
228_2473080_3,1,1.0229636888397493,2.2544017725406555,15.779425131173047,false,datetime.datetime(2025, 9, 12, 17, 8, 37, 764962)
228_350975_10,1,1.0318268179937318,14.804439256277963,104.45832234333699,false,datetime.datetime(2025, 9, 12, 17, 8, 37, 764962)
228_350996_3,1,1.0230297040317575,1.2080789096817763,8.464855836492273,false,datetime.datetime(2025, 9, 12, 17, 8, 37, 764962)
227_558417_8,1,1.0335913096682956,2.6841519278687964,18.947734719578285,false,datetime.datetime(2025, 9, 12, 17, 9, 37, 764962)
227_4589971_5,1,1.033568351206321,0.0011739127449216138,5.986036520494318e-09,false,datetime.datetime(2025, 9, 12, 17, 9, 37, 764962)
gpc_10076_pri_mtr,1,1.0318851429046105,0.0014365482074579067,-1.4193636746901375e-08,false,datetime.datetime(2025, 9, 12, 17, 9, 37, 764962)
gpc_10080_pri_mtr,1,1.031891010615521,0.001732938302501148,1.5256022993182144e-08,false,datetime.datetime(2025, 9, 12, 17, 9, 37, 764962)
227_2664032_1,1,1.027996718597694,96.79051411444546,478.5966934803021,false,datetime.datetime(2025, 9, 12, 17, 9, 37, 764962)
227_452771_6,1,1.0275913134226233,184.4422611883468,941.5434958618797,false,datetime.datetime(2025, 9, 12, 17, 9, 37, 764962)
227_2662741_2,1,1.0281426791701915,84.86175970177018,302.76751910530425,false,datetime.datetime(2025, 9, 12, 17, 9, 37, 764962)
227_4589977_1,1,1.0325625352039418,206.18119593020737,355.37661496498527,false,datetime.datetime(2025, 9, 12, 17, 9, 37, 764962)
227_2662739_1,1,1.0281453935797942,84.86166742725524,302.7597110659507,false,datetime.datetime(2025, 9, 12, 17, 9, 37, 764962)
227_4589970_1,1,1.0335683506961042,0.0015943570329538328,1.4710955701727066e-08,false,datetime.datetime(2025, 9, 12, 17, 9, 37, 764962)
227_4290732_20,1,1.0325452694522206,206.18130085180985,355.4221343529498,false,datetime.datetime(2025, 9, 12, 17, 9, 37, 764962)
227_452800_1,1,1.0279359673629396,179.3135483757838,857.0927917638392,false,datetime.datetime(2025, 9, 12, 17, 9, 37, 764962)
227_452772_1,1,1.027619150239519,205.7941665249886,523.5362288958363,false,datetime.datetime(2025, 9, 12, 17, 9, 37, 764962)
227_448259_7,1,1.0322347232681504,14.298954432814694,100.57234064606423,false,datetime.datetime(2025, 9, 12, 17, 9, 37, 764962)
227_623392_1,1,1.027760938380158,0.0491736132409725,0.34568278733030033,false,datetime.datetime(2025, 9, 12, 17, 9, 37, 764962)
227_2664038_2,1,1.0279984705688399,96.79059076947769,478.60745957234514,false,datetime.datetime(2025, 9, 12, 17, 9, 37, 764962)
227_452759_5,1,1.0280456641962286,99.30639434787491,504.8528653708586,false,datetime.datetime(2025, 9, 12, 17, 9, 37, 764962)
228_2473080_3,1,1.0218921897466333,2.7001976999197446,18.878809373074287,false,datetime.datetime(2025, 9, 12, 17, 9, 37, 764962)
228_350975_10,1,1.0315535966119362,13.44213451441278,94.80377558183197,false,datetime.datetime(2025, 9, 12, 17, 9, 37, 764962)
228_350996_3,1,1.021971943920027,1.4302901970333723,10.00935058086638,false,datetime.datetime(2025, 9, 12, 17, 9, 37, 764962)
227_558417_8,1,1.0333038258275977,1.7697101660175703,12.47986621670055,false,datetime.datetime(2025, 9, 12, 17, 10, 37, 764962)
227_4589971_5,1,1.033288991028418,0.0011735891089080805,2.3120242178826644e-09,false,datetime.datetime(2025, 9, 12, 17, 10, 37, 764962)
gpc_10076_pri_mtr,1,1.0315278869734184,0.0014360453491722236,-1.9548280783141458e-08,false,datetime.datetime(2025, 9, 12, 17, 10, 37, 764962)
gpc_10080_pri_mtr,1,1.0315339099217715,0.0017323363295265138,1.1300750726444013e-08,false,datetime.datetime(2025, 9, 12, 17, 10, 37, 764962)
227_2664032_1,1,1.0277391283286228,100.65989767855703,516.6555824012962,false,datetime.datetime(2025, 9, 12, 17, 10, 37, 764962)
227_452771_6,1,1.0274326445512125,188.20963030682907,989.9338969162619,false,datetime.datetime(2025, 9, 12, 17, 10, 37, 764962)
227_2662741_2,1,1.0279206299396577,85.55295272709714,322.17583742598373,false,datetime.datetime(2025, 9, 12, 17, 10, 37, 764962)
227_4589977_1,1,1.0323959936348006,205.9487572612718,362.6843692589516,false,datetime.datetime(2025, 9, 12, 17, 10, 37, 764962)
227_2662739_1,1,1.0279228475911157,85.55286214682002,322.1678844417463,false,datetime.datetime(2025, 9, 12, 17, 10, 37, 764962)
227_4589970_1,1,1.0332889905183376,0.0015939206173283785,1.6914623106060382e-08,false,datetime.datetime(2025, 9, 12, 17, 10, 37, 764962)
227_4290732_20,1,1.032378919518192,205.94886209164557,362.7297759144106,false,datetime.datetime(2025, 9, 12, 17, 10, 37, 764962)
227_452800_1,1,1.0277509473026492,183.16981379768936,912.6958709253745,false,datetime.datetime(2025, 9, 12, 17, 10, 37, 764962)
227_452772_1,1,1.0274607001816536,205.63520696845842,525.6256371425677,false,datetime.datetime(2025, 9, 12, 17, 10, 37, 764962)
227_448259_7,1,1.0318799197939652,14.328578092968085,100.8787406299284,false,datetime.datetime(2025, 9, 12, 17, 10, 37, 764962)
227_623392_1,1,1.0276022626883556,0.015880235166627794,0.11163205650469231,false,datetime.datetime(2025, 9, 12, 17, 10, 37, 764962)
227_2664038_2,1,1.027741860797434,100.65997146765264,516.6675172489036,false,datetime.datetime(2025, 9, 12, 17, 10, 37, 764962)
227_452759_5,1,1.027806055559335,103.69001367582052,546.8425148109452,false,datetime.datetime(2025, 9, 12, 17, 10, 37, 764962)
228_2473080_3,1,1.019714499808828,2.9418171550698236,20.523586631542546,false,datetime.datetime(2025, 9, 12, 17, 10, 37, 764962)
228_350975_10,1,1.0314051366529478,12.228494865171722,86.13670233361081,false,datetime.datetime(2025, 9, 12, 17, 10, 37, 764962)
228_350996_3,1,1.0197892247746423,1.7364085542607508,12.123067846689938,false,datetime.datetime(2025, 9, 12, 17, 10, 37, 764962)
227_558417_8,1,1.0350322597874237,0.7986895472927318,5.627474086729167,false,datetime.datetime(2025, 9, 12, 17, 11, 37, 764962)
227_4589971_5,1,1.035027370356092,0.0011755716280185116,-4.29900076984186e-09,false,datetime.datetime(2025, 9, 12, 17, 11, 37, 764962)
gpc_10076_pri_mtr,1,1.0331798980091365,0.001438353524337331,-1.700061468473795e-08,false,datetime.datetime(2025, 9, 12, 17, 11, 37, 764962)
gpc_10080_pri_mtr,1,1.033186232731293,0.0017351198338724934,1.3762623949864042e-08,false,datetime.datetime(2025, 9, 12, 17, 11, 37, 764962)
227_2664032_1,1,1.0294720476288344,104.06266424978591,584.9748565514168,false,datetime.datetime(2025, 9, 12, 17, 11, 37, 764962)
227_452771_6,1,1.0292930862381633,192.56890811109756,1055.5632221784228,false,datetime.datetime(2025, 9, 12, 17, 11, 37, 764962)
227_2662741_2,1,1.0297178401577434,85.68056346980893,322.4696828431544,false,datetime.datetime(2025, 9, 12, 17, 11, 37, 764962)
227_4589977_1,1,1.0341614712453007,206.26635381949774,365.4144989406675,false,datetime.datetime(2025, 9, 12, 17, 11, 37, 764962)
227_2662739_1,1,1.029720076548785,85.68047267996856,322.4617103809176,false,datetime.datetime(2025, 9, 12, 17, 11, 37, 764962)
227_4589970_1,1,1.0350273698451564,0.0015966110623513992,1.3803842035975969e-08,false,datetime.datetime(2025, 9, 12, 17, 11, 37, 764962)
227_4290732_20,1,1.0341444091988976,206.26645880400633,365.4600475376674,false,datetime.datetime(2025, 9, 12, 17, 11, 37, 764962)
227_452800_1,1,1.0295790161466787,187.1908857855388,979.5455807498499,false,datetime.datetime(2025, 9, 12, 17, 11, 37, 764962)
227_452772_1,1,1.0293207650438745,206.22482265671874,563.817656931555,false,datetime.datetime(2025, 9, 12, 17, 11, 37, 764962)
227_448259_7,1,1.0335521050072913,15.1624872663699,106.77927374958668,false,datetime.datetime(2025, 9, 12, 17, 11, 37, 764962)
227_623392_1,1,1.029458825590716,0.1252358214156203,0.8818113461238395,false,datetime.datetime(2025, 9, 12, 17, 11, 37, 764962)
227_2664038_2,1,1.0294764612942182,104.0627323524363,584.9875233718415,false,datetime.datetime(2025, 9, 12, 17, 11, 37, 764962)
227_452759_5,1,1.0295684315529847,106.85082338711089,613.5158632447153,false,datetime.datetime(2025, 9, 12, 17, 11, 37, 764962)
228_2473080_3,1,1.0256177543441658,2.4893996807258465,17.46883456755332,false,datetime.datetime(2025, 9, 12, 17, 11, 37, 764962)
228_350975_10,1,1.0331448965406171,17.39198528701638,123.06423615935206,false,datetime.datetime(2025, 9, 12, 17, 11, 37, 764962)
228_350996_3,1,1.025646197942099,2.0033656352624196,14.06545532891137,false,datetime.datetime(2025, 9, 12, 17, 11, 37, 764962)
227_558417_8,1,1.034996933916437,0.945828582557631,6.6593607393813095,false,datetime.datetime(2025, 9, 12, 17, 12, 37, 764962)
227_4589971_5,1,1.034991698060692,0.0011755297763169437,1.7012164597290874e-08,false,datetime.datetime(2025, 9, 12, 17, 12, 37, 764962)
gpc_10076_pri_mtr,1,1.0331452362320053,0.001438298868143276,-1.2056994941737284e-08,false,datetime.datetime(2025, 9, 12, 17, 12, 37, 764962)
gpc_10080_pri_mtr,1,1.033151646863887,0.0017350579257034435,1.070669899283496e-08,false,datetime.datetime(2025, 9, 12, 17, 12, 37, 764962)
227_2664032_1,1,1.02956136740462,103.66983489545399,571.649611067895,false,datetime.datetime(2025, 9, 12, 17, 12, 37, 764962)
227_452771_6,1,1.0293491958967458,191.3505513540602,1037.8412306939038,false,datetime.datetime(2025, 9, 12, 17, 12, 37, 764962)
227_2662741_2,1,1.0297973599521824,85.58628737204212,312.1033293997084,false,datetime.datetime(2025, 9, 12, 17, 12, 37, 764962)
227_4589977_1,1,1.0341982187652408,206.176684989847,375.06037777820484,false,datetime.datetime(2025, 9, 12, 17, 12, 37, 764962)
227_2662739_1,1,1.0297998614173711,85.58619585148773,312.09536551402016,false,datetime.datetime(2025, 9, 12, 17, 12, 37, 764962)
227_4589970_1,1,1.0349916975497737,0.0015965539124875678,1.559138092310749e-08,false,datetime.datetime(2025, 9, 12, 17, 12, 37, 764962)
227_4290732_20,1,1.0341814020968734,206.17678979159638,375.1058882105991,false,datetime.datetime(2025, 9, 12, 17, 12, 37, 764962)
227_452800_1,1,1.0296449769263134,186.07611796409083,960.5671178163767,false,datetime.datetime(2025, 9, 12, 17, 12, 37, 764962)
227_452772_1,1,1.029376799744133,206.2482602367449,562.5653577733597,false,datetime.datetime(2025, 9, 12, 17, 12, 37, 764962)
227_448259_7,1,1.0335184163229159,15.175444530417362,106.7802006413837,false,datetime.datetime(2025, 9, 12, 17, 12, 37, 764962)
227_623392_1,1,1.0295150597608236,0.049187899215352715,0.3463737330624141,false,datetime.datetime(2025, 9, 12, 17, 12, 37, 764962)
227_2664038_2,1,1.0295654370335885,103.66990444342477,571.6622826699554,false,datetime.datetime(2025, 9, 12, 17, 12, 37, 764962)
227_452759_5,1,1.029651811402007,106.49668027202055,601.0962501424206,false,datetime.datetime(2025, 9, 12, 17, 12, 37, 764962)
228_2473080_3,1,1.0256198272615924,2.4782462528053735,17.39061152814863,false,datetime.datetime(2025, 9, 12, 17, 12, 37, 764962)
228_350975_10,1,1.033204755150327,15.891700405037046,112.46869605798119,false,datetime.datetime(2025, 9, 12, 17, 12, 37, 764962)
228_350996_3,1,1.0256509359258412,1.949877812945044,13.690275417148928,false,datetime.datetime(2025, 9, 12, 17, 12, 37, 764962)
227_558417_8,1,1.0347906613019926,0.9289465091189462,6.531042168467516,false,datetime.datetime(2025, 9, 12, 17, 13, 37, 764962)
227_4589971_5,1,1.0347861780664818,0.0011752871355666836,-2.9401375884344428e-09,false,datetime.datetime(2025, 9, 12, 17, 13, 37, 764962)
gpc_10076_pri_mtr,1,1.0328679817885338,0.00143790703677307,-2.8370905054350963e-08,false,datetime.datetime(2025, 9, 12, 17, 13, 37, 764962)
gpc_10080_pri_mtr,1,1.032874189868181,0.001734582335422492,8.310014465275725e-09,false,datetime.datetime(2025, 9, 12, 17, 13, 37, 764962)
227_2664032_1,1,1.0294152078820826,106.13917760431173,583.182668682568,false,datetime.datetime(2025, 9, 12, 17, 13, 37, 764962)
227_452771_6,1,1.029256442914713,194.72988222709404,1074.9162023815852,false,datetime.datetime(2025, 9, 12, 17, 13, 37, 764962)
227_2662741_2,1,1.029657816888716,86.14668060055888,334.87668139786695,false,datetime.datetime(2025, 9, 12, 17, 13, 37, 764962)
227_4589977_1,1,1.0341220777432767,206.00164666127463,384.31083751420863,false,datetime.datetime(2025, 9, 12, 17, 13, 37, 764962)
227_2662739_1,1,1.0296597386199544,86.14659087475354,334.8686112395555,false,datetime.datetime(2025, 9, 12, 17, 13, 37, 764962)
227_4589970_1,1,1.034786177555663,0.0015962241087889516,3.641931510172194e-09,false,datetime.datetime(2025, 9, 12, 17, 13, 37, 764962)
227_4290732_20,1,1.0341054987958858,206.00175131542966,384.3562648308215,false,datetime.datetime(2025, 9, 12, 17, 13, 37, 764962)
227_452800_1,1,1.029532458109115,189.47523000032734,1001.4088690546564,false,datetime.datetime(2025, 9, 12, 17, 13, 37, 764962)
227_452772_1,1,1.0292844465038715,206.1806532216268,553.3608746616999,false,datetime.datetime(2025, 9, 12, 17, 13, 37, 764962)
227_448259_7,1,1.0332451183199776,15.463365070523812,108.81033995595806,false,datetime.datetime(2025, 9, 12, 17, 13, 37, 764962)
227_623392_1,1,1.0294236452431755,0.015852128893839235,0.11163210794998843,false,datetime.datetime(2025, 9, 12, 17, 13, 37, 764962)
227_2664038_2,1,1.0294195738360858,106.1392469460712,583.1963056454993,false,datetime.datetime(2025, 9, 12, 17, 13, 37, 764962)
227_452759_5,1,1.0295111870590705,109.26656223057746,614.7987968096201,false,datetime.datetime(2025, 9, 12, 17, 13, 37, 764962)
228_2473080_3,1,1.0234897817972963,2.8551698993236765,19.993044455576587,false,datetime.datetime(2025, 9, 12, 17, 13, 37, 764962)
228_350975_10,1,1.0331565840447359,13.350383114625332,94.41328723802954,false,datetime.datetime(2025, 9, 12, 17, 13, 37, 764962)
228_350996_3,1,1.0234938873646044,2.728613165601251,19.11275896320315,false,datetime.datetime(2025, 9, 12, 17, 13, 37, 764962)
227_558417_8,1,1.034178122408531,1.1228912965967466,7.90139444922948,false,datetime.datetime(2025, 9, 12, 17, 14, 37, 764962)
227_4589971_5,1,1.0341720870630413,0.0011745848529458368,-1.4343479010540348e-08,false,datetime.datetime(2025, 9, 12, 17, 14, 37, 764962)
gpc_10076_pri_mtr,1,1.0322475756642284,0.001437038239113106,-1.5471125361043e-08,false,datetime.datetime(2025, 9, 12, 17, 14, 37, 764962)
gpc_10080_pri_mtr,1,1.0322538541335828,0.0017335356581914445,1.5235061286449073e-08,false,datetime.datetime(2025, 9, 12, 17, 14, 37, 764962)
227_2664032_1,1,1.0288934610258216,110.59810702140598,631.8060243994114,false,datetime.datetime(2025, 9, 12, 17, 14, 37, 764962)
227_452771_6,1,1.028867410307494,201.5882991153109,1158.0987615075449,false,datetime.datetime(2025, 9, 12, 17, 14, 37, 764962)
227_2662741_2,1,1.0291765401785746,87.46648221982876,362.59659732932886,false,datetime.datetime(2025, 9, 12, 17, 14, 37, 764962)
227_4589977_1,1,1.0336096318638208,205.81651466844042,395.4363940304064,false,datetime.datetime(2025, 9, 12, 17, 14, 37, 764962)
227_2662739_1,1,1.0291777478606356,87.46639509012945,362.5882394457866,false,datetime.datetime(2025, 9, 12, 17, 14, 37, 764962)
227_4589970_1,1,1.0341720865525244,0.001595272752748728,4.1486434663458955e-09,false,datetime.datetime(2025, 9, 12, 17, 14, 37, 764962)
227_4290732_20,1,1.03359335516846,205.81661904104948,395.4817411718807,false,datetime.datetime(2025, 9, 12, 17, 14, 37, 764962)
227_452800_1,1,1.0290994145436454,195.4821883612738,1078.7813980286796,false,datetime.datetime(2025, 9, 12, 17, 14, 37, 764962)
227_452772_1,1,1.0288949791764017,206.46997110501331,594.6149933533125,false,datetime.datetime(2025, 9, 12, 17, 14, 37, 764962)
227_448259_7,1,1.0326279466702302,15.580356076946188,109.56877819070164,false,datetime.datetime(2025, 9, 12, 17, 14, 37, 764962)
227_623392_1,1,1.0290298008549799,0.12519075367447302,0.8811286888611829,false,datetime.datetime(2025, 9, 12, 17, 14, 37, 764962)
227_2664038_2,1,1.0288990809246479,110.59817298658837,631.8211458447145,false,datetime.datetime(2025, 9, 12, 17, 14, 37, 764962)
227_452759_5,1,1.0290116523511201,113.89793709364673,664.0334559972866,false,datetime.datetime(2025, 9, 12, 17, 14, 37, 764962)
228_2473080_3,1,1.0214606474263654,2.851530283330743,19.927969148287662,false,datetime.datetime(2025, 9, 12, 17, 14, 37, 764962)
228_350975_10,1,1.0326476463996552,16.316559851855427,115.24448339171693,false,datetime.datetime(2025, 9, 12, 17, 14, 37, 764962)
228_350996_3,1,1.0214940491898583,2.2804105174693015,15.944035467077152,false,datetime.datetime(2025, 9, 12, 17, 14, 37, 764962)
227_558417_8,1,1.034093316293544,0.9630756052600375,6.767731872060634,false,datetime.datetime(2025, 9, 12, 17, 15, 37, 764962)
227_4589971_5,1,1.034088677204454,0.001174492345530326,-6.140120259748251e-09,false,datetime.datetime(2025, 9, 12, 17, 15, 37, 764962)
gpc_10076_pri_mtr,1,1.032124969276244,0.001436869329564986,-3.2630095420659348e-09,false,datetime.datetime(2025, 9, 12, 17, 15, 37, 764962)
gpc_10080_pri_mtr,1,1.0321313524655278,0.0017333317648754543,1.7471261375827756e-08,false,datetime.datetime(2025, 9, 12, 17, 15, 37, 764962)
227_2664032_1,1,1.0290451018465674,108.72114796056754,608.5477202908136,false,datetime.datetime(2025, 9, 12, 17, 15, 37, 764962)
227_452771_6,1,1.0289614320609546,198.63617890262822,1123.4389554175434,false,datetime.datetime(2025, 9, 12, 17, 15, 37, 764962)
227_2662741_2,1,1.029311151500342,87.29209539171546,348.59569682698566,false,datetime.datetime(2025, 9, 12, 17, 15, 37, 764962)
227_4589977_1,1,1.0336707224673285,205.6586179315155,413.2534363718661,false,datetime.datetime(2025, 9, 12, 17, 15, 37, 764962)
227_2662739_1,1,1.0293127174104835,87.2920071951402,348.5873544825206,false,datetime.datetime(2025, 9, 12, 17, 15, 37, 764962)
227_4589970_1,1,1.0340886766939787,0.0015951466201245285,-5.138546171345472e-10,false,datetime.datetime(2025, 9, 12, 17, 15, 37, 764962)
227_4290732_20,1,1.0336548990304444,205.65872196444047,413.2987130567809,false,datetime.datetime(2025, 9, 12, 17, 15, 37, 764962)
227_452800_1,1,1.0292119185379203,192.6622775907774,1043.1611257088248,false,datetime.datetime(2025, 9, 12, 17, 15, 37, 764962)
227_452772_1,1,1.0289887199332644,206.535132866045,598.5110282133932,false,datetime.datetime(2025, 9, 12, 17, 15, 37, 764962)
227_448259_7,1,1.032515845357661,16.048251414327332,112.79977986706093,false,datetime.datetime(2025, 9, 12, 17, 15, 37, 764962)
227_623392_1,1,1.0291232171092959,0.0493033802165444,0.3470558056256248,false,datetime.datetime(2025, 9, 12, 17, 15, 37, 764962)
227_2664038_2,1,1.029050124753878,108.72121564395209,608.5622459683221,false,datetime.datetime(2025, 9, 12, 17, 15, 37, 764962)
227_452759_5,1,1.029153071143543,112.15626100228042,642.4998512594107,false,datetime.datetime(2025, 9, 12, 17, 15, 37, 764962)
228_2473080_3,1,1.0220988547047498,3.0371588562463323,21.23803955969332,false,datetime.datetime(2025, 9, 12, 17, 15, 37, 764962)
228_350975_10,1,1.0327489205475289,14.028315594131527,99.11271994006229,false,datetime.datetime(2025, 9, 12, 17, 15, 37, 764962)
228_350996_3,1,1.022119221233604,2.6557852968041935,18.577888701412864,false,datetime.datetime(2025, 9, 12, 17, 15, 37, 764962)
227_558417_8,1,1.034393722630435,0.782842068879226,5.497077211270479,false,datetime.datetime(2025, 9, 12, 17, 16, 37, 764962)
227_4589971_5,1,1.0343901918398941,0.0011748306269174396,-2.3865074799598294e-10,false,datetime.datetime(2025, 9, 12, 17, 16, 37, 764962)
gpc_10076_pri_mtr,1,1.0324758686995812,0.001437355691415939,-1.1670967530297323e-08,false,datetime.datetime(2025, 9, 12, 17, 16, 37, 764962)
gpc_10080_pri_mtr,1,1.032481946353565,0.0017339167508485902,4.48700481991984e-09,false,datetime.datetime(2025, 9, 12, 17, 16, 37, 764962)
227_2664032_1,1,1.0292646169955237,107.48390425577836,595.2380264994932,false,datetime.datetime(2025, 9, 12, 17, 16, 37, 764962)
227_452771_6,1,1.0291228301166366,196.2622963544061,1084.1523253273897,false,datetime.datetime(2025, 9, 12, 17, 16, 37, 764962)
227_2662741_2,1,1.0295217377705532,85.88794495409064,326.9832501245493,false,datetime.datetime(2025, 9, 12, 17, 16, 37, 764962)
227_4589977_1,1,1.0338807090836106,205.74296825000613,402.05274103743625,false,datetime.datetime(2025, 9, 12, 17, 16, 37, 764962)
227_2662739_1,1,1.0295238622785032,85.88785458872283,326.97522723703213,false,datetime.datetime(2025, 9, 12, 17, 16, 37, 764962)
227_4589970_1,1,1.0343901913292683,0.001595604376787115,1.4146472127302717e-08,false,datetime.datetime(2025, 9, 12, 17, 16, 37, 764962)
227_4290732_20,1,1.0338645885393143,205.7430725645452,402.0980501959468,false,datetime.datetime(2025, 9, 12, 17, 16, 37, 764962)
227_452800_1,1,1.0293949209419104,190.31309589531074,1000.6406188742419,false,datetime.datetime(2025, 9, 12, 17, 16, 37, 764962)
227_452772_1,1,1.029150187524291,206.40783923772216,585.4423142970911,false,datetime.datetime(2025, 9, 12, 17, 16, 37, 764962)
227_448259_7,1,1.0328501676181203,15.375187974882913,108.27137356672907,false,datetime.datetime(2025, 9, 12, 17, 16, 37, 764962)
227_623392_1,1,1.029286111923512,0.015854533337499588,0.11163542222890185,false,datetime.datetime(2025, 9, 12, 17, 16, 37, 764962)
227_2664038_2,1,1.0292692971677777,107.48397284422583,595.2521327561612,false,datetime.datetime(2025, 9, 12, 17, 16, 37, 764962)
227_452759_5,1,1.0293660246330407,110.68478088728173,626.448439719287,false,datetime.datetime(2025, 9, 12, 17, 16, 37, 764962)
228_2473080_3,1,1.0217565287960495,2.762052844467477,19.308445941789746,false,datetime.datetime(2025, 9, 12, 17, 16, 37, 764962)
228_350975_10,1,1.032939395630373,14.196956062556914,100.27223644102236,false,datetime.datetime(2025, 9, 12, 17, 16, 37, 764962)
228_350996_3,1,1.0217709307163239,2.4785869431861847,17.33332587781164,false,datetime.datetime(2025, 9, 12, 17, 16, 37, 764962)
227_558417_8,1,1.034694335276,0.7498020996376996,5.260825973852378,false,datetime.datetime(2025, 9, 12, 17, 17, 37, 764962)
227_4589971_5,1,1.0346909567740303,0.0011751798387652913,3.665854813150439e-09,false,datetime.datetime(2025, 9, 12, 17, 17, 37, 764962)
gpc_10076_pri_mtr,1,1.032832795980869,0.0014378579897067287,-1.2805885618054711e-08,false,datetime.datetime(2025, 9, 12, 17, 17, 37, 764962)
gpc_10080_pri_mtr,1,1.0328390871669624,0.0017345229659413268,6.729710861407799e-09,false,datetime.datetime(2025, 9, 12, 17, 17, 37, 764962)
227_2664032_1,1,1.0294682104792088,104.15805362419496,572.1066514455443,false,datetime.datetime(2025, 9, 12, 17, 17, 37, 764962)
227_452771_6,1,1.0292568664941204,192.3226620300282,1045.3869450673637,false,datetime.datetime(2025, 9, 12, 17, 17, 37, 764962)
227_2662741_2,1,1.0296968621927804,85.70058847551897,324.97092975857294,false,datetime.datetime(2025, 9, 12, 17, 17, 37, 764962)
227_4589977_1,1,1.0340263770695823,205.94122020840462,388.26153462051633,false,datetime.datetime(2025, 9, 12, 17, 17, 37, 764962)
227_2662739_1,1,1.029699037090637,85.7004978485107,324.96295436416176,false,datetime.datetime(2025, 9, 12, 17, 17, 37, 764962)
227_4589970_1,1,1.0346909562632582,0.0015960780325356308,-1.437298717399388e-08,false,datetime.datetime(2025, 9, 12, 17, 17, 37, 764962)
227_4290732_20,1,1.0340098987594766,205.94132478426596,388.30693499858546,false,datetime.datetime(2025, 9, 12, 17, 17, 37, 764962)
227_452800_1,1,1.0295493408840592,186.50967199974212,960.6937117370537,false,datetime.datetime(2025, 9, 12, 17, 17, 37, 764962)
227_452772_1,1,1.0292840693328638,206.56783532697938,583.2103442846326,false,datetime.datetime(2025, 9, 12, 17, 17, 37, 764962)
227_448259_7,1,1.0332077334323548,15.313053449822792,107.7460663166627,false,datetime.datetime(2025, 9, 12, 17, 17, 37, 764962)
227_623392_1,1,1.0294202783085302,0.015852235609234485,0.11163270549653442,false,datetime.datetime(2025, 9, 12, 17, 17, 37, 764962)
227_2664038_2,1,1.0294722943694465,104.15812327795003,572.1195257044632,false,datetime.datetime(2025, 9, 12, 17, 17, 37, 764962)
227_452759_5,1,1.0295580502440473,106.59224113062044,597.0855884489517,false,datetime.datetime(2025, 9, 12, 17, 17, 37, 764962)
228_2473080_3,1,1.024288990039099,2.4303846425274362,17.03275438949651,false,datetime.datetime(2025, 9, 12, 17, 17, 37, 764962)
228_350975_10,1,1.0330474853512985,17.159643653052342,121.31976313119571,false,datetime.datetime(2025, 9, 12, 17, 17, 37, 764962)
228_350996_3,1,1.0242964270467663,2.259547705287056,15.841628064489422,false,datetime.datetime(2025, 9, 12, 17, 17, 37, 764962)
227_558417_8,1,1.035597486008076,0.6513079078196894,4.5809128025092285,false,datetime.datetime(2025, 9, 12, 17, 18, 37, 764962)
227_4589971_5,1,1.035593574910387,0.0011762028758157653,1.8073790793605377e-08,false,datetime.datetime(2025, 9, 12, 17, 18, 37, 764962)
gpc_10076_pri_mtr,1,1.0338595954823615,0.001439288524993844,-1.2720138943946958e-08,false,datetime.datetime(2025, 9, 12, 17, 18, 37, 764962)
gpc_10080_pri_mtr,1,1.0338655239615495,0.001736245494730628,1.8414755143829537e-08,false,datetime.datetime(2025, 9, 12, 17, 18, 37, 764962)
227_2664032_1,1,1.0299474083220093,101.62382784833328,525.7956273690254,false,datetime.datetime(2025, 9, 12, 17, 18, 37, 764962)
227_452771_6,1,1.0296188328294418,187.72460014762902,978.7388524014649,false,datetime.datetime(2025, 9, 12, 17, 18, 37, 764962)
227_2662741_2,1,1.0301302842618671,85.2211690271495,313.9933924281878,false,datetime.datetime(2025, 9, 12, 17, 18, 37, 764962)
227_4589977_1,1,1.0345924733818856,206.43802975870835,358.80850847958266,false,datetime.datetime(2025, 9, 12, 17, 18, 37, 764962)
227_2662739_1,1,1.0301327452234614,85.22107732499681,313.9855216643338,false,datetime.datetime(2025, 9, 12, 17, 18, 37, 764962)
227_4589970_1,1,1.0355935743991702,0.0015974708669827806,1.7873979782977796e-08,false,datetime.datetime(2025, 9, 12, 17, 18, 37, 764962)
227_4290732_20,1,1.0345752233406607,206.43813491757612,358.8541314555472,false,datetime.datetime(2025, 9, 12, 17, 18, 37, 764962)
227_452800_1,1,1.0299470627623937,182.43351369106702,895.0457428062898,false,datetime.datetime(2025, 9, 12, 17, 18, 37, 764962)
227_452772_1,1,1.0296467348234661,206.28355094364815,534.3147384960032,false,datetime.datetime(2025, 9, 12, 17, 18, 37, 764962)
227_448259_7,1,1.03421146588878,14.366848715089807,101.1029191373387,false,datetime.datetime(2025, 9, 12, 17, 18, 37, 764962)
227_623392_1,1,1.0297879176274767,0.12497016753613596,0.8802223193937482,false,datetime.datetime(2025, 9, 12, 17, 18, 37, 764962)
227_2664038_2,1,1.029950296877381,101.6239014892968,525.8078960266938,false,datetime.datetime(2025, 9, 12, 17, 18, 37, 764962)
227_452759_5,1,1.0300155363254424,103.63612072569286,547.5373258509642,false,datetime.datetime(2025, 9, 12, 17, 18, 37, 764962)
228_2473080_3,1,1.025785446148975,2.3475265287845377,16.4763169716031,false,datetime.datetime(2025, 9, 12, 17, 18, 37, 764962)
228_350975_10,1,1.0335837786556523,13.600810755346805,96.27847335725416,false,datetime.datetime(2025, 9, 12, 17, 18, 37, 764962)
228_350996_3,1,1.0258124352969653,1.8838054878267296,13.22887758367182,false,datetime.datetime(2025, 9, 12, 17, 18, 37, 764962)
227_558417_8,1,1.0360776260317783,0.5007471105675132,3.5112216829202634,false,datetime.datetime(2025, 9, 12, 17, 19, 37, 764962)
227_4589971_5,1,1.0360750676392485,0.001176755719118793,7.432411493909218e-09,false,datetime.datetime(2025, 9, 12, 17, 19, 37, 764962)
gpc_10076_pri_mtr,1,1.0343193042148082,0.0014399310297230307,-1.683649067760138e-08,false,datetime.datetime(2025, 9, 12, 17, 19, 37, 764962)
gpc_10080_pri_mtr,1,1.0343251770819055,0.0017370220234608424,6.814086658756308e-09,false,datetime.datetime(2025, 9, 12, 17, 19, 37, 764962)
227_2664032_1,1,1.030479420140076,98.4644207572829,474.2873672557214,false,datetime.datetime(2025, 9, 12, 17, 19, 37, 764962)
227_452771_6,1,1.0300038270376835,181.99518882991146,883.4434571378977,false,datetime.datetime(2025, 9, 12, 17, 19, 37, 764962)
227_2662741_2,1,1.030623654358979,84.09674550163237,277.44276261072656,false,datetime.datetime(2025, 9, 12, 17, 19, 37, 764962)
227_4589977_1,1,1.0350500887002105,206.64155411677234,352.37512275579286,false,datetime.datetime(2025, 9, 12, 17, 19, 37, 764962)
227_2662739_1,1,1.0306270544703524,84.09665064773517,277.43512062802216,false,datetime.datetime(2025, 9, 12, 17, 19, 37, 764962)
227_4589970_1,1,1.0360750671277956,0.001598218157728475,8.266528584503674e-09,false,datetime.datetime(2025, 9, 12, 17, 19, 37, 764962)
227_4290732_20,1,1.0350326623872566,206.64165941951362,352.4208393612003,false,datetime.datetime(2025, 9, 12, 17, 19, 37, 764962)
227_452800_1,1,1.0303829810185776,177.68207574945473,803.8107084726569,false,datetime.datetime(2025, 9, 12, 17, 19, 37, 764962)
227_452772_1,1,1.0300318258195078,206.17161338432751,505.0832720901511,false,datetime.datetime(2025, 9, 12, 17, 19, 37, 764962)
227_448259_7,1,1.0346798405408144,14.834095853716663,104.29001793129385,false,datetime.datetime(2025, 9, 12, 17, 19, 37, 764962)
227_623392_1,1,1.0301760960474458,0.04938175152503882,0.3479608617537911,false,datetime.datetime(2025, 9, 12, 17, 19, 37, 764962)
227_2664038_2,1,1.0304809821816983,98.46449830672583,474.29875451752355,false,datetime.datetime(2025, 9, 12, 17, 19, 37, 764962)
227_452759_5,1,1.0305246337282787,100.584212376859,498.8481590950671,false,datetime.datetime(2025, 9, 12, 17, 19, 37, 764962)
228_2473080_3,1,1.0277645950431018,2.339347853621297,16.450632579072796,false,datetime.datetime(2025, 9, 12, 17, 19, 37, 764962)
228_350975_10,1,1.0340400680030377,11.815913499536112,83.76817967051386,false,datetime.datetime(2025, 9, 12, 17, 19, 37, 764962)
228_350996_3,1,1.0277971100957735,1.7866410219073026,12.571469179799916,false,datetime.datetime(2025, 9, 12, 17, 19, 37, 764962)
227_558417_8,1,1.0357971140569042,0.46295122710047576,3.2463519772434397,false,datetime.datetime(2025, 9, 12, 17, 20, 37, 764962)
227_4589971_5,1,1.0357950329767502,0.001176441934201221,-1.2575818239819639e-09,false,datetime.datetime(2025, 9, 12, 17, 20, 37, 764962)
gpc_10076_pri_mtr,1,1.03413704917181,0.0014396751235699213,-1.593285902876101e-08,false,datetime.datetime(2025, 9, 12, 17, 20, 37, 764962)
gpc_10080_pri_mtr,1,1.034142959626375,0.001736714850837397,2.3188955733375425e-09,false,datetime.datetime(2025, 9, 12, 17, 20, 37, 764962)
227_2664032_1,1,1.029923259776038,97.8214946458085,486.369598984762,false,datetime.datetime(2025, 9, 12, 17, 20, 37, 764962)
227_452771_6,1,1.0295998085857003,186.63224481298244,1004.6460449148458,false,datetime.datetime(2025, 9, 12, 17, 20, 37, 764962)
227_2662741_2,1,1.030046736864776,90.39493917014562,396.8999310354016,false,datetime.datetime(2025, 9, 12, 17, 20, 37, 764962)
227_4589977_1,1,1.0345921137803102,206.71703003189225,339.44220650190255,false,datetime.datetime(2025, 9, 12, 17, 20, 37, 764962)
227_2662739_1,1,1.0300470838406055,90.39485600789007,396.89093051254065,false,datetime.datetime(2025, 9, 12, 17, 20, 37, 764962)
227_4589970_1,1,1.0357950324654344,0.0015977939799045352,2.0255055431933817e-08,false,datetime.datetime(2025, 9, 12, 17, 20, 37, 764962)
227_4290732_20,1,1.0345743636147888,206.71713551368805,339.4879555746518,false,datetime.datetime(2025, 9, 12, 17, 20, 37, 764962)
227_452800_1,1,1.0299121878178454,182.20074647171128,936.4651799822545,false,datetime.datetime(2025, 9, 12, 17, 20, 37, 764962)
227_452772_1,1,1.029628122841889,206.29045377006275,522.5065774565917,false,datetime.datetime(2025, 9, 12, 17, 20, 37, 764962)
227_448259_7,1,1.034477459151183,13.8634665343096,97.81372793787365,false,datetime.datetime(2025, 9, 12, 17, 20, 37, 764962)
227_623392_1,1,1.0297706019156383,0.01584680850688519,0.11163216941523871,false,datetime.datetime(2025, 9, 12, 17, 20, 37, 764962)
227_2664038_2,1,1.029925164250021,97.82157100167785,486.3806732473711,false,datetime.datetime(2025, 9, 12, 17, 20, 37, 764962)
227_452759_5,1,1.029975302707881,100.35865048675745,514.3429628574244,false,datetime.datetime(2025, 9, 12, 17, 20, 37, 764962)
228_2473080_3,1,1.0266469749757545,1.8789333798392576,13.199775086148334,false,datetime.datetime(2025, 9, 12, 17, 20, 37, 764962)
228_350975_10,1,1.0335324683771772,17.382554264489897,122.98257873002069,false,datetime.datetime(2025, 9, 12, 17, 20, 37, 764962)
228_350996_3,1,1.0266511070458428,1.773021701290793,12.461787989686185,false,datetime.datetime(2025, 9, 12, 17, 20, 37, 764962)
227_558417_8,1,1.0367342553374723,0.5701721096475125,4.016167489774432,false,datetime.datetime(2025, 9, 12, 17, 21, 37, 764962)
227_4589971_5,1,1.0367316913790179,0.001177510810999637,7.600207526062251e-09,false,datetime.datetime(2025, 9, 12, 17, 21, 37, 764962)
gpc_10076_pri_mtr,1,1.035045852820861,0.0014409468349419726,-1.0048873523336185e-08,false,datetime.datetime(2025, 9, 12, 17, 21, 37, 764962)
gpc_10080_pri_mtr,1,1.0350520424754395,0.0017382510746099056,6.315459671445887e-09,false,datetime.datetime(2025, 9, 12, 17, 21, 37, 764962)
227_2664032_1,1,1.0310168705550755,92.54735371843084,405.6770772737626,false,datetime.datetime(2025, 9, 12, 17, 21, 37, 764962)
227_452771_6,1,1.0303810382464718,174.85237419465972,786.0283015850127,false,datetime.datetime(2025, 9, 12, 17, 21, 37, 764962)
227_2662741_2,1,1.0310888560577995,83.59449627683166,278.4564741956626,false,datetime.datetime(2025, 9, 12, 17, 21, 37, 764962)
227_4589977_1,1,1.0354926737770171,207.03595499653846,333.1412026180002,false,datetime.datetime(2025, 9, 12, 17, 21, 37, 764962)
227_2662739_1,1,1.0310922377682301,83.59440111564115,278.44895699530775,false,datetime.datetime(2025, 9, 12, 17, 21, 37, 764962)
227_4589970_1,1,1.0367316908672402,0.001599244938531457,1.8483409571945626e-08,false,datetime.datetime(2025, 9, 12, 17, 21, 37, 764962)
227_4290732_20,1,1.0354747338591839,207.0360606620437,333.18709416005,false,datetime.datetime(2025, 9, 12, 17, 21, 37, 764962)
227_452800_1,1,1.0308099842413168,172.07253647121496,724.4336067621713,false,datetime.datetime(2025, 9, 12, 17, 21, 37, 764962)
227_452772_1,1,1.0304089250930948,206.34875869348096,486.10526963243956,false,datetime.datetime(2025, 9, 12, 17, 21, 37, 764962)
227_448259_7,1,1.0353913589696986,13.955249991741862,98.76068793633158,false,datetime.datetime(2025, 9, 12, 17, 21, 37, 764962)
227_623392_1,1,1.0305551385801497,0.12478075219795925,0.8795412224569801,false,datetime.datetime(2025, 9, 12, 17, 21, 37, 764962)
227_2664038_2,1,1.0310167037044191,92.5474366779038,405.6867491554776,false,datetime.datetime(2025, 9, 12, 17, 21, 37, 764962)
227_452759_5,1,1.0310306163006946,93.96017302928165,424.36503565582865,false,datetime.datetime(2025, 9, 12, 17, 21, 37, 764962)
228_2473080_3,1,1.0261475151607578,1.4941443725685326,10.49273886224473,false,datetime.datetime(2025, 9, 12, 17, 21, 37, 764962)
228_350975_10,1,1.0344423472325734,13.326977187309149,94.26492309921635,false,datetime.datetime(2025, 9, 12, 17, 21, 37, 764962)
228_350996_3,1,1.026110975118495,2.0220308758687477,14.202812853964097,false,datetime.datetime(2025, 9, 12, 17, 21, 37, 764962)
227_558417_8,1,1.0354941874833201,0.6171973776705373,4.3440682641769115,false,datetime.datetime(2025, 9, 12, 17, 22, 37, 764962)
227_4589971_5,1,1.0354904292078857,0.0011761015053198358,1.2884685792885249e-08,false,datetime.datetime(2025, 9, 12, 17, 22, 37, 764962)
gpc_10076_pri_mtr,1,1.0339090136772702,0.0014393674973901638,-2.8158992172705258e-08,false,datetime.datetime(2025, 9, 12, 17, 22, 37, 764962)
gpc_10080_pri_mtr,1,1.03391490314674,0.0017363425537446804,1.5003014264880745e-08,false,datetime.datetime(2025, 9, 12, 17, 22, 37, 764962)
227_2664032_1,1,1.0296016861252222,88.78557819847728,345.60343362547644,false,datetime.datetime(2025, 9, 12, 17, 22, 37, 764962)
227_452771_6,1,1.0287545848544193,169.31784662470332,641.4178767636535,false,datetime.datetime(2025, 9, 12, 17, 22, 37, 764962)
227_2662741_2,1,1.0296339001666757,82.37643946343644,200.7458523162398,false,datetime.datetime(2025, 9, 12, 17, 22, 37, 764962)
227_4589977_1,1,1.0340022385683543,207.16154016541049,308.60706412809486,false,datetime.datetime(2025, 9, 12, 17, 22, 37, 764962)
227_2662739_1,1,1.0296392380627777,82.37633877453516,200.73855956287858,false,datetime.datetime(2025, 9, 12, 17, 22, 37, 764962)
227_4589970_1,1,1.0354904286967217,0.001597330630404032,1.3084728132134606e-08,false,datetime.datetime(2025, 9, 12, 17, 22, 37, 764962)
227_4290732_20,1,1.0339837281484545,207.16164602359234,308.6530158080184,false,datetime.datetime(2025, 9, 12, 17, 22, 37, 764962)
227_452800_1,1,1.0292587927758996,167.4791526923118,579.774162121471,false,datetime.datetime(2025, 9, 12, 17, 22, 37, 764962)
227_452772_1,1,1.028782476753259,206.02044010779463,444.9291413138608,false,datetime.datetime(2025, 9, 12, 17, 22, 37, 764962)
227_448259_7,1,1.034238831652184,13.328128104503389,93.88613170294421,false,datetime.datetime(2025, 9, 12, 17, 22, 37, 764962)
227_623392_1,1,1.0289325557592546,0.0495378889874421,0.34864103307497185,false,datetime.datetime(2025, 9, 12, 17, 22, 37, 764962)
227_2664038_2,1,1.0296000102150973,88.78566595545374,345.6121737296579,false,datetime.datetime(2025, 9, 12, 17, 22, 37, 764962)
227_452759_5,1,1.0295877460276788,89.63652571234773,358.7129568875477,false,datetime.datetime(2025, 9, 12, 17, 22, 37, 764962)
228_2473080_3,1,1.0274433079386154,1.440219898094746,10.127070963984886,false,datetime.datetime(2025, 9, 12, 17, 22, 37, 764962)
228_350975_10,1,1.032925957681327,11.427087299821633,80.84815701594884,false,datetime.datetime(2025, 9, 12, 17, 22, 37, 764962)
228_350996_3,1,1.027435848370462,1.5193537182890111,10.688760894181776,false,datetime.datetime(2025, 9, 12, 17, 22, 37, 764962)
227_558417_8,1,1.0357249054148303,0.500152614414645,3.5123877514040673,false,datetime.datetime(2025, 9, 12, 17, 23, 37, 764962)
227_4589971_5,1,1.0357223483027276,0.0011763665321545306,-8.645334353127324e-10,false,datetime.datetime(2025, 9, 12, 17, 23, 37, 764962)
gpc_10076_pri_mtr,1,1.0341936043654174,0.0014397640704462938,-1.5849064956703828e-08,false,datetime.datetime(2025, 9, 12, 17, 23, 37, 764962)
gpc_10080_pri_mtr,1,1.0341993064599968,0.0017368221531874723,7.607973569620504e-09,false,datetime.datetime(2025, 9, 12, 17, 23, 37, 764962)
227_2664032_1,1,1.029716202271943,88.13793341808316,340.16581757317954,false,datetime.datetime(2025, 9, 12, 17, 23, 37, 764962)
227_452771_6,1,1.0288345766988807,168.32102778431351,609.6409866486622,false,datetime.datetime(2025, 9, 12, 17, 23, 37, 764962)
227_2662741_2,1,1.0297468218962582,82.3143015473847,184.85711450854745,false,datetime.datetime(2025, 9, 12, 17, 23, 37, 764962)
227_4589977_1,1,1.0340763496015424,207.441386359106,297.1237561631308,false,datetime.datetime(2025, 9, 12, 17, 23, 37, 764962)
227_2662739_1,1,1.0297525659697333,82.3141998632926,184.8498353027623,false,datetime.datetime(2025, 9, 12, 17, 23, 37, 764962)
227_4589970_1,1,1.0357223477914494,0.0015976913249352116,1.8941078227641033e-08,false,datetime.datetime(2025, 9, 12, 17, 23, 37, 764962)
227_4290732_20,1,1.0340575439371253,207.44149236181593,297.1698379180115,false,datetime.datetime(2025, 9, 12, 17, 23, 37, 764962)
227_452800_1,1,1.029355112898025,166.95911631173462,556.8228217733254,false,datetime.datetime(2025, 9, 12, 17, 23, 37, 764962)
227_452772_1,1,1.0288621698883433,206.06923018332776,450.84228045672734,false,datetime.datetime(2025, 9, 12, 17, 23, 37, 764962)
227_448259_7,1,1.0345185775523869,13.18210453696512,92.91383435765535,false,datetime.datetime(2025, 9, 12, 17, 23, 37, 764962)
227_623392_1,1,1.0290117207307903,0.015858570561927906,0.11163301742410986,false,datetime.datetime(2025, 9, 12, 17, 23, 37, 764962)
227_2664038_2,1,1.0297143865733775,88.1380218185725,340.17439203985793,false,datetime.datetime(2025, 9, 12, 17, 23, 37, 764962)
227_452759_5,1,1.0296995144254868,88.85937588593207,351.6533746011218,false,datetime.datetime(2025, 9, 12, 17, 23, 37, 764962)
228_2473080_3,1,1.0278706723668485,1.567992619226524,11.029547889445244,false,datetime.datetime(2025, 9, 12, 17, 23, 37, 764962)
228_350975_10,1,1.0329682219263179,13.928498674835993,98.53968664791321,false,datetime.datetime(2025, 9, 12, 17, 23, 37, 764962)
228_350996_3,1,1.0278972370233632,1.1288467370326523,7.948179059093304,false,datetime.datetime(2025, 9, 12, 17, 23, 37, 764962)
227_558417_8,1,1.036149349746765,0.46373735968819985,3.2463955448327644,false,datetime.datetime(2025, 9, 12, 17, 24, 37, 764962)
227_4589971_5,1,1.0361472630255129,0.0011768481298739526,-6.682198302052316e-10,false,datetime.datetime(2025, 9, 12, 17, 24, 37, 764962)
gpc_10076_pri_mtr,1,1.0346874353749227,0.001440449162914206,-1.3927162505004903e-08,false,datetime.datetime(2025, 9, 12, 17, 24, 37, 764962)
gpc_10080_pri_mtr,1,1.034693112135972,0.001737649797946454,2.0236372913400992e-08,false,datetime.datetime(2025, 9, 12, 17, 24, 37, 764962)
227_2664032_1,1,1.0299792473857636,86.65019518867791,309.79991574932404,false,datetime.datetime(2025, 9, 12, 17, 24, 37, 764962)
227_452771_6,1,1.0290255360813767,166.89949184920349,568.7608296132164,false,datetime.datetime(2025, 9, 12, 17, 24, 37, 764962)
227_2662741_2,1,1.029984378428721,82.02409969268538,172.9222922312599,false,datetime.datetime(2025, 9, 12, 17, 24, 37, 764962)
227_4589977_1,1,1.03435508086355,207.77089349703948,283.24724296254476,false,datetime.datetime(2025, 9, 12, 17, 24, 37, 764962)
227_2662739_1,1,1.0299904300293117,82.0239969253374,172.91507765668752,false,datetime.datetime(2025, 9, 12, 17, 24, 37, 764962)
227_4589970_1,1,1.0361472625140247,0.00159834674427751,9.615957152527712e-09,false,datetime.datetime(2025, 9, 12, 17, 24, 37, 764962)
227_4290732_20,1,1.0343359126772789,207.7709997163334,283.29347359389425,false,datetime.datetime(2025, 9, 12, 17, 24, 37, 764962)
227_452800_1,1,1.0295680184973248,165.76119947001007,515.0210430843387,false,datetime.datetime(2025, 9, 12, 17, 24, 37, 764962)
227_452772_1,1,1.029053361588239,206.22063747688503,429.8514608112929,false,datetime.datetime(2025, 9, 12, 17, 24, 37, 764962)
227_448259_7,1,1.0350035792867824,12.770985703975157,89.93920206415747,false,datetime.datetime(2025, 9, 12, 17, 24, 37, 764962)
227_623392_1,1,1.0292049915446582,0.12484809103610037,0.8788629645792612,false,datetime.datetime(2025, 9, 12, 17, 24, 37, 764962)
227_2664038_2,1,1.0299766521581724,86.65028625733817,309.80814730037736,false,datetime.datetime(2025, 9, 12, 17, 24, 37, 764962)
227_452759_5,1,1.0299490421956827,87.34042467567762,322.64201190484954,false,datetime.datetime(2025, 9, 12, 17, 24, 37, 764962)
228_2473080_3,1,1.0295288326434076,1.350255024878971,9.514167068779681,false,datetime.datetime(2025, 9, 12, 17, 24, 37, 764962)
228_350975_10,1,1.0332295265982039,12.982061930816599,91.93723028566565,false,datetime.datetime(2025, 9, 12, 17, 24, 37, 764962)
228_350996_3,1,1.0295671706563934,0.740205807418211,5.22442520490525,false,datetime.datetime(2025, 9, 12, 17, 24, 37, 764962)
227_558417_8,1,1.0363432875880854,0.5833750965325636,4.105728080840326,false,datetime.datetime(2025, 9, 12, 17, 25, 37, 764962)
227_4589971_5,1,1.0363396861045617,0.0011770645787808653,8.923895697648943e-09,false,datetime.datetime(2025, 9, 12, 17, 25, 37, 764962)
gpc_10076_pri_mtr,1,1.034894906397598,0.0014407374351406079,-1.5594051923555624e-08,false,datetime.datetime(2025, 9, 12, 17, 25, 37, 764962)
gpc_10080_pri_mtr,1,1.034900524578278,0.001737993934281281,2.0529711949456115e-09,false,datetime.datetime(2025, 9, 12, 17, 25, 37, 764962)
227_2664032_1,1,1.030239693440241,85.76612520717522,280.8496380176957,false,datetime.datetime(2025, 9, 12, 17, 25, 37, 764962)
227_452771_6,1,1.0292076709287743,165.83776593931316,523.706956456751,false,datetime.datetime(2025, 9, 12, 17, 25, 37, 764962)
227_2662741_2,1,1.0302166596480296,81.99653783050779,162.10423834227316,false,datetime.datetime(2025, 9, 12, 17, 25, 37, 764962)
227_4589977_1,1,1.0345643037393846,207.76196099578414,286.10617913850615,false,datetime.datetime(2025, 9, 12, 17, 25, 37, 764962)
227_2662739_1,1,1.0302229902724156,81.99643435053854,162.09703270452246,false,datetime.datetime(2025, 9, 12, 17, 25, 37, 764962)
227_4589970_1,1,1.0363396855929787,0.0015986408092863729,9.384387622408784e-10,false,datetime.datetime(2025, 9, 12, 17, 25, 37, 764962)
227_4290732_20,1,1.0345452026105173,207.76206719696074,286.1524076917307,false,datetime.datetime(2025, 9, 12, 17, 25, 37, 764962)
227_452800_1,1,1.0297743417171492,165.00450528178007,470.52476248215015,false,datetime.datetime(2025, 9, 12, 17, 25, 37, 764962)
227_452772_1,1,1.0292355668898965,206.3460281123354,414.9197518994194,false,datetime.datetime(2025, 9, 12, 17, 25, 37, 764962)
227_448259_7,1,1.0352102379778076,12.765408916065502,89.85737299442194,false,datetime.datetime(2025, 9, 12, 17, 25, 37, 764962)
227_623392_1,1,1.0293888085313443,0.04961295912172928,0.3493227554508747,false,datetime.datetime(2025, 9, 12, 17, 25, 37, 764962)
227_2664038_2,1,1.0302363549340858,85.76621853750773,280.85767575599914,false,datetime.datetime(2025, 9, 12, 17, 25, 37, 764962)
227_452759_5,1,1.0301958431503486,86.208260917489,290.86136890882074,false,datetime.datetime(2025, 9, 12, 17, 25, 37, 764962)
228_2473080_3,1,1.0307892892172164,1.2809822396439228,9.037439547335003,false,datetime.datetime(2025, 9, 12, 17, 25, 37, 764962)
228_350975_10,1,1.0334522517786127,11.20167002898141,79.41630109677767,false,datetime.datetime(2025, 9, 12, 17, 25, 37, 764962)
228_350996_3,1,1.0308020458981928,1.0590616600412792,7.478686854954386,false,datetime.datetime(2025, 9, 12, 17, 25, 37, 764962)
227_558417_8,1,1.0364627497322814,0.5003677862853841,3.5131060244530166,false,datetime.datetime(2025, 9, 12, 17, 26, 37, 764962)
227_4589971_5,1,1.036460193869465,0.0011772052969857962,5.590272509320243e-09,false,datetime.datetime(2025, 9, 12, 17, 26, 37, 764962)
gpc_10076_pri_mtr,1,1.035019286180649,0.0014409122592113138,-2.544046579969687e-09,false,datetime.datetime(2025, 9, 12, 17, 26, 37, 764962)
gpc_10080_pri_mtr,1,1.0350250064587876,0.0017382036070890071,1.548945004287062e-08,false,datetime.datetime(2025, 9, 12, 17, 26, 37, 764962)
227_2664032_1,1,1.0302519761812705,85.4573470438984,283.26101444172787,false,datetime.datetime(2025, 9, 12, 17, 26, 37, 764962)
227_452771_6,1,1.0292180861297027,165.79523527968126,519.8120860069142,false,datetime.datetime(2025, 9, 12, 17, 26, 37, 764962)
227_2662741_2,1,1.0302329315482506,82.09254855288442,156.7540709086345,false,datetime.datetime(2025, 9, 12, 17, 26, 37, 764962)
227_4589977_1,1,1.0345789012654472,208.01954617522318,275.11088576837227,false,datetime.datetime(2025, 9, 12, 17, 26, 37, 764962)
227_2662739_1,1,1.030239398240459,82.09244488342858,156.74684604612625,false,datetime.datetime(2025, 9, 12, 17, 26, 37, 764962)
227_4589970_1,1,1.0364601933578228,0.0015988281649119453,2.0001702941154878e-08,false,datetime.datetime(2025, 9, 12, 17, 26, 37, 764962)
227_4290732_20,1,1.0345595183253309,208.01965250788027,275.1572317745065,false,datetime.datetime(2025, 9, 12, 17, 26, 37, 764962)
227_452800_1,1,1.029786791834498,164.97165977614335,465.6165770083114,false,datetime.datetime(2025, 9, 12, 17, 26, 37, 764962)
227_452772_1,1,1.0292459501186337,206.40499623121707,415.61907426688754,false,datetime.datetime(2025, 9, 12, 17, 26, 37, 764962)
227_448259_7,1,1.0353357927489182,12.769254366970697,89.93392992044758,false,datetime.datetime(2025, 9, 12, 17, 26, 37, 764962)
227_623392_1,1,1.0293991739100325,0.01585255950529483,0.11163214531778783,false,datetime.datetime(2025, 9, 12, 17, 26, 37, 764962)
227_2664038_2,1,1.030248701108109,85.45744047395073,283.2689753275844,false,datetime.datetime(2025, 9, 12, 17, 26, 37, 764962)
227_452759_5,1,1.0302092529583413,85.9736172850178,293.25826074390005,false,datetime.datetime(2025, 9, 12, 17, 26, 37, 764962)
228_2473080_3,1,1.0305160035559984,1.2964548427622191,9.144076084976923,false,datetime.datetime(2025, 9, 12, 17, 26, 37, 764962)
228_350975_10,1,1.033437867556968,13.5124403475747,95.73495162103788,false,datetime.datetime(2025, 9, 12, 17, 26, 37, 764962)
228_350996_3,1,1.0305564716201407,0.6516083612371393,4.604857463851615,false,datetime.datetime(2025, 9, 12, 17, 26, 37, 764962)
227_558417_8,1,1.036850170820864,0.46385264503349,3.246253607766679,false,datetime.datetime(2025, 9, 12, 17, 27, 37, 764962)
227_4589971_5,1,1.0368480855226156,0.0011776426021452798,6.408501065855625e-09,false,datetime.datetime(2025, 9, 12, 17, 27, 37, 764962)
gpc_10076_pri_mtr,1,1.0354520420909163,0.0014415095939166239,-1.0011451920631684e-08,false,datetime.datetime(2025, 9, 12, 17, 27, 37, 764962)
gpc_10080_pri_mtr,1,1.0354576778409899,0.0017389278056671397,2.1153977937226843e-08,false,datetime.datetime(2025, 9, 12, 17, 27, 37, 764962)
227_2664032_1,1,1.0304762656992572,85.2210093183204,258.79851979119195,false,datetime.datetime(2025, 9, 12, 17, 27, 37, 764962)
227_452771_6,1,1.0293883974905584,165.30661676469282,485.27229890953686,false,datetime.datetime(2025, 9, 12, 17, 27, 37, 764962)
227_2662741_2,1,1.0304348584178566,82.11479717313381,153.9765600012505,false,datetime.datetime(2025, 9, 12, 17, 27, 37, 764962)
227_4589977_1,1,1.034838317216506,208.32060393802027,264.64391853391714,false,datetime.datetime(2025, 9, 12, 17, 27, 37, 764962)
227_2662739_1,1,1.0304413986769,82.11469332308641,153.9693321487298,false,datetime.datetime(2025, 9, 12, 17, 27, 37, 764962)
227_4589970_1,1,1.0368480850107815,0.001599423425585862,8.257422653299163e-09,false,datetime.datetime(2025, 9, 12, 17, 27, 37, 764962)
227_4290732_20,1,1.0348186581175016,208.32071042735322,264.6904011517589,false,datetime.datetime(2025, 9, 12, 17, 27, 37, 764962)
227_452800_1,1,1.0299748444888983,164.77787640048223,441.14760994028285,false,datetime.datetime(2025, 9, 12, 17, 27, 37, 764962)
227_452772_1,1,1.02941653708842,206.6782696866004,394.34264838677916,false,datetime.datetime(2025, 9, 12, 17, 27, 37, 764962)
227_448259_7,1,1.035760519056331,12.417937958595859,87.4496299368657,false,datetime.datetime(2025, 9, 12, 17, 27, 37, 764962)
227_623392_1,1,1.0295719815505284,0.015850022322931555,0.11163335542019431,false,datetime.datetime(2025, 9, 12, 17, 27, 37, 764962)
227_2664038_2,1,1.0304723623811716,85.22110431481966,258.80643856269927,false,datetime.datetime(2025, 9, 12, 17, 27, 37, 764962)
227_452759_5,1,1.0304227633124041,85.78255404970888,270.6497362017779,false,datetime.datetime(2025, 9, 12, 17, 27, 37, 764962)
228_2473080_3,1,1.031045828669756,1.201556601750729,8.479567988295756,false,datetime.datetime(2025, 9, 12, 17, 27, 37, 764962)
228_350975_10,1,1.0336904731273433,11.427279128843042,81.0298962085516,false,datetime.datetime(2025, 9, 12, 17, 27, 37, 764962)
228_350996_3,1,1.0310543972535975,1.044740808833575,7.379479780217811,false,datetime.datetime(2025, 9, 12, 17, 27, 37, 764962)
227_558417_8,1,1.036688477876565,0.46348196440530554,3.2466329326101433,false,datetime.datetime(2025, 9, 12, 17, 28, 37, 764962)
227_4589971_5,1,1.0366863927799523,0.0011774609454788905,-1.9973474503214163e-09,false,datetime.datetime(2025, 9, 12, 17, 28, 37, 764962)
gpc_10076_pri_mtr,1,1.035234376059546,0.0014412142423126284,-3.03805621722367e-08,false,datetime.datetime(2025, 9, 12, 17, 28, 37, 764962)
gpc_10080_pri_mtr,1,1.0352400363285763,0.00173856717384726,1.631574031405026e-08,false,datetime.datetime(2025, 9, 12, 17, 28, 37, 764962)
227_2664032_1,1,1.0304262249003144,85.5553772606327,265.10664005987485,false,datetime.datetime(2025, 9, 12, 17, 28, 37, 764962)
227_452771_6,1,1.029349434871542,165.59255703562815,490.26389886723626,false,datetime.datetime(2025, 9, 12, 17, 28, 37, 764962)
227_2662741_2,1,1.0303935169488965,82.26975674493472,148.08017556101612,false,datetime.datetime(2025, 9, 12, 17, 28, 37, 764962)
227_4589977_1,1,1.0347672470548896,208.13248623899477,271.2206876259578,false,datetime.datetime(2025, 9, 12, 17, 28, 37, 764962)
227_2662739_1,1,1.0304002065515074,82.26965276573179,148.07291614476588,false,datetime.datetime(2025, 9, 12, 17, 28, 37, 764962)
227_4589970_1,1,1.0366863922681981,0.0015991801166032544,8.120126071416765e-09,false,datetime.datetime(2025, 9, 12, 17, 28, 37, 764962)
227_4290732_20,1,1.0347477589045013,208.13259265132513,271.267082268943,false,datetime.datetime(2025, 9, 12, 17, 28, 37, 764962)
227_452800_1,1,1.0299331594187364,165.00656142638738,445.71376116937853,false,datetime.datetime(2025, 9, 12, 17, 28, 37, 764962)
227_452772_1,1,1.029377436842817,206.4700910732576,401.6419993454076,false,datetime.datetime(2025, 9, 12, 17, 28, 37, 764962)
227_448259_7,1,1.0355482258928916,12.663665303693882,89.26892422595319,false,datetime.datetime(2025, 9, 12, 17, 28, 37, 764962)
227_623392_1,1,1.029531997183159,0.12467901690708703,0.8779527595704115,false,datetime.datetime(2025, 9, 12, 17, 28, 37, 764962)
227_2664038_2,1,1.0304224839869225,85.55547164815361,265.11463449734646,false,datetime.datetime(2025, 9, 12, 17, 28, 37, 764962)
227_452759_5,1,1.03037567822469,86.1585260785948,277.43554936839337,false,datetime.datetime(2025, 9, 12, 17, 28, 37, 764962)
228_2473080_3,1,1.0303091668760476,1.476839432607308,10.413386874462393,false,datetime.datetime(2025, 9, 12, 17, 28, 37, 764962)
228_350975_10,1,1.0336298553890773,11.450630294678959,81.1544570367973,false,datetime.datetime(2025, 9, 12, 17, 28, 37, 764962)
228_350996_3,1,1.0303378508753425,1.0032086086029373,7.081642252096431,false,datetime.datetime(2025, 9, 12, 17, 28, 37, 764962)
227_558417_8,1,1.0362472513413221,0.5827850385991382,4.1047064086673775,false,datetime.datetime(2025, 9, 12, 17, 29, 37, 764962)
227_4589971_5,1,1.0362436506848705,0.0011769599324276477,-1.0183551005016307e-08,false,datetime.datetime(2025, 9, 12, 17, 29, 37, 764962)
gpc_10076_pri_mtr,1,1.0347801123502036,0.001440582383859565,-2.113955473111163e-08,false,datetime.datetime(2025, 9, 12, 17, 29, 37, 764962)
gpc_10080_pri_mtr,1,1.0347857865666843,0.001737807222106476,-6.379296379753585e-10,false,datetime.datetime(2025, 9, 12, 17, 29, 37, 764962)
227_2664032_1,1,1.0300926297216857,86.17772330471573,295.5512318252989,false,datetime.datetime(2025, 9, 12, 17, 29, 37, 764962)
227_452771_6,1,1.0291047954614765,166.60611556205356,547.2585986743651,false,datetime.datetime(2025, 9, 12, 17, 29, 37, 764962)
227_2662741_2,1,1.0300852198710697,82.22618122076068,166.50981137428306,false,datetime.datetime(2025, 9, 12, 17, 29, 37, 764962)
227_4589977_1,1,1.03443736179451,207.8032150169763,283.08104194213547,false,datetime.datetime(2025, 9, 12, 17, 29, 37, 764962)
227_2662739_1,1,1.0300914361563283,82.22607831489807,166.50255463245173,false,datetime.datetime(2025, 9, 12, 17, 29, 37, 764962)
227_4589970_1,1,1.0362436501733354,0.0015984961190459374,1.5146941504326376e-08,false,datetime.datetime(2025, 9, 12, 17, 29, 37, 764962)
227_4290732_20,1,1.034418185966216,207.80332124639176,283.12728701925334,false,datetime.datetime(2025, 9, 12, 17, 29, 37, 764962)
227_452800_1,1,1.029658139070051,165.73121368461892,501.3145874807068,false,datetime.datetime(2025, 9, 12, 17, 29, 37, 764962)
227_452772_1,1,1.0291326059205173,206.28196175824667,425.01467568121757,false,datetime.datetime(2025, 9, 12, 17, 29, 37, 764962)
227_448259_7,1,1.0350936965019013,12.643029871328709,89.10378160814172,false,datetime.datetime(2025, 9, 12, 17, 29, 37, 764962)
227_623392_1,1,1.0292848124174876,0.04974633274219252,0.3502272005258283,false,datetime.datetime(2025, 9, 12, 17, 29, 37, 764962)
227_2664038_2,1,1.0300896711686225,86.1778155017566,295.5593575781896,false,datetime.datetime(2025, 9, 12, 17, 29, 37, 764962)
227_452759_5,1,1.0300557871949687,86.82460272232694,307.19835893060986,false,datetime.datetime(2025, 9, 12, 17, 29, 37, 764962)
228_2473080_3,1,1.029310747572742,1.440920938892737,10.15041068367667,false,datetime.datetime(2025, 9, 12, 17, 29, 37, 764962)
228_350975_10,1,1.0333121525950801,12.86118961338581,91.06453173569835,false,datetime.datetime(2025, 9, 12, 17, 29, 37, 764962)
228_350996_3,1,1.0293147557880404,1.342863670862605,9.465801220914122,false,datetime.datetime(2025, 9, 12, 17, 29, 37, 764962)
227_558417_8,1,1.0357087496995465,0.5005813759083695,3.513523109372455,false,datetime.datetime(2025, 9, 12, 17, 30, 37, 764962)
227_4589971_5,1,1.0357061894853035,0.001176348067879042,2.8691967971360035e-09,false,datetime.datetime(2025, 9, 12, 17, 30, 37, 764962)
gpc_10076_pri_mtr,1,1.034158096763984,0.001439713075180143,-8.395248861911838e-09,false,datetime.datetime(2025, 9, 12, 17, 30, 37, 764962)
gpc_10080_pri_mtr,1,1.0341638440480834,0.0017367604738376754,5.649083998985427e-09,false,datetime.datetime(2025, 9, 12, 17, 30, 37, 764962)
227_2664032_1,1,1.0297464228827125,88.43917743553915,334.7800117082036,false,datetime.datetime(2025, 9, 12, 17, 30, 37, 764962)
227_452771_6,1,1.0288552602077046,168.24762073968077,603.7090905557252,false,datetime.datetime(2025, 9, 12, 17, 30, 37, 764962)
227_2662741_2,1,1.0297780553503355,82.16534087013568,173.096953600598,false,datetime.datetime(2025, 9, 12, 17, 30, 37, 764962)
227_4589977_1,1,1.0341013270027626,207.3429410033307,303.6299618950503,false,datetime.datetime(2025, 9, 12, 17, 30, 37, 764962)
227_2662739_1,1,1.029784100374363,82.16523832481388,173.0897079086748,false,datetime.datetime(2025, 9, 12, 17, 30, 37, 764962)
227_4589970_1,1,1.0357061889740333,0.0015976633534759313,2.5079383061122158e-08,false,datetime.datetime(2025, 9, 12, 17, 30, 37, 764962)
227_4290732_20,1,1.0340826886142465,207.34304690304145,303.6760022655095,false,datetime.datetime(2025, 9, 12, 17, 30, 37, 764962)
227_452800_1,1,1.029378924964629,166.94994339882305,553.0409580032069,false,datetime.datetime(2025, 9, 12, 17, 30, 37, 764962)
227_452772_1,1,1.028882844053274,206.001429718827,449.51656173346566,false,datetime.datetime(2025, 9, 12, 17, 30, 37, 764962)
227_448259_7,1,1.0344862354639668,13.319209394620444,93.81110195956862,false,datetime.datetime(2025, 9, 12, 17, 30, 37, 764962)
227_623392_1,1,1.0290325166877554,0.01585799802122152,0.1116303807316838,false,datetime.datetime(2025, 9, 12, 17, 30, 37, 764962)
227_2664038_2,1,1.0297444673855862,88.439266002678,334.7886734246159,false,datetime.datetime(2025, 9, 12, 17, 30, 37, 764962)
227_452759_5,1,1.0297276594790723,89.25887884463148,348.530487204497,false,datetime.datetime(2025, 9, 12, 17, 30, 37, 764962)
228_2473080_3,1,1.0279992921747585,1.5341121088653227,10.792715984194926,false,datetime.datetime(2025, 9, 12, 17, 30, 37, 764962)
228_350975_10,1,1.0330149836002995,11.83131801989625,83.73789556032284,false,datetime.datetime(2025, 9, 12, 17, 30, 37, 764962)
228_350996_3,1,1.028005955450163,1.401703287994973,9.867437607971732,false,datetime.datetime(2025, 9, 12, 17, 30, 37, 764962)
227_558417_8,1,1.035044852103742,0.5728892331579927,4.013410097828252,false,datetime.datetime(2025, 9, 12, 17, 31, 37, 764962)
227_4589971_5,1,1.035042274673507,0.001175591837860901,6.593225029258166e-09,false,datetime.datetime(2025, 9, 12, 17, 31, 37, 764962)
gpc_10076_pri_mtr,1,1.0334307970345946,0.0014386977276901417,-2.6759631607390486e-09,false,datetime.datetime(2025, 9, 12, 17, 31, 37, 764962)
gpc_10080_pri_mtr,1,1.0334365738572577,0.0017355355227565358,1.1550284172225666e-08,false,datetime.datetime(2025, 9, 12, 17, 31, 37, 764962)
227_2664032_1,1,1.0291012789491345,92.39112168558592,396.8896727052037,false,datetime.datetime(2025, 9, 12, 17, 31, 37, 764962)
227_452771_6,1,1.0284055643979129,173.26911449358937,730.7530304768687,false,datetime.datetime(2025, 9, 12, 17, 31, 37, 764962)
227_2662741_2,1,1.029181444807683,82.6071572156347,225.99927314110357,false,datetime.datetime(2025, 9, 12, 17, 31, 37, 764962)
227_4589977_1,1,1.0335831407535236,207.0100689479185,318.4534707144969,false,datetime.datetime(2025, 9, 12, 17, 31, 37, 764962)
227_2662739_1,1,1.029186133640261,82.60705830123923,225.99193301839935,false,datetime.datetime(2025, 9, 12, 17, 31, 37, 764962)
227_4589970_1,1,1.035042274162564,0.0015966369512465635,2.007121623603993e-08,false,datetime.datetime(2025, 9, 12, 17, 31, 37, 764962)
227_4290732_20,1,1.0335648997822704,207.01017454588583,318.49936544127877,false,datetime.datetime(2025, 9, 12, 17, 31, 37, 764962)
227_452800_1,1,1.0288615550770397,171.1713286758265,677.234591875457,false,datetime.datetime(2025, 9, 12, 17, 31, 37, 764962)
227_452772_1,1,1.0284334220441442,205.85021492252758,469.0214004704576,false,datetime.datetime(2025, 9, 12, 17, 31, 37, 764962)
227_448259_7,1,1.0337737697598814,14.031845110863594,98.73902140743513,false,datetime.datetime(2025, 9, 12, 17, 31, 37, 764962)
227_623392_1,1,1.0285808831741317,0.12469610331137779,0.8772666857030817,false,datetime.datetime(2025, 9, 12, 17, 31, 37, 764962)
227_2664038_2,1,1.0291009188523226,92.3912049422186,396.8993363784517,false,datetime.datetime(2025, 9, 12, 17, 31, 37, 764962)
227_452759_5,1,1.0291111596816591,93.82139046724345,413.40278923051704,false,datetime.datetime(2025, 9, 12, 17, 31, 37, 764962)
228_2473080_3,1,1.0252973853025373,1.9316323330278942,13.552086152448455,false,datetime.datetime(2025, 9, 12, 17, 31, 37, 764962)
228_350975_10,1,1.0325220255802845,11.74175983566736,82.99699327709267,false,datetime.datetime(2025, 9, 12, 17, 31, 37, 764962)
228_350996_3,1,1.0253102783010968,1.6924908981491091,11.88079692342808,false,datetime.datetime(2025, 9, 12, 17, 31, 37, 764962)
227_558417_8,1,1.033947674620327,0.9201243206928627,6.473802714875179,false,datetime.datetime(2025, 9, 12, 17, 32, 37, 764962)
227_4589971_5,1,1.033942753841508,0.0011743390753368146,7.768952435372585e-09,false,datetime.datetime(2025, 9, 12, 17, 32, 37, 764962)
gpc_10076_pri_mtr,1,1.0322543443449723,0.0014370636922371811,-4.8367046780326066e-09,false,datetime.datetime(2025, 9, 12, 17, 32, 37, 764962)
gpc_10080_pri_mtr,1,1.0322602600399258,0.0017335626825029178,1.0786100339332774e-08,false,datetime.datetime(2025, 9, 12, 17, 32, 37, 764962)
227_2664032_1,1,1.028257669785478,96.54083040057839,474.46285950528204,false,datetime.datetime(2025, 9, 12, 17, 32, 37, 764962)
227_452771_6,1,1.0277913226684194,180.31114955144938,874.3655801066242,false,datetime.datetime(2025, 9, 12, 17, 32, 37, 764962)
227_2662741_2,1,1.0284037302588587,83.85099859881302,277.83400747149636,false,datetime.datetime(2025, 9, 12, 17, 32, 37, 764962)
227_4589977_1,1,1.0327896910117402,206.3902973895773,342.41869382649134,false,datetime.datetime(2025, 9, 12, 17, 32, 37, 764962)
227_2662739_1,1,1.0284070846145514,83.8509040115009,277.82641383246767,false,datetime.datetime(2025, 9, 12, 17, 32, 37, 764962)
227_4589970_1,1,1.0339427533311072,0.0015949392077118305,1.3295875971597518e-08,false,datetime.datetime(2025, 9, 12, 17, 32, 37, 764962)
227_4290732_20,1,1.0327720887444156,206.3904025526748,342.4643062555546,false,datetime.datetime(2025, 9, 12, 17, 32, 37, 764962)
227_452800_1,1,1.0281705249462114,177.2239837585211,816.4217485271274,false,datetime.datetime(2025, 9, 12, 17, 32, 37, 764962)
227_452772_1,1,1.0278187455014665,205.71491371505098,525.5320372481884,false,datetime.datetime(2025, 9, 12, 17, 32, 37, 764962)
227_448259_7,1,1.0326070293627019,14.43145138853647,101.53800749495082,false,datetime.datetime(2025, 9, 12, 17, 32, 37, 764962)
227_623392_1,1,1.0279603826047239,0.04990728648226727,0.3509092131193281,false,datetime.datetime(2025, 9, 12, 17, 32, 37, 764962)
227_2664038_2,1,1.02825930930688,96.54090745234163,474.47356368680363,false,datetime.datetime(2025, 9, 12, 17, 32, 37, 764962)
227_452759_5,1,1.0283038758077307,98.72874683615474,496.49200665180297,false,datetime.datetime(2025, 9, 12, 17, 32, 37, 764962)
228_2473080_3,1,1.0228351684549246,2.0471602245287888,14.327627192577548,false,datetime.datetime(2025, 9, 12, 17, 32, 37, 764962)
228_350975_10,1,1.0317521737419446,14.87376380409187,104.96501402684797,false,datetime.datetime(2025, 9, 12, 17, 32, 37, 764962)
228_350996_3,1,1.0228638191183559,1.576162163131987,11.038565852377788,false,datetime.datetime(2025, 9, 12, 17, 32, 37, 764962)
227_558417_8,1,1.0334625553935488,1.2614196642564979,8.873935695368104,false,datetime.datetime(2025, 9, 12, 17, 33, 37, 764962)
227_4589971_5,1,1.0334556644205988,0.0011737798714914044,8.280399422519658e-10,false,datetime.datetime(2025, 9, 12, 17, 33, 37, 764962)
gpc_10076_pri_mtr,1,1.0317548356097495,0.001436359176381451,-1.4216445454434075e-08,false,datetime.datetime(2025, 9, 12, 17, 33, 37, 764962)
gpc_10080_pri_mtr,1,1.0317606795677166,0.0017327120109892767,1.3384019401597271e-08,false,datetime.datetime(2025, 9, 12, 17, 33, 37, 764962)
227_2664032_1,1,1.0278436812484155,101.36790172353484,529.9101224974173,false,datetime.datetime(2025, 9, 12, 17, 33, 37, 764962)
227_452771_6,1,1.027523592728949,185.78020443586308,958.5074572984521,false,datetime.datetime(2025, 9, 12, 17, 33, 37, 764962)
227_2662741_2,1,1.028041381535756,84.53233054072052,298.8646649579546,false,datetime.datetime(2025, 9, 12, 17, 33, 37, 764962)
227_4589977_1,1,1.032486146847751,206.02587463926488,359.62872295850434,false,datetime.datetime(2025, 9, 12, 17, 33, 37, 764962)
227_2662739_1,1,1.0280441956346122,84.53223779574239,298.8569297643802,false,datetime.datetime(2025, 9, 12, 17, 33, 37, 764962)
227_4589970_1,1,1.0334556639104362,0.001594176930558511,2.376351685355668e-08,false,datetime.datetime(2025, 9, 12, 17, 33, 37, 764962)
227_4290732_20,1,1.0324689925142565,206.0259795173044,359.6741666469122,false,datetime.datetime(2025, 9, 12, 17, 33, 37, 764962)
227_452800_1,1,1.0278579047180545,182.35948980180268,901.8320686132064,false,datetime.datetime(2025, 9, 12, 17, 33, 37, 764962)
227_452772_1,1,1.0275514444425224,205.7490213554932,527.1872144970555,false,datetime.datetime(2025, 9, 12, 17, 33, 37, 764962)
227_448259_7,1,1.032104463159089,14.311799684334025,100.60572308508462,false,datetime.datetime(2025, 9, 12, 17, 33, 37, 764962)
227_623392_1,1,1.027692880747786,0.01587884209378704,0.11163220333592666,false,datetime.datetime(2025, 9, 12, 17, 33, 37, 764962)
227_2664038_2,1,1.0278467465767054,101.36797440732539,529.9222276214937,false,datetime.datetime(2025, 9, 12, 17, 33, 37, 764962)
227_452759_5,1,1.0279154230701557,103.80186240679326,554.1733795317912,false,datetime.datetime(2025, 9, 12, 17, 33, 37, 764962)
228_2473080_3,1,1.0205121428538981,2.393499602647972,16.712472956567247,false,datetime.datetime(2025, 9, 12, 17, 33, 37, 764962)
228_350975_10,1,1.0314858839083145,13.05857551829374,92.05473528723392,false,datetime.datetime(2025, 9, 12, 17, 33, 37, 764962)
228_350996_3,1,1.0205081340964703,2.406871405019805,16.81129404935436,false,datetime.datetime(2025, 9, 12, 17, 33, 37, 764962)
227_558417_8,1,1.0351150700604144,1.2173058576751687,8.551360646734038,false,datetime.datetime(2025, 9, 12, 17, 34, 37, 764962)
227_4589971_5,1,1.0351092934916761,0.0011756509932763666,8.365010932001065e-09,false,datetime.datetime(2025, 9, 12, 17, 34, 37, 764962)
gpc_10076_pri_mtr,1,1.0333322856595673,0.0014385468689175546,-2.2445907553998268e-08,false,datetime.datetime(2025, 9, 12, 17, 34, 37, 764962)
gpc_10080_pri_mtr,1,1.0333382852111355,0.0017353540324715486,-2.967538810516929e-10,false,datetime.datetime(2025, 9, 12, 17, 34, 37, 764962)
227_2664032_1,1,1.0295267926615905,106.3267100295829,584.4452321035488,false,datetime.datetime(2025, 9, 12, 17, 34, 37, 764962)
227_452771_6,1,1.0293560835295754,192.95227799203846,1055.9278288506757,false,datetime.datetime(2025, 9, 12, 17, 34, 37, 764962)
227_2662741_2,1,1.0297692781455934,86.01996826669506,333.14238089846805,false,datetime.datetime(2025, 9, 12, 17, 34, 37, 764962)
227_4589977_1,1,1.0342833500943909,206.20741977694496,373.63793518130433,false,datetime.datetime(2025, 9, 12, 17, 34, 37, 764962)
227_2662739_1,1,1.029771246364674,86.0198783214984,333.13434022016366,false,datetime.datetime(2025, 9, 12, 17, 34, 37, 764962)
227_4589970_1,1,1.0351092929806984,0.0015967180519359512,1.4328863008172387e-08,false,datetime.datetime(2025, 9, 12, 17, 34, 37, 764962)
227_4290732_20,1,1.0342664929940926,206.20752462233128,373.68345918913224,false,datetime.datetime(2025, 9, 12, 17, 34, 37, 764962)
227_452800_1,1,1.0296417867962449,189.05656209117166,998.528485262417,false,datetime.datetime(2025, 9, 12, 17, 34, 37, 764962)
227_452772_1,1,1.0293842548890566,206.24076393367244,541.1766273483984,false,datetime.datetime(2025, 9, 12, 17, 34, 37, 764962)
227_448259_7,1,1.033693841931312,14.81451496933138,104.06574645507435,false,datetime.datetime(2025, 9, 12, 17, 34, 37, 764962)
227_623392_1,1,1.0295246405627614,0.12448714055909148,0.8765944202309178,false,datetime.datetime(2025, 9, 12, 17, 34, 37, 764962)
227_2664038_2,1,1.0295311835270808,106.32677917355997,584.4589121484275,false,datetime.datetime(2025, 9, 12, 17, 34, 37, 764962)
227_452759_5,1,1.0296228176067619,109.26694656836467,613.8945278550275,false,datetime.datetime(2025, 9, 12, 17, 34, 37, 764962)
228_2473080_3,1,1.0246890770153843,2.756990254942067,19.328397849047807,false,datetime.datetime(2025, 9, 12, 17, 34, 37, 764962)
228_350975_10,1,1.0333044534824847,12.568149411605011,88.95973106643201,false,datetime.datetime(2025, 9, 12, 17, 34, 37, 764962)
228_350996_3,1,1.0247059361585522,2.4372035670048886,17.09308979488755,false,datetime.datetime(2025, 9, 12, 17, 34, 37, 764962)
227_558417_8,1,1.0343651458727592,1.0708816407516466,7.515584408738292,false,datetime.datetime(2025, 9, 12, 17, 35, 37, 764962)
227_4589971_5,1,1.0343603262066179,0.001174794847910286,1.172086616546653e-08,false,datetime.datetime(2025, 9, 12, 17, 35, 37, 764962)
gpc_10076_pri_mtr,1,1.0325219623306459,0.0014374134759023527,-1.0874976630061264e-08,false,datetime.datetime(2025, 9, 12, 17, 35, 37, 764962)
gpc_10080_pri_mtr,1,1.0325277672110142,0.001733986941028674,1.675386253133373e-08,false,datetime.datetime(2025, 9, 12, 17, 35, 37, 764962)
227_2664032_1,1,1.0290858853210496,109.49004328675987,626.1114026034957,false,datetime.datetime(2025, 9, 12, 17, 35, 37, 764962)
227_452771_6,1,1.029026430894249,198.07712958617114,1120.393367284403,false,datetime.datetime(2025, 9, 12, 17, 35, 37, 764962)
227_2662741_2,1,1.029370186796625,86.2425855486346,344.8129451413273,false,datetime.datetime(2025, 9, 12, 17, 35, 37, 764962)
227_4589977_1,1,1.0337927323087037,205.76578927462614,397.97586303032097,false,datetime.datetime(2025, 9, 12, 17, 35, 37, 764962)
227_2662739_1,1,1.0293718528913638,86.24249658076035,344.8048670445746,false,datetime.datetime(2025, 9, 12, 17, 35, 37, 764962)
227_4589970_1,1,1.0343603256960068,0.0015955564585896427,-2.1536750592054255e-09,false,datetime.datetime(2025, 9, 12, 17, 35, 37, 764962)
227_4290732_20,1,1.03377651378649,205.76589363605763,398.02118682628736,false,datetime.datetime(2025, 9, 12, 17, 35, 37, 764962)
227_452800_1,1,1.0292778219759724,193.75102613470025,1060.5417468014766,false,datetime.datetime(2025, 9, 12, 17, 35, 37, 764962)
227_452772_1,1,1.029054096426763,206.484999561482,580.5822664238663,false,datetime.datetime(2025, 9, 12, 17, 35, 37, 764962)
227_448259_7,1,1.0328862203564124,15.030952061090218,105.63569516059862,false,datetime.datetime(2025, 9, 12, 17, 35, 37, 764962)
227_623392_1,1,1.0291904487883201,0.04994438464242097,0.35158926620738046,false,datetime.datetime(2025, 9, 12, 17, 35, 37, 764962)
227_2664038_2,1,1.0290913534286514,109.4901092839961,626.126046885209,false,datetime.datetime(2025, 9, 12, 17, 35, 37, 764962)
227_452759_5,1,1.0292014989848202,112.86981088121885,658.8272501241202,false,datetime.datetime(2025, 9, 12, 17, 35, 37, 764962)
228_2473080_3,1,1.0223364484368738,2.713447615642923,18.979524104644987,false,datetime.datetime(2025, 9, 12, 17, 35, 37, 764962)
228_350975_10,1,1.0328429634411418,14.702501321979684,103.89296234795795,false,datetime.datetime(2025, 9, 12, 17, 35, 37, 764962)
228_350996_3,1,1.0223400204044026,2.5961443104280253,18.164934800238658,false,datetime.datetime(2025, 9, 12, 17, 35, 37, 764962)
227_558417_8,1,1.0339966466951616,1.3736908875709086,9.665509358774889,false,datetime.datetime(2025, 9, 12, 17, 36, 37, 764962)
227_4589971_5,1,1.0339894925223014,0.0011743772192177016,3.7620535567608554e-09,false,datetime.datetime(2025, 9, 12, 17, 36, 37, 764962)
gpc_10076_pri_mtr,1,1.0321176261662572,0.0014368581704942464,-1.467145579353556e-08,false,datetime.datetime(2025, 9, 12, 17, 36, 37, 764962)
gpc_10080_pri_mtr,1,1.032123612412294,0.0017333147280427725,2.1737484367733597e-08,false,datetime.datetime(2025, 9, 12, 17, 36, 37, 764962)
227_2664032_1,1,1.0287806827935368,112.34220563978589,655.6176907738948,false,datetime.datetime(2025, 9, 12, 17, 36, 37, 764962)
227_452771_6,1,1.0288010482647867,202.09995853457428,1172.7239530331449,false,datetime.datetime(2025, 9, 12, 17, 36, 37, 764962)
227_2662741_2,1,1.0290904837591324,86.87923048819891,356.7718422308416,false,datetime.datetime(2025, 9, 12, 17, 36, 37, 764962)
227_4589977_1,1,1.0335090491596202,205.60420035492007,406.1592296064949,false,datetime.datetime(2025, 9, 12, 17, 36, 37, 764962)
227_2662739_1,1,1.029091838025659,86.87914271993412,356.76362651021174,false,datetime.datetime(2025, 9, 12, 17, 36, 37, 764962)
227_4589970_1,1,1.0339894920118746,0.0015949896371844146,-4.67026333225667e-09,false,datetime.datetime(2025, 9, 12, 17, 36, 37, 764962)
227_4290732_20,1,1.0334930550052324,205.6043045255173,406.2044805460852,false,datetime.datetime(2025, 9, 12, 17, 36, 37, 764962)
227_452800_1,1,1.0290247541997457,197.0698110535681,1106.275697820076,false,datetime.datetime(2025, 9, 12, 17, 36, 37, 764962)
227_452772_1,1,1.028828562799612,206.4284189151456,600.3499555113491,false,datetime.datetime(2025, 9, 12, 17, 36, 37, 764962)
227_448259_7,1,1.032487870810198,15.231061886122593,107.0944164822356,false,datetime.datetime(2025, 9, 12, 17, 36, 37, 764962)
227_623392_1,1,1.0289628349915345,0.015858587937898534,0.11162531985705244,false,datetime.datetime(2025, 9, 12, 17, 36, 37, 764962)
227_2664038_2,1,1.0287869124910387,112.34226967199331,655.6333163213479,false,datetime.datetime(2025, 9, 12, 17, 36, 37, 764962)
227_452759_5,1,1.0289095300227344,115.50509540717776,687.1047495455589,false,datetime.datetime(2025, 9, 12, 17, 36, 37, 764962)
228_2473080_3,1,1.0215517924062496,2.7828391649980406,19.44979275094345,false,datetime.datetime(2025, 9, 12, 17, 36, 37, 764962)
228_350975_10,1,1.0325703202243892,15.220192723438496,107.51731232498409,false,datetime.datetime(2025, 9, 12, 17, 36, 37, 764962)
228_350996_3,1,1.0215697977243612,2.44698713276101,17.10907020286623,false,datetime.datetime(2025, 9, 12, 17, 36, 37, 764962)
227_558417_8,1,1.0337278437286035,1.3607114023050642,9.558870219576988,false,datetime.datetime(2025, 9, 12, 17, 37, 37, 764962)
227_4589971_5,1,1.0337214138502884,0.0011740660464576557,3.7146672538646816e-09,false,datetime.datetime(2025, 9, 12, 17, 37, 37, 764962)
gpc_10076_pri_mtr,1,1.0317286539311332,0.0014363094082343992,-1.7012231843250956e-08,false,datetime.datetime(2025, 9, 12, 17, 37, 37, 764962)
gpc_10080_pri_mtr,1,1.031734882507677,0.0017326544938602662,3.836120487267158e-09,false,datetime.datetime(2025, 9, 12, 17, 37, 37, 764962)
227_2664032_1,1,1.0287415126297639,113.6242826685687,658.7437428802934,false,datetime.datetime(2025, 9, 12, 17, 37, 37, 764962)
227_452771_6,1,1.028772959595634,203.33274629810666,1183.578434666489,false,datetime.datetime(2025, 9, 12, 17, 37, 37, 764962)
227_2662741_2,1,1.0290529203217733,87.19849646109896,361.9385586175935,false,datetime.datetime(2025, 9, 12, 17, 37, 37, 764962)
227_4589977_1,1,1.0334613979895817,205.4487838588143,421.7691446350799,false,datetime.datetime(2025, 9, 12, 17, 37, 37, 764962)
227_2662739_1,1,1.029054143650472,87.19840917875707,361.9302695169316,false,datetime.datetime(2025, 9, 12, 17, 37, 37, 764962)
227_4589970_1,1,1.033721413339993,0.0015945688727253497,-1.3815150795301134e-09,false,datetime.datetime(2025, 9, 12, 17, 37, 37, 764962)
227_4290732_20,1,1.0334458069276031,205.4488877076724,421.8143263802597,false,datetime.datetime(2025, 9, 12, 17, 37, 37, 764962)
227_452800_1,1,1.0289915813434387,197.85351751110178,1111.4945182588954,false,datetime.datetime(2025, 9, 12, 17, 37, 37, 764962)
227_452772_1,1,1.0288005972304552,206.36723913687564,596.9107413819175,false,datetime.datetime(2025, 9, 12, 17, 37, 37, 764962)
227_448259_7,1,1.0321183646889194,16.069494500624938,112.85573354515275,false,datetime.datetime(2025, 9, 12, 17, 37, 37, 764962)
227_623392_1,1,1.0289351711934935,0.015859702017204002,0.1116322846361243,false,datetime.datetime(2025, 9, 12, 17, 37, 37, 764962)
227_2664038_2,1,1.0287478217421004,113.62434700742598,658.7599763175604,false,datetime.datetime(2025, 9, 12, 17, 37, 37, 764962)
227_452759_5,1,1.028871904342451,116.96067220501791,691.3828543467836,false,datetime.datetime(2025, 9, 12, 17, 37, 37, 764962)
228_2473080_3,1,1.0208550721010845,2.9415598785264967,20.54472983402746,false,datetime.datetime(2025, 9, 12, 17, 37, 37, 764962)
228_350975_10,1,1.0325585542709097,13.111735661994418,92.60337205338807,false,datetime.datetime(2025, 9, 12, 17, 37, 37, 764962)
228_350996_3,1,1.0208663022597697,2.705065106279377,18.899247034865663,false,datetime.datetime(2025, 9, 12, 17, 37, 37, 764962)
227_558417_8,1,1.0330724445692236,1.3218931486942274,9.289462920511298,false,datetime.datetime(2025, 9, 12, 17, 38, 37, 764962)
227_4589971_5,1,1.0330664845920143,0.0011733091919850014,6.663316098943394e-09,false,datetime.datetime(2025, 9, 12, 17, 38, 37, 764962)
gpc_10076_pri_mtr,1,1.0311071732684365,0.0014354340396279086,-2.257752008979924e-08,false,datetime.datetime(2025, 9, 12, 17, 38, 37, 764962)
gpc_10080_pri_mtr,1,1.0311135086657393,0.0017315995891259313,-2.1053991385552634e-09,false,datetime.datetime(2025, 9, 12, 17, 38, 37, 764962)
227_2664032_1,1,1.0279375649281095,122.03824646542367,750.2178496660343,false,datetime.datetime(2025, 9, 12, 17, 38, 37, 764962)
227_452771_6,1,1.0282080961686493,215.71643864289098,1318.7043121636343,false,datetime.datetime(2025, 9, 12, 17, 38, 37, 764962)
227_2662741_2,1,1.028328036287357,90.42329151540903,411.4822002751051,false,datetime.datetime(2025, 9, 12, 17, 38, 37, 764962)
227_4589977_1,1,1.0327855999831381,205.34070988874856,418.5914634178343,false,datetime.datetime(2025, 9, 12, 17, 38, 37, 764962)
227_2662739_1,1,1.028327985573625,90.42320898577272,411.47315274283255,false,datetime.datetime(2025, 9, 12, 17, 38, 37, 764962)
227_4589970_1,1,1.0330664840820374,0.00159354048031849,6.37507798196166e-09,false,datetime.datetime(2025, 9, 12, 17, 38, 37, 764962)
227_4290732_20,1,1.0327699464342914,205.3408137333388,418.6365973899291,false,datetime.datetime(2025, 9, 12, 17, 38, 37, 764962)
227_452800_1,1,1.0283538810853068,210.17755486731392,1252.3551936969493,false,datetime.datetime(2025, 9, 12, 17, 38, 37, 764962)
227_452772_1,1,1.0282355281774584,206.98758668713418,641.5715902345335,false,datetime.datetime(2025, 9, 12, 17, 38, 37, 764962)
227_448259_7,1,1.0314904042131194,15.673469702887814,110.2217109046556,false,datetime.datetime(2025, 9, 12, 17, 38, 37, 764962)
227_623392_1,1,1.028365398247983,0.1244978339439329,0.8756833471437155,false,datetime.datetime(2025, 9, 12, 17, 38, 37, 764962)
227_2664038_2,1,1.0279462404888753,122.03830452211656,750.2370715306982,false,datetime.datetime(2025, 9, 12, 17, 38, 37, 764962)
227_452759_5,1,1.028110546148506,126.20421569649103,787.695624723267,false,datetime.datetime(2025, 9, 12, 17, 38, 37, 764962)
228_2473080_3,1,1.0164282008698824,3.23678110694765,22.507993421545567,false,datetime.datetime(2025, 9, 12, 17, 38, 37, 764962)
228_350975_10,1,1.031848805266517,18.911447367832626,133.29567399133003,false,datetime.datetime(2025, 9, 12, 17, 38, 37, 764962)
228_350996_3,1,1.0164584316542493,2.7056936225752617,18.821960146809293,false,datetime.datetime(2025, 9, 12, 17, 38, 37, 764962)
227_558417_8,1,1.0331392970207072,1.4332542642314405,10.055321880225433,false,datetime.datetime(2025, 9, 12, 17, 39, 37, 764962)
227_4589971_5,1,1.0331328420235293,0.0011733747877173063,6.074135151223881e-10,false,datetime.datetime(2025, 9, 12, 17, 39, 37, 764962)
gpc_10076_pri_mtr,1,1.0311798287445206,0.001435519951124229,-2.1938187410418258e-08,false,datetime.datetime(2025, 9, 12, 17, 39, 37, 764962)
gpc_10080_pri_mtr,1,1.0311861192756835,0.0017317032501309505,1.045227507551292e-08,false,datetime.datetime(2025, 9, 12, 17, 39, 37, 764962)
227_2664032_1,1,1.0282451056940352,119.0454684499021,720.4604261997948,false,datetime.datetime(2025, 9, 12, 17, 39, 37, 764962)
227_452771_6,1,1.0284305873872608,210.3742264063142,1264.3714546020294,false,datetime.datetime(2025, 9, 12, 17, 39, 37, 764962)
227_2662741_2,1,1.02861814066553,87.99139918063007,380.0134425513298,false,datetime.datetime(2025, 9, 12, 17, 39, 37, 764962)
227_4589977_1,1,1.0330199079889522,205.25504741868116,436.97942030484865,false,datetime.datetime(2025, 9, 12, 17, 39, 37, 764962)
227_2662739_1,1,1.02861889841862,87.99131356920097,380.0049838051391,false,datetime.datetime(2025, 9, 12, 17, 39, 37, 764962)
227_4589970_1,1,1.033132841513517,0.0015936280459608679,-2.9146337356121576e-09,false,datetime.datetime(2025, 9, 12, 17, 39, 37, 764962)
227_4290732_20,1,1.0330047182832818,205.2551508783236,437.024525443343,false,datetime.datetime(2025, 9, 12, 17, 39, 37, 764962)
227_452800_1,1,1.0286060064415719,204.80840627254662,1195.597037102574,false,datetime.datetime(2025, 9, 12, 17, 39, 37, 764962)
227_452772_1,1,1.0284581060104283,207.026260457007,623.3874385432263,false,datetime.datetime(2025, 9, 12, 17, 39, 37, 764962)
227_448259_7,1,1.0315631482162482,15.71072073716549,110.29643251296741,false,datetime.datetime(2025, 9, 12, 17, 39, 37, 764962)
227_623392_1,1,1.028589915205245,0.050102932319651614,0.3524978302665235,false,datetime.datetime(2025, 9, 12, 17, 39, 37, 764962)
227_2664038_2,1,1.0282530068163322,119.04552832827244,720.4784976276458,false,datetime.datetime(2025, 9, 12, 17, 39, 37, 764962)
227_452759_5,1,1.028404948993163,123.44087289076131,760.95498897069,false,datetime.datetime(2025, 9, 12, 17, 39, 37, 764962)
228_2473080_3,1,1.0179138521922118,3.0535650486541224,21.2653023968926,false,datetime.datetime(2025, 9, 12, 17, 39, 37, 764962)
228_350975_10,1,1.032133563734557,14.717431517298683,103.75157380955149,false,datetime.datetime(2025, 9, 12, 17, 39, 37, 764962)
228_350996_3,1,1.0179196275813098,2.8977597321091673,20.18617074590136,false,datetime.datetime(2025, 9, 12, 17, 39, 37, 764962)
227_558417_8,1,1.0334960371146444,1.3698545472590646,9.621600179210589,false,datetime.datetime(2025, 9, 12, 17, 40, 37, 764962)
227_4589971_5,1,1.033488898353004,0.0011737806733713983,-4.5164700138391914e-10,false,datetime.datetime(2025, 9, 12, 17, 40, 37, 764962)
gpc_10076_pri_mtr,1,1.031595290825095,0.0014360985824467144,-1.8586609471181708e-08,false,datetime.datetime(2025, 9, 12, 17, 40, 37, 764962)
gpc_10080_pri_mtr,1,1.0316014287377626,0.0017324012350322313,4.799097077234102e-09,false,datetime.datetime(2025, 9, 12, 17, 40, 37, 764962)
227_2664032_1,1,1.028625705616739,115.11538258017139,682.2749903009305,false,datetime.datetime(2025, 9, 12, 17, 40, 37, 764962)
227_452771_6,1,1.0286863600699276,203.47768567564387,1183.2820033886019,false,datetime.datetime(2025, 9, 12, 17, 40, 37, 764962)
227_2662741_2,1,1.0289712115369791,86.37819066363286,342.33121529697706,false,datetime.datetime(2025, 9, 12, 17, 40, 37, 764962)
227_4589977_1,1,1.0332840270528125,205.37104923274373,433.4387030420055,false,datetime.datetime(2025, 9, 12, 17, 40, 37, 764962)
227_2662739_1,1,1.0289729357770672,86.37810163868203,342.323093131223,false,datetime.datetime(2025, 9, 12, 17, 40, 37, 764962)
227_4589970_1,1,1.033488897842817,0.0015941804680101898,1.7162372679697252e-09,false,datetime.datetime(2025, 9, 12, 17, 40, 37, 764962)
227_4290732_20,1,1.0332687330842971,205.37115278946092,433.48386135690964,false,datetime.datetime(2025, 9, 12, 17, 40, 37, 764962)
227_452800_1,1,1.0289053785140323,198.11125461611417,1112.2049093446708,false,datetime.datetime(2025, 9, 12, 17, 40, 37, 764962)
227_452772_1,1,1.028713441202879,207.14148046012684,623.2783552918131,false,datetime.datetime(2025, 9, 12, 17, 40, 37, 764962)
227_448259_7,1,1.0319714732484144,15.439260386554352,108.41874882419877,false,datetime.datetime(2025, 9, 12, 17, 40, 37, 764962)
227_623392_1,1,1.0288453980091334,0.01586209389687856,0.11164209748770165,false,datetime.datetime(2025, 9, 12, 17, 40, 37, 764962)
227_2664038_2,1,1.028632619866918,115.11544483769255,682.2915975633653,false,datetime.datetime(2025, 9, 12, 17, 40, 37, 764962)
227_452759_5,1,1.028768140486403,119.54954864354092,722.6765889326158,false,datetime.datetime(2025, 9, 12, 17, 40, 37, 764962)
228_2473080_3,1,1.019466043990586,2.870817852610279,20.023513904452958,false,datetime.datetime(2025, 9, 12, 17, 40, 37, 764962)
228_350975_10,1,1.032390860532769,14.777160645843994,104.23348413078884,false,datetime.datetime(2025, 9, 12, 17, 40, 37, 764962)
228_350996_3,1,1.0194626885716482,2.855255958872677,19.920401591263207,false,datetime.datetime(2025, 9, 12, 17, 40, 37, 764962)
227_558417_8,1,1.033896672741007,1.1097036054245561,7.787559453772565,false,datetime.datetime(2025, 9, 12, 17, 41, 37, 764962)
227_4589971_5,1,1.0338913681777397,0.0011742436912954345,1.0903138315271089e-08,false,datetime.datetime(2025, 9, 12, 17, 41, 37, 764962)
gpc_10076_pri_mtr,1,1.0320761428375456,0.0014367731896385658,-1.7139263534970796e-08,false,datetime.datetime(2025, 9, 12, 17, 41, 37, 764962)
gpc_10080_pri_mtr,1,1.0320821527417006,0.0017332129138514494,2.1150962726645527e-08,false,datetime.datetime(2025, 9, 12, 17, 41, 37, 764962)
227_2664032_1,1,1.0289789086071923,109.44844066275229,632.6580102453026,false,datetime.datetime(2025, 9, 12, 17, 41, 37, 764962)
227_452771_6,1,1.0289139940778231,197.32951370918676,1116.6600895695613,false,datetime.datetime(2025, 9, 12, 17, 41, 37, 764962)
227_2662741_2,1,1.0292721540775869,85.61717644505896,332.99457832413464,false,datetime.datetime(2025, 9, 12, 17, 41, 37, 764962)
227_4589977_1,1,1.0335465411657137,205.60859129114758,421.2781622083935,false,datetime.datetime(2025, 9, 12, 17, 41, 37, 764962)
227_2662739_1,1,1.0292741191375365,85.61708635689583,332.9866356077171,false,datetime.datetime(2025, 9, 12, 17, 41, 37, 764962)
227_4589970_1,1,1.0338913676673553,0.0015948086621896983,3.369150094356026e-09,false,datetime.datetime(2025, 9, 12, 17, 41, 37, 764962)
227_4290732_20,1,1.0335309191020416,205.60869510135407,421.3234341218632,false,datetime.datetime(2025, 9, 12, 17, 41, 37, 764962)
227_452800_1,1,1.029168594403074,191.97665687585427,1041.9229828672396,false,datetime.datetime(2025, 9, 12, 17, 41, 37, 764962)
227_452772_1,1,1.028940814473435,207.43450402984058,619.2917205933584,false,datetime.datetime(2025, 9, 12, 17, 41, 37, 764962)
227_448259_7,1,1.0324365919315497,14.735729854170868,103.48749590653979,false,datetime.datetime(2025, 9, 12, 17, 41, 37, 764962)
227_623392_1,1,1.0290732023866864,0.12431610415458125,0.8750053326855551,false,datetime.datetime(2025, 9, 12, 17, 41, 37, 764962)
227_2664038_2,1,1.0289845456100237,109.44850575227159,632.6725217062201,false,datetime.datetime(2025, 9, 12, 17, 41, 37, 764962)
227_452759_5,1,1.0290976227176027,113.02007483589446,666.1182748056435,false,datetime.datetime(2025, 9, 12, 17, 41, 37, 764962)
228_2473080_3,1,1.0220259944367331,2.8083452663211954,19.637110685188592,false,datetime.datetime(2025, 9, 12, 17, 41, 37, 764962)
228_350975_10,1,1.0326249378399557,16.31239788264364,115.17077493714363,false,datetime.datetime(2025, 9, 12, 17, 41, 37, 764962)
228_350996_3,1,1.022050360731826,2.3719371568376473,16.592512407540017,false,datetime.datetime(2025, 9, 12, 17, 41, 37, 764962)
227_558417_8,1,1.0344115643891243,1.0381052489862725,7.275250342636145,false,datetime.datetime(2025, 9, 12, 17, 42, 37, 764962)
227_4589971_5,1,1.034406895147194,0.0011748404396125735,9.217121212628574e-09,false,datetime.datetime(2025, 9, 12, 17, 42, 37, 764962)
gpc_10076_pri_mtr,1,1.0325447862678985,0.0014374360414084171,-5.978488224823216e-09,false,datetime.datetime(2025, 9, 12, 17, 42, 37, 764962)
gpc_10080_pri_mtr,1,1.0325507746361215,0.0017340131043136367,2.0732806375489986e-08,false,datetime.datetime(2025, 9, 12, 17, 42, 37, 764962)
227_2664032_1,1,1.0294804551823677,106.28941349802513,585.7760282607876,false,datetime.datetime(2025, 9, 12, 17, 42, 37, 764962)
227_452771_6,1,1.0292796499015002,191.3219550108595,1032.131441401614,false,datetime.datetime(2025, 9, 12, 17, 42, 37, 764962)
227_2662741_2,1,1.029727013240606,84.91822253638017,315.8890653849378,false,datetime.datetime(2025, 9, 12, 17, 42, 37, 764962)
227_4589977_1,1,1.0340051019929413,205.72010565463378,414.63635288646145,false,datetime.datetime(2025, 9, 12, 17, 42, 37, 764962)
227_2662739_1,1,1.0297294220029614,84.91813080608873,315.8812681880884,false,datetime.datetime(2025, 9, 12, 17, 42, 37, 764962)
227_4589970_1,1,1.0344068946365585,0.0015956183140137092,-6.4556119968331395e-09,false,datetime.datetime(2025, 9, 12, 17, 42, 37, 764962)
227_4290732_20,1,1.0339892909345452,205.72020970836647,414.68166186867336,false,datetime.datetime(2025, 9, 12, 17, 42, 37, 764962)
227_452800_1,1,1.029579142285292,186.92631214658766,964.4952513731719,false,datetime.datetime(2025, 9, 12, 17, 42, 37, 764962)
227_452772_1,1,1.0293066854800088,206.7963399251002,587.7144085024174,false,datetime.datetime(2025, 9, 12, 17, 42, 37, 764962)
227_448259_7,1,1.0329137110384858,15.176514513698034,106.50648717215232,false,datetime.datetime(2025, 9, 12, 17, 42, 37, 764962)
227_623392_1,1,1.0294424379573892,0.05015801738552175,0.35317831671781763,false,datetime.datetime(2025, 9, 12, 17, 42, 37, 764962)
227_2664038_2,1,1.0294848806838475,106.28948244747532,585.789673144196,false,datetime.datetime(2025, 9, 12, 17, 42, 37, 764962)
227_452759_5,1,1.0295767795940913,109.1948411805761,613.7048839259877,false,datetime.datetime(2025, 9, 12, 17, 42, 37, 764962)
228_2473080_3,1,1.0242037990511408,2.709047955489194,18.983399732777386,false,datetime.datetime(2025, 9, 12, 17, 42, 37, 764962)
228_350975_10,1,1.0330868073819115,13.427010035291065,94.93332785738929,false,datetime.datetime(2025, 9, 12, 17, 42, 37, 764962)
228_350996_3,1,1.0242468013227057,1.985997746710149,13.924598477832605,false,datetime.datetime(2025, 9, 12, 17, 42, 37, 764962)
227_558417_8,1,1.0347568862400311,0.7118447530615627,4.980815104652734,false,datetime.datetime(2025, 9, 12, 17, 43, 37, 764962)
227_4589971_5,1,1.0347536835370004,0.0011752443861025848,1.1080794244958738e-08,false,datetime.datetime(2025, 9, 12, 17, 43, 37, 764962)
gpc_10076_pri_mtr,1,1.0329607410749961,0.0014380253940029445,-1.3257378776332502e-08,false,datetime.datetime(2025, 9, 12, 17, 43, 37, 764962)
gpc_10080_pri_mtr,1,1.032966726207807,0.0017347243712670438,1.500531005507732e-08,false,datetime.datetime(2025, 9, 12, 17, 43, 37, 764962)
227_2664032_1,1,1.0300298239899899,100.5411333515758,520.2885343038222,false,datetime.datetime(2025, 9, 12, 17, 43, 37, 764962)
227_452771_6,1,1.0296643133134007,184.4540679293783,935.624616254106,false,datetime.datetime(2025, 9, 12, 17, 43, 37, 764962)
227_2662741_2,1,1.0302211199813514,84.04312890845199,286.04246160399896,false,datetime.datetime(2025, 9, 12, 17, 43, 37, 764962)
227_4589977_1,1,1.034447427721709,205.855585463632,408.4948188309303,false,datetime.datetime(2025, 9, 12, 17, 43, 37, 764962)
227_2662739_1,1,1.0302242942557307,84.04303460198678,286.03483941140695,false,datetime.datetime(2025, 9, 12, 17, 43, 37, 764962)
227_4589970_1,1,1.0347536830261972,0.0015961659961347438,6.917137396866808e-09,false,datetime.datetime(2025, 9, 12, 17, 43, 37, 764962)
227_4290732_20,1,1.0344314490799265,205.85568968647866,408.5401874090243,false,datetime.datetime(2025, 9, 12, 17, 43, 37, 764962)
227_452800_1,1,1.030015138557657,180.51756241682395,867.2533726952203,false,datetime.datetime(2025, 9, 12, 17, 43, 37, 764962)
227_452772_1,1,1.0296913881375669,206.5455391311628,560.8160979355416,false,datetime.datetime(2025, 9, 12, 17, 43, 37, 764962)
227_448259_7,1,1.0333160986980108,14.521171138585716,101.90359409974917,false,datetime.datetime(2025, 9, 12, 17, 43, 37, 764962)
227_623392_1,1,1.0298299344271622,0.01584602296950839,0.11163272488319183,false,datetime.datetime(2025, 9, 12, 17, 43, 37, 764962)
227_2664038_2,1,1.0300325675831556,100.54120714632691,520.3004062697707,false,datetime.datetime(2025, 9, 12, 17, 43, 37, 764962)
227_452759_5,1,1.0300967531082426,103.39792157127636,549.5719710023066,false,datetime.datetime(2025, 9, 12, 17, 43, 37, 764962)
228_2473080_3,1,1.026993846927997,2.542145966978721,17.862775628103574,false,datetime.datetime(2025, 9, 12, 17, 43, 37, 764962)
228_350975_10,1,1.0335234155911008,12.528085027408476,88.72742535515907,false,datetime.datetime(2025, 9, 12, 17, 43, 37, 764962)
228_350996_3,1,1.0270160789937013,2.1353063321412473,15.011040582052553,false,datetime.datetime(2025, 9, 12, 17, 43, 37, 764962)
227_558417_8,1,1.0341646757350904,0.9426972166763238,6.637066595496952,false,datetime.datetime(2025, 9, 12, 17, 44, 37, 764962)
227_4589971_5,1,1.0341594734724995,0.0011745800583353038,1.0208048862522106e-08,false,datetime.datetime(2025, 9, 12, 17, 44, 37, 764962)
gpc_10076_pri_mtr,1,1.0325410414786604,0.0014374485467838264,-1.2031756144059181e-08,false,datetime.datetime(2025, 9, 12, 17, 44, 37, 764962)
gpc_10080_pri_mtr,1,1.032546910798474,0.0017340287537366906,2.1522218144441613e-08,false,datetime.datetime(2025, 9, 12, 17, 44, 37, 764962)
227_2664032_1,1,1.0294416465308176,99.8876606926516,515.8384066938711,false,datetime.datetime(2025, 9, 12, 17, 44, 37, 764962)
227_452771_6,1,1.0292090719534752,190.50737163653096,1061.3222121922945,false,datetime.datetime(2025, 9, 12, 17, 44, 37, 764962)
227_2662741_2,1,1.02958227212048,92.63056103538841,431.2219178282317,false,datetime.datetime(2025, 9, 12, 17, 44, 37, 764962)
227_4589977_1,1,1.0338999029449367,205.707955912827,409.0169255074633,false,datetime.datetime(2025, 9, 12, 17, 44, 37, 764962)
227_2662739_1,1,1.0295817320302825,92.63048128071948,431.2124181599072,false,datetime.datetime(2025, 9, 12, 17, 44, 37, 764962)
227_4589970_1,1,1.0341594729619903,0.001595266650992804,-1.2460956305585473e-10,false,datetime.datetime(2025, 9, 12, 17, 44, 37, 764962)
227_4290732_20,1,1.033883957172023,205.7080600598588,409.0622290742168,false,datetime.datetime(2025, 9, 12, 17, 44, 37, 764962)
227_452800_1,1,1.0294906758974436,186.16927074773986,999.447142839334,false,datetime.datetime(2025, 9, 12, 17, 44, 37, 764962)
227_452772_1,1,1.0292362335460743,206.62165215682882,588.7929535619993,false,datetime.datetime(2025, 9, 12, 17, 44, 37, 764962)
227_448259_7,1,1.0328754064900705,13.587226299430467,95.66845570636428,false,datetime.datetime(2025, 9, 12, 17, 44, 37, 764962)
227_623392_1,1,1.0293716610173316,0.12418269380869593,0.8743227568135418,false,datetime.datetime(2025, 9, 12, 17, 44, 37, 764962)
227_2664038_2,1,1.0294443094420764,99.88773478753126,515.8500689796468,false,datetime.datetime(2025, 9, 12, 17, 44, 37, 764962)
227_452759_5,1,1.0295066751010031,102.22847203950631,541.5748015442309,false,datetime.datetime(2025, 9, 12, 17, 44, 37, 764962)
228_2473080_3,1,1.026221633420435,2.4044568627853877,16.882893420500462,false,datetime.datetime(2025, 9, 12, 17, 44, 37, 764962)
228_350975_10,1,1.0329566180279701,16.587450697237976,117.29639465602085,false,datetime.datetime(2025, 9, 12, 17, 44, 37, 764962)
228_350996_3,1,1.0262727963706728,1.5607277575728409,10.967048436173538,false,datetime.datetime(2025, 9, 12, 17, 44, 37, 764962)
227_558417_8,1,1.0354660641218463,0.710838017206492,5.0105944909041105,false,datetime.datetime(2025, 9, 12, 17, 45, 37, 764962)
227_4589971_5,1,1.0354625591964817,0.001176065779449291,9.365131568239785e-09,false,datetime.datetime(2025, 9, 12, 17, 45, 37, 764962)
gpc_10076_pri_mtr,1,1.0338993405714754,0.0014393462802006654,-9.694060380620091e-09,false,datetime.datetime(2025, 9, 12, 17, 45, 37, 764962)
gpc_10080_pri_mtr,1,1.0339051035590228,0.0017363180508275723,2.986542303623499e-08,false,datetime.datetime(2025, 9, 12, 17, 45, 37, 764962)
227_2664032_1,1,1.0307514902887824,92.10723058101134,411.79423193982564,false,datetime.datetime(2025, 9, 12, 17, 45, 37, 764962)
227_452771_6,1,1.0301371971525768,175.03043701696973,801.441241525435,false,datetime.datetime(2025, 9, 12, 17, 45, 37, 764962)
227_2662741_2,1,1.0308263545106737,84.01680708455136,287.9600902653218,false,datetime.datetime(2025, 9, 12, 17, 45, 37, 764962)
227_4589977_1,1,1.034971892773072,206.13110400880362,390.2525394814323,false,datetime.datetime(2025, 9, 12, 17, 45, 37, 764962)
227_2662739_1,1,1.030829488790255,84.01671296300627,287.9524883947628,false,datetime.datetime(2025, 9, 12, 17, 45, 37, 764962)
227_4589970_1,1,1.03546255868533,0.0015972834144529092,1.3711868599067263e-08,false,datetime.datetime(2025, 9, 12, 17, 45, 37, 764962)
227_4290732_20,1,1.0349554322956156,206.13120862574573,390.29803032808627,false,datetime.datetime(2025, 9, 12, 17, 45, 37, 764962)
227_452800_1,1,1.0305579547904846,172.17748424058775,739.797992300451,false,datetime.datetime(2025, 9, 12, 17, 45, 37, 764962)
227_452772_1,1,1.0301638201021703,206.49827525677287,547.2600047320301,false,datetime.datetime(2025, 9, 12, 17, 45, 37, 764962)
227_448259_7,1,1.0342254957048362,13.21775648166474,93.3911088335421,false,datetime.datetime(2025, 9, 12, 17, 45, 37, 764962)
227_623392_1,1,1.0303037439468967,0.050212400595515294,0.3538580559705703,false,datetime.datetime(2025, 9, 12, 17, 45, 37, 764962)
227_2664038_2,1,1.0307514818960033,92.10731314229642,411.8037529952486,false,datetime.datetime(2025, 9, 12, 17, 45, 37, 764962)
227_452759_5,1,1.030768026255042,93.52470011204824,430.3472577240049,false,datetime.datetime(2025, 9, 12, 17, 45, 37, 764962)
228_2473080_3,1,1.0268909697009967,1.7914653100952556,12.588572098344196,false,datetime.datetime(2025, 9, 12, 17, 45, 37, 764962)
228_350975_10,1,1.0340125574848351,13.62047160732644,96.33025236220932,false,datetime.datetime(2025, 9, 12, 17, 45, 37, 764962)
228_350996_3,1,1.026916789663869,1.3540155038796962,9.522066683842363,false,datetime.datetime(2025, 9, 12, 17, 45, 37, 764962)
227_558417_8,1,1.0341862554886176,0.499048602807161,3.4893794260150233,false,datetime.datetime(2025, 9, 12, 17, 46, 37, 764962)
227_4589971_5,1,1.0341840083843905,0.001174613008305683,1.7927333818752015e-08,false,datetime.datetime(2025, 9, 12, 17, 46, 37, 764962)
gpc_10076_pri_mtr,1,1.0326713291914482,0.001437639657641545,-1.3414328531161698e-09,false,datetime.datetime(2025, 9, 12, 17, 46, 37, 764962)
gpc_10080_pri_mtr,1,1.0326770441499642,0.001734257947663888,1.531831542873762e-08,false,datetime.datetime(2025, 9, 12, 17, 46, 37, 764962)
227_2664032_1,1,1.0293609268452613,88.58446168015024,347.7777200861267,false,datetime.datetime(2025, 9, 12, 17, 46, 37, 764962)
227_452771_6,1,1.028528454254384,169.23198488344548,647.2975999787711,false,datetime.datetime(2025, 9, 12, 17, 46, 37, 764962)
227_2662741_2,1,1.0293998278861463,82.50589378179183,199.57098347018544,false,datetime.datetime(2025, 9, 12, 17, 46, 37, 764962)
227_4589977_1,1,1.0334820776819071,206.10505760785722,368.4189184254343,false,datetime.datetime(2025, 9, 12, 17, 46, 37, 764962)
227_2662739_1,1,1.0294051915117057,82.50579321942695,199.56366221996626,false,datetime.datetime(2025, 9, 12, 17, 46, 37, 764962)
227_4589970_1,1,1.0341840078738704,0.0015953098302723882,1.732232617070225e-08,false,datetime.datetime(2025, 9, 12, 17, 46, 37, 764962)
227_4290732_20,1,1.0334651151857372,206.10516243627757,368.4644009722224,false,datetime.datetime(2025, 9, 12, 17, 46, 37, 764962)
227_452800_1,1,1.0290292305992914,167.4643940086163,587.855796168509,false,datetime.datetime(2025, 9, 12, 17, 46, 37, 764962)
227_452772_1,1,1.0285549409282417,205.95831407646097,510.2308427601414,false,datetime.datetime(2025, 9, 12, 17, 46, 37, 764962)
227_448259_7,1,1.032997719501594,13.245844994325228,93.15287271191893,false,datetime.datetime(2025, 9, 12, 17, 46, 37, 764962)
227_623392_1,1,1.028698278757825,0.015863330413918606,0.11163233077868612,false,datetime.datetime(2025, 9, 12, 17, 46, 37, 764962)
227_2664038_2,1,1.0293593105228391,88.58454934121048,347.7864028858184,false,datetime.datetime(2025, 9, 12, 17, 46, 37, 764962)
227_452759_5,1,1.0293488387618563,89.80751499671183,365.32637248314455,false,datetime.datetime(2025, 9, 12, 17, 46, 37, 764962)
228_2473080_3,1,1.0273475698524972,1.4752034065334105,10.371939866669681,false,datetime.datetime(2025, 9, 12, 17, 46, 37, 764962)
228_350975_10,1,1.03249960331317,11.9586752830699,84.55347721656943,false,datetime.datetime(2025, 9, 12, 17, 46, 37, 764962)
228_350996_3,1,1.027367756164284,1.133928038746145,7.979751206320501,false,datetime.datetime(2025, 9, 12, 17, 46, 37, 764962)
227_558417_8,1,1.034277116138864,0.5834308967546373,4.1005499195720505,false,datetime.datetime(2025, 9, 12, 17, 47, 37, 764962)
227_4589971_5,1,1.034273514595027,0.0011747219149459893,1.2464963258754322e-08,false,datetime.datetime(2025, 9, 12, 17, 47, 37, 764962)
gpc_10076_pri_mtr,1,1.0327586239286692,0.0014377657242698667,-1.51671107592456e-08,false,datetime.datetime(2025, 9, 12, 17, 47, 37, 764962)
gpc_10080_pri_mtr,1,1.0327644377621994,0.001734411300823815,1.6188311873013568e-08,false,datetime.datetime(2025, 9, 12, 17, 47, 37, 764962)
227_2664032_1,1,1.0294741102601368,87.51667904905827,334.71248706203914,false,datetime.datetime(2025, 9, 12, 17, 47, 37, 764962)
227_452771_6,1,1.0285946876902268,168.14743411567946,617.1244070657856,false,datetime.datetime(2025, 9, 12, 17, 47, 37, 764962)
227_2662741_2,1,1.029501735865946,82.26115880093496,186.46421372413923,false,datetime.datetime(2025, 9, 12, 17, 47, 37, 764962)
227_4589977_1,1,1.033528784394177,206.1917552080102,363.05130749298996,false,datetime.datetime(2025, 9, 12, 17, 47, 37, 764962)
227_2662739_1,1,1.0295074346330164,82.26105720176402,186.45694543236326,false,datetime.datetime(2025, 9, 12, 17, 47, 37, 764962)
227_4589970_1,1,1.0342735140844639,0.0015954530531029991,1.5952822222109085e-08,false,datetime.datetime(2025, 9, 12, 17, 47, 37, 764962)
227_4290732_20,1,1.0335116836381497,206.1918601332217,363.09682894955165,false,datetime.datetime(2025, 9, 12, 17, 47, 37, 764962)
227_452800_1,1,1.0291115014942331,166.5874174968859,557.6037753386081,false,datetime.datetime(2025, 9, 12, 17, 47, 37, 764962)
227_452772_1,1,1.0286208099113983,205.90497910036459,519.4006422713376,false,datetime.datetime(2025, 9, 12, 17, 47, 37, 764962)
227_448259_7,1,1.0330811348794726,13.009074537091518,91.51282107860959,false,datetime.datetime(2025, 9, 12, 17, 47, 37, 764962)
227_623392_1,1,1.0287632383989735,0.015862376882602898,0.11163260033731065,false,datetime.datetime(2025, 9, 12, 17, 47, 37, 764962)
227_2664038_2,1,1.0294721598335606,87.51676805644331,334.72090866172334,false,datetime.datetime(2025, 9, 12, 17, 47, 37, 764962)
227_452759_5,1,1.0294555905042608,88.4937777306958,349.2198007625546,false,datetime.datetime(2025, 9, 12, 17, 47, 37, 764962)
228_2473080_3,1,1.0281299712075753,1.4429277235537863,10.15289962552186,false,datetime.datetime(2025, 9, 12, 17, 47, 37, 764962)
228_350975_10,1,1.032524556286716,14.483727648362878,102.42500308647351,false,datetime.datetime(2025, 9, 12, 17, 47, 37, 764962)
228_350996_3,1,1.0281540680330743,1.0429084961683142,7.34582616137117,false,datetime.datetime(2025, 9, 12, 17, 47, 37, 764962)
227_558417_8,1,1.0349688657007883,0.3935681210055049,2.75472928573573,false,datetime.datetime(2025, 9, 12, 17, 48, 37, 764962)
227_4589971_5,1,1.034966778941019,0.0011755051826458777,-6.367117450222887e-09,false,datetime.datetime(2025, 9, 12, 17, 48, 37, 764962)
gpc_10076_pri_mtr,1,1.033533490161043,0.0014388428197428462,-2.107407279090798e-08,false,datetime.datetime(2025, 9, 12, 17, 48, 37, 764962)
gpc_10080_pri_mtr,1,1.0335392834242885,0.0017357075566259974,1.1179937979484715e-08,false,datetime.datetime(2025, 9, 12, 17, 48, 37, 764962)
227_2664032_1,1,1.029866427398604,86.29085793956806,300.88554647428526,false,datetime.datetime(2025, 9, 12, 17, 48, 37, 764962)
227_452771_6,1,1.0288894247561304,166.62345861962217,555.2877798410154,false,datetime.datetime(2025, 9, 12, 17, 48, 37, 764962)
227_2662741_2,1,1.0298651592604335,82.14259182521982,167.0337931744773,false,datetime.datetime(2025, 9, 12, 17, 48, 37, 764962)
227_4589977_1,1,1.033954584958367,206.63449162197298,340.4087725776662,false,datetime.datetime(2025, 9, 12, 17, 48, 37, 764962)
227_2662739_1,1,1.0298713591476074,82.14248888674317,167.026553993627,false,datetime.datetime(2025, 9, 12, 17, 48, 37, 764962)
227_4589970_1,1,1.0349667784301133,0.0015965217291264446,6.127678408046327e-09,false,datetime.datetime(2025, 9, 12, 17, 48, 37, 764962)
227_4290732_20,1,1.0339368895089818,206.63459696102126,340.45449405892043,false,datetime.datetime(2025, 9, 12, 17, 48, 37, 764962)
227_452800_1,1,1.0294392146816749,165.547083289807,499.38809424305396,false,datetime.datetime(2025, 9, 12, 17, 48, 37, 764962)
227_452772_1,1,1.0289159571100035,206.0147120281301,485.1609981485457,false,datetime.datetime(2025, 9, 12, 17, 48, 37, 764962)
227_448259_7,1,1.0338497684876693,12.723966737164726,89.42999280401973,false,datetime.datetime(2025, 9, 12, 17, 48, 37, 764962)
227_623392_1,1,1.0290618641508493,0.12409179738446675,0.8734176352447226,false,datetime.datetime(2025, 9, 12, 17, 48, 37, 764962)
227_2664038_2,1,1.0298636073812764,86.29094972093402,300.89369791073943,false,datetime.datetime(2025, 9, 12, 17, 48, 37, 764962)
227_452759_5,1,1.0298325013009517,87.14159012260083,315.1833266648971,false,datetime.datetime(2025, 9, 12, 17, 48, 37, 764962)
228_2473080_3,1,1.0291015886073576,1.5653656815908152,11.024276907283511,false,datetime.datetime(2025, 9, 12, 17, 48, 37, 764962)
228_350975_10,1,1.0329187346073034,13.426128187398152,95.01354526465441,false,datetime.datetime(2025, 9, 12, 17, 48, 37, 764962)
228_350996_3,1,1.0291546318430074,0.7159047898155998,5.051179448736122,false,datetime.datetime(2025, 9, 12, 17, 48, 37, 764962)
227_558417_8,1,1.0356071056830616,0.42935008629542054,3.003059613032354,false,datetime.datetime(2025, 9, 12, 17, 49, 37, 764962)
227_4589971_5,1,1.035605172068502,0.0011762327873448527,4.081613570807981e-09,false,datetime.datetime(2025, 9, 12, 17, 49, 37, 764962)
gpc_10076_pri_mtr,1,1.034302960052796,0.001439915666893563,-1.3643377319545591e-08,false,datetime.datetime(2025, 9, 12, 17, 49, 37, 764962)
gpc_10080_pri_mtr,1,1.0343078377546797,0.001737002351928748,9.416179341637396e-09,false,datetime.datetime(2025, 9, 12, 17, 49, 37, 764962)
227_2664032_1,1,1.0301896273124866,86.03212066629034,279.49534396110465,false,datetime.datetime(2025, 9, 12, 17, 49, 37, 764962)
227_452771_6,1,1.0291520006152228,166.00516517734889,516.9774859562564,false,datetime.datetime(2025, 9, 12, 17, 49, 37, 764962)
227_2662741_2,1,1.030172752920595,82.18747718420931,150.37572082786792,false,datetime.datetime(2025, 9, 12, 17, 49, 37, 764962)
227_4589977_1,1,1.0343758442295852,207.0090200698175,320.21289062594553,false,datetime.datetime(2025, 9, 12, 17, 49, 37, 764962)
227_2662739_1,1,1.0301793813214453,82.18737327671951,150.368477647352,false,datetime.datetime(2025, 9, 12, 17, 49, 37, 764962)
227_4589970_1,1,1.0356051715572816,0.001597509748110914,1.8979868277563352e-08,false,datetime.datetime(2025, 9, 12, 17, 49, 37, 764962)
227_4290732_20,1,1.034357617316122,207.00912580514458,320.258773103771,false,datetime.datetime(2025, 9, 12, 17, 49, 37, 764962)
227_452800_1,1,1.0297224049388043,165.17191510617965,461.2906766403071,false,datetime.datetime(2025, 9, 12, 17, 49, 37, 764962)
227_452772_1,1,1.0291793416981678,206.07813180022143,438.20022189755787,false,datetime.datetime(2025, 9, 12, 17, 49, 37, 764962)
227_448259_7,1,1.0345813382161229,11.302784405160834,79.65108606958975,false,datetime.datetime(2025, 9, 12, 17, 49, 37, 764962)
227_623392_1,1,1.0293301564150572,0.05038897262349283,0.3547661251975145,false,datetime.datetime(2025, 9, 12, 17, 49, 37, 764962)
227_2664038_2,1,1.0301862559111947,86.03221386718874,279.50344653254785,false,datetime.datetime(2025, 9, 12, 17, 49, 37, 764962)
227_452759_5,1,1.0301461442732045,86.83593722174548,294.82671510146974,false,datetime.datetime(2025, 9, 12, 17, 49, 37, 764962)
228_2473080_3,1,1.0299080557662625,1.3740122831081198,9.68502198994005,false,datetime.datetime(2025, 9, 12, 17, 49, 37, 764962)
228_350975_10,1,1.0333236949843216,10.110115660633028,71.62120009559099,false,datetime.datetime(2025, 9, 12, 17, 49, 37, 764962)
228_350996_3,1,1.0299483682552388,0.7275274946976269,5.136996785286843,false,datetime.datetime(2025, 9, 12, 17, 49, 37, 764962)
227_558417_8,1,1.0373256720581676,0.3536031556039985,2.4832479218570773,false,datetime.datetime(2025, 9, 12, 17, 50, 37, 764962)
227_4589971_5,1,1.0373240739829892,0.0011781883407065018,1.100212292226562e-08,false,datetime.datetime(2025, 9, 12, 17, 50, 37, 764962)
gpc_10076_pri_mtr,1,1.0366255561198565,0.0014431559381702745,-8.500457154697618e-09,false,datetime.datetime(2025, 9, 12, 17, 50, 37, 764962)
gpc_10080_pri_mtr,1,1.036626994112325,0.0017409046688757345,4.943908261112469e-09,false,datetime.datetime(2025, 9, 12, 17, 50, 37, 764962)
227_2664032_1,1,1.0304645997284496,86.09961499412904,291.38005812159355,false,datetime.datetime(2025, 9, 12, 17, 50, 37, 764962)
227_452771_6,1,1.0294578905452105,166.25783467856792,537.5893696091287,false,datetime.datetime(2025, 9, 12, 17, 50, 37, 764962)
227_2662741_2,1,1.0304534708083173,82.30289802104599,161.4657429118617,false,datetime.datetime(2025, 9, 12, 17, 50, 37, 764962)
227_4589977_1,1,1.0351683975144084,208.95632590202445,230.7185650760538,false,datetime.datetime(2025, 9, 12, 17, 50, 37, 764962)
227_2662739_1,1,1.0304598195645902,82.30279485355277,161.4584714011839,false,datetime.datetime(2025, 9, 12, 17, 50, 37, 764962)
227_4589970_1,1,1.0373240734709195,0.0016001658111750683,9.22927891390531e-09,false,datetime.datetime(2025, 9, 12, 17, 50, 37, 764962)
227_4290732_20,1,1.0351478522201765,208.95643297467998,230.76529969323354,false,datetime.datetime(2025, 9, 12, 17, 50, 37, 764962)
227_452800_1,1,1.030017152879532,165.33656392070395,485.7016603346339,false,datetime.datetime(2025, 9, 12, 17, 50, 37, 764962)
227_452772_1,1,1.0294878994598504,207.45444396391665,321.7232723691663,false,datetime.datetime(2025, 9, 12, 17, 50, 37, 764962)
227_448259_7,1,1.036745025629015,5.17579869745974,36.84955456996005,false,datetime.datetime(2025, 9, 12, 17, 50, 37, 764962)
227_623392_1,1,1.0296507454519377,0.01584870748705016,0.11163226569550633,false,datetime.datetime(2025, 9, 12, 17, 50, 37, 764962)
227_2664038_2,1,1.030461530293933,86.09970756922776,291.38816454828645,false,datetime.datetime(2025, 9, 12, 17, 50, 37, 764962)
227_452759_5,1,1.0304257892299595,86.7761002664454,302.8857193093712,false,datetime.datetime(2025, 9, 12, 17, 50, 37, 764962)
228_2473080_3,1,1.0297653739100834,1.2035860779539345,8.483316073174468,false,datetime.datetime(2025, 9, 12, 17, 50, 37, 764962)
228_350975_10,1,1.0339899737008895,6.308196127660542,44.67667096845866,false,datetime.datetime(2025, 9, 12, 17, 50, 37, 764962)
228_350996_3,1,1.0297987482841298,0.6666815843476503,4.707614730888345,false,datetime.datetime(2025, 9, 12, 17, 50, 37, 764962)
227_558417_8,1,1.0383432154871086,0.5448145138632712,3.8551064785426883,false,datetime.datetime(2025, 9, 12, 17, 51, 37, 764962)
227_4589971_5,1,1.0383397863778774,0.0011793398783399058,7.320515084798908e-09,false,datetime.datetime(2025, 9, 12, 17, 51, 37, 764962)
gpc_10076_pri_mtr,1,1.037876770389423,0.0014448962568629278,-2.3766964235519316e-08,false,datetime.datetime(2025, 9, 12, 17, 51, 37, 764962)
gpc_10080_pri_mtr,1,1.0378770213292463,0.001743000724062698,3.527556401262946e-08,false,datetime.datetime(2025, 9, 12, 17, 51, 37, 764962)
227_2664032_1,1,1.030791853084339,85.29575210595297,272.56284376835424,false,datetime.datetime(2025, 9, 12, 17, 51, 37, 764962)
227_452771_6,1,1.029738653019583,165.71253135656346,510.9843882438868,false,datetime.datetime(2025, 9, 12, 17, 51, 37, 764962)
227_2662741_2,1,1.0307669100562453,82.37310302576356,148.58133112118014,false,datetime.datetime(2025, 9, 12, 17, 51, 37, 764962)
227_4589977_1,1,1.0357025109192965,210.19097116771556,190.6050106378202,false,datetime.datetime(2025, 9, 12, 17, 51, 37, 764962)
227_2662739_1,1,1.0307735913061016,82.37299913887713,148.57404951143673,false,datetime.datetime(2025, 9, 12, 17, 51, 37, 764962)
227_4589970_1,1,1.038339785865306,0.0016017304252027153,-3.8072385680347655e-09,false,datetime.datetime(2025, 9, 12, 17, 51, 37, 764962)
227_4290732_20,1,1.0356809225779102,210.19107868195908,190.6523007027718,false,datetime.datetime(2025, 9, 12, 17, 51, 37, 764962)
227_452800_1,1,1.0303121590292876,164.93846127360777,460.1115110767932,false,datetime.datetime(2025, 9, 12, 17, 51, 37, 764962)
227_452772_1,1,1.0297699212522453,208.86905618204813,257.36334865215565,false,datetime.datetime(2025, 9, 12, 17, 51, 37, 764962)
227_448259_7,1,1.037945577450377,3.274088263404631,23.411075102167572,false,datetime.datetime(2025, 9, 12, 17, 51, 37, 764962)
227_623392_1,1,1.0299392967830339,0.12388962828169803,0.8727350798730706,false,datetime.datetime(2025, 9, 12, 17, 51, 37, 764962)
227_2664038_2,1,1.0307882995093145,85.29584637046841,272.57076789222515,false,datetime.datetime(2025, 9, 12, 17, 51, 37, 764962)
227_452759_5,1,1.0307447036077417,85.94806412673145,285.22170159997967,false,datetime.datetime(2025, 9, 12, 17, 51, 37, 764962)
228_2473080_3,1,1.0303901211916924,1.4871719706310167,10.487022475107223,false,datetime.datetime(2025, 9, 12, 17, 51, 37, 764962)
228_350975_10,1,1.0344767109736457,2.8012523493381876,19.858196832880576,false,datetime.datetime(2025, 9, 12, 17, 51, 37, 764962)
228_350996_3,1,1.0304373870233423,0.7324394225130392,5.1740335084929665,false,datetime.datetime(2025, 9, 12, 17, 51, 37, 764962)
227_558417_8,1,1.0390341014657134,0.6045768299421082,4.282190159762813,false,datetime.datetime(2025, 9, 12, 17, 52, 37, 764962)
227_4589971_5,1,1.0390310635558508,0.0011801222483904413,1.3644881158944706e-08,false,datetime.datetime(2025, 9, 12, 17, 52, 37, 764962)
gpc_10076_pri_mtr,1,1.0385651114459555,0.0014458521893427221,-2.0114935799980367e-08,false,datetime.datetime(2025, 9, 12, 17, 52, 37, 764962)
gpc_10080_pri_mtr,1,1.038565307948703,0.0017441561550249518,1.1208395125875085e-08,false,datetime.datetime(2025, 9, 12, 17, 52, 37, 764962)
227_2664032_1,1,1.0308239600462128,86.23971928901973,277.3990312802509,false,datetime.datetime(2025, 9, 12, 17, 52, 37, 764962)
227_452771_6,1,1.0297873136119515,166.46791389008325,526.9758135237315,false,datetime.datetime(2025, 9, 12, 17, 52, 37, 764962)
227_2662741_2,1,1.030807201778302,82.51478944851787,143.4238336470607,false,datetime.datetime(2025, 9, 12, 17, 52, 37, 764962)
227_4589977_1,1,1.0358972076076591,211.34254467051903,154.94790169635718,false,datetime.datetime(2025, 9, 12, 17, 52, 37, 764962)
227_2662739_1,1,1.030814015263351,82.51468543753512,143.41652348971684,false,datetime.datetime(2025, 9, 12, 17, 52, 37, 764962)
227_4589970_1,1,1.0390310630429374,0.001602796759813098,3.3611217714603914e-09,false,datetime.datetime(2025, 9, 12, 17, 52, 37, 764962)
227_4290732_20,1,1.0358747024360058,211.34265248188237,154.9957119577016,false,datetime.datetime(2025, 9, 12, 17, 52, 37, 764962)
227_452800_1,1,1.0303532807887,165.48115620823668,467.2410833076742,false,datetime.datetime(2025, 9, 12, 17, 52, 37, 764962)
227_452772_1,1,1.0298193575943424,209.72237560788082,226.219726665864,false,datetime.datetime(2025, 9, 12, 17, 52, 37, 764962)
227_448259_7,1,1.0386287759032433,3.0499810549737982,21.82056129749866,false,datetime.datetime(2025, 9, 12, 17, 52, 37, 764962)
227_623392_1,1,1.0299920333943453,0.05045302548101302,0.3554457807339866,false,datetime.datetime(2025, 9, 12, 17, 52, 37, 764962)
227_2664038_2,1,1.0308205290082786,86.23981258016791,277.40717877214155,false,datetime.datetime(2025, 9, 12, 17, 52, 37, 764962)
227_452759_5,1,1.030779267294749,87.04297971342446,291.7785904128624,false,datetime.datetime(2025, 9, 12, 17, 52, 37, 764962)
228_2473080_3,1,1.029201838190281,1.0338056786720684,7.283470434727674,false,datetime.datetime(2025, 9, 12, 17, 52, 37, 764962)
228_350975_10,1,1.0346159329942008,2.7341832532842334,19.380644600095525,false,datetime.datetime(2025, 9, 12, 17, 52, 37, 764962)
228_350996_3,1,1.0291966174568339,1.0889994671461216,7.677706614712597,false,datetime.datetime(2025, 9, 12, 17, 52, 37, 764962)
227_558417_8,1,1.0388305650059222,0.3872118759678372,2.7285553600987993,false,datetime.datetime(2025, 9, 12, 17, 53, 37, 764962)
227_4589971_5,1,1.038828815359251,0.0011798946850498184,8.85087131459419e-09,false,datetime.datetime(2025, 9, 12, 17, 53, 37, 764962)
gpc_10076_pri_mtr,1,1.038269744955052,0.0014454408618475923,-3.7249753010724916e-09,false,datetime.datetime(2025, 9, 12, 17, 53, 37, 764962)
gpc_10080_pri_mtr,1,1.0382701246028248,0.0017436586351154853,1.4450343997482093e-08,false,datetime.datetime(2025, 9, 12, 17, 53, 37, 764962)
227_2664032_1,1,1.0305296854167783,86.76853297572266,300.07379076007885,false,datetime.datetime(2025, 9, 12, 17, 53, 37, 764962)
227_452771_6,1,1.0295617201197327,167.6655830447126,582.4700898735985,false,datetime.datetime(2025, 9, 12, 17, 53, 37, 764962)
227_2662741_2,1,1.0305262158067157,82.4408753767849,164.7072999755609,false,datetime.datetime(2025, 9, 12, 17, 53, 37, 764962)
227_4589977_1,1,1.0356247039667745,211.26323234541263,155.66334459024284,false,datetime.datetime(2025, 9, 12, 17, 53, 37, 764962)
227_2662739_1,1,1.0305324835826122,82.44077255349978,164.69999788210473,false,datetime.datetime(2025, 9, 12, 17, 53, 37, 764962)
227_4589970_1,1,1.0388288148464373,0.0016024819348772505,1.934483557200482e-08,false,datetime.datetime(2025, 9, 12, 17, 53, 37, 764962)
227_4290732_20,1,1.0356022252813017,211.26334012354818,155.71111946202333,false,datetime.datetime(2025, 9, 12, 17, 53, 37, 764962)
227_452800_1,1,1.0300991039214689,166.0107937057778,508.08728303216446,false,datetime.datetime(2025, 9, 12, 17, 53, 37, 764962)
227_452772_1,1,1.029593652875569,209.20263997306068,245.7364722516544,false,datetime.datetime(2025, 9, 12, 17, 53, 37, 764962)
227_448259_7,1,1.0383487519289283,3.709271720210661,26.534831054851892,false,datetime.datetime(2025, 9, 12, 17, 53, 37, 764962)
227_623392_1,1,1.0297643565391417,0.015846921721846815,0.11163212064174177,false,datetime.datetime(2025, 9, 12, 17, 53, 37, 764962)
227_2664038_2,1,1.030526837633583,86.76862461916747,300.0820541503162,false,datetime.datetime(2025, 9, 12, 17, 53, 37, 764962)
227_452759_5,1,1.0304947676840264,87.51851478872811,311.5258628486871,false,datetime.datetime(2025, 9, 12, 17, 53, 37, 764962)
228_2473080_3,1,1.0283186566799274,1.5092301261768397,10.621062847800687,false,datetime.datetime(2025, 9, 12, 17, 53, 37, 764962)
228_350975_10,1,1.0343380432729352,4.368773406047087,30.9418779544876,false,datetime.datetime(2025, 9, 12, 17, 53, 37, 764962)
228_350996_3,1,1.0283361060287102,1.2047048922933048,8.485091353643057,false,datetime.datetime(2025, 9, 12, 17, 53, 37, 764962)
227_558417_8,1,1.0374088609685883,0.5207235070148974,3.682519101756311,false,datetime.datetime(2025, 9, 12, 17, 54, 37, 764962)
227_4589971_5,1,1.0374057310069622,0.001178276140858189,-1.7602197045225499e-09,false,datetime.datetime(2025, 9, 12, 17, 54, 37, 764962)
gpc_10076_pri_mtr,1,1.0362443690478251,0.0014426164351190663,-2.8030730744643467e-08,false,datetime.datetime(2025, 9, 12, 17, 54, 37, 764962)
gpc_10080_pri_mtr,1,1.0362446884870031,0.001740254247030974,1.5563572805688318e-08,false,datetime.datetime(2025, 9, 12, 17, 54, 37, 764962)
227_2664032_1,1,1.030065622708752,88.35220821111722,315.4760395329529,false,datetime.datetime(2025, 9, 12, 17, 54, 37, 764962)
227_452771_6,1,1.0291725579921127,169.9637549438221,651.0804620414983,false,datetime.datetime(2025, 9, 12, 17, 54, 37, 764962)
227_2662741_2,1,1.0300668766723429,82.5119327298179,195.96142655124572,false,datetime.datetime(2025, 9, 12, 17, 54, 37, 764962)
227_4589977_1,1,1.034998185252275,209.4113597691041,214.43712744528887,false,datetime.datetime(2025, 9, 12, 17, 54, 37, 764962)
227_2662739_1,1,1.0300723427641414,82.51183185404635,195.95410407488234,false,datetime.datetime(2025, 9, 12, 17, 54, 37, 764962)
227_4589970_1,1,1.0374057304948494,0.001600283034097392,-2.3579464169391467e-09,false,datetime.datetime(2025, 9, 12, 17, 54, 37, 764962)
227_4290732_20,1,1.0349772270088755,209.4114669587534,214.48407461430773,false,datetime.datetime(2025, 9, 12, 17, 54, 37, 764962)
227_452800_1,1,1.029674428371453,167.20744103349426,558.5474893352441,false,datetime.datetime(2025, 9, 12, 17, 54, 37, 764962)
227_452772_1,1,1.0292036085097918,207.85931150970455,303.01445724582425,false,datetime.datetime(2025, 9, 12, 17, 54, 37, 764962)
227_448259_7,1,1.0364427245686179,9.623457756124008,68.44767802184927,false,datetime.datetime(2025, 9, 12, 17, 54, 37, 764962)
227_623392_1,1,1.0293682291305963,0.12386063400863034,0.8720545889765987,false,datetime.datetime(2025, 9, 12, 17, 54, 37, 764962)
227_2664038_2,1,1.0300631761218637,88.35229799180648,315.4846945367823,false,datetime.datetime(2025, 9, 12, 17, 54, 37, 764962)
227_452759_5,1,1.0300374146898423,88.9873923822015,324.9805527768592,false,datetime.datetime(2025, 9, 12, 17, 54, 37, 764962)
228_2473080_3,1,1.0262537390034105,2.6381802431316324,18.52416047080464,false,datetime.datetime(2025, 9, 12, 17, 54, 37, 764962)
228_350975_10,1,1.0338162610924697,2.5816327644057653,18.284869848480856,false,datetime.datetime(2025, 9, 12, 17, 54, 37, 764962)
228_350996_3,1,1.0263439864262407,1.1957284253305742,8.405619160457325,false,datetime.datetime(2025, 9, 12, 17, 54, 37, 764962)
227_558417_8,1,1.0355874042825668,0.8145846191121291,5.754768763854667,false,datetime.datetime(2025, 9, 12, 17, 55, 37, 764962)
227_4589971_5,1,1.0355808708215488,0.0011761959239976814,-6.977556367012178e-09,false,datetime.datetime(2025, 9, 12, 17, 55, 37, 764962)
gpc_10076_pri_mtr,1,1.0339717100786585,0.0014394453674704865,-1.952593131343578e-08,false,datetime.datetime(2025, 9, 12, 17, 55, 37, 764962)
gpc_10080_pri_mtr,1,1.0339721176306254,0.0017364290730248132,1.4315530810772548e-09,false,datetime.datetime(2025, 9, 12, 17, 55, 37, 764962)
227_2664032_1,1,1.0291812957952509,91.80120592131624,367.38763736240674,false,datetime.datetime(2025, 9, 12, 17, 55, 37, 764962)
227_452771_6,1,1.0284815917164156,176.25208862250898,791.8128011331194,false,datetime.datetime(2025, 9, 12, 17, 55, 37, 764962)
227_2662741_2,1,1.0292243195928712,83.63836228787203,249.34621090765734,false,datetime.datetime(2025, 9, 12, 17, 55, 37, 764962)
227_4589977_1,1,1.0339929646998731,207.4803720117241,282.01368316415113,false,datetime.datetime(2025, 9, 12, 17, 55, 37, 764962)
227_2662739_1,1,1.029228413727095,83.63826572541998,249.33864816159445,false,datetime.datetime(2025, 9, 12, 17, 55, 37, 764962)
227_4589970_1,1,1.0355808703103346,0.0015974601641457738,1.3024905148359249e-08,false,datetime.datetime(2025, 9, 12, 17, 55, 37, 764962)
227_4290732_20,1,1.0339737775548945,207.4804782975996,282.0597711137922,false,datetime.datetime(2025, 9, 12, 17, 55, 37, 764962)
227_452800_1,1,1.0289091053007056,171.15628433318835,678.9943207095506,false,datetime.datetime(2025, 9, 12, 17, 55, 37, 764962)
227_452772_1,1,1.0285116189351384,206.3408564550232,384.3911313332876,false,datetime.datetime(2025, 9, 12, 17, 55, 37, 764962)
227_448259_7,1,1.0342698215323936,14.497126675872732,102.78900189996261,false,datetime.datetime(2025, 9, 12, 17, 55, 37, 764962)
227_623392_1,1,1.0286677417557366,0.050614644238719544,0.35612655887128175,false,datetime.datetime(2025, 9, 12, 17, 55, 37, 764962)
227_2664038_2,1,1.0291801908594547,91.80129115671569,367.39717854125206,false,datetime.datetime(2025, 9, 12, 17, 55, 37, 764962)
227_452759_5,1,1.0291780499424605,93.16882735839319,384.13857779067,false,datetime.datetime(2025, 9, 12, 17, 55, 37, 764962)
228_2473080_3,1,1.0229322001788075,2.494403126869874,17.45809548942929,false,datetime.datetime(2025, 9, 12, 17, 55, 37, 764962)
228_350975_10,1,1.0329225109430578,2.2938826084573414,16.231373885930033,false,datetime.datetime(2025, 9, 12, 17, 55, 37, 764962)
228_350996_3,1,1.022998525587491,1.418263997384593,9.93523993366258,false,datetime.datetime(2025, 9, 12, 17, 55, 37, 764962)
227_558417_8,1,1.0355819592883735,1.0884125469781907,7.706472466217528,false,datetime.datetime(2025, 9, 12, 17, 56, 37, 764962)
227_4589971_5,1,1.03557458196513,0.001176186924301115,-3.3392435543066017e-09,false,datetime.datetime(2025, 9, 12, 17, 56, 37, 764962)
gpc_10076_pri_mtr,1,1.033772691593751,0.001439168908785727,-1.152129778686426e-08,false,datetime.datetime(2025, 9, 12, 17, 56, 37, 764962)
gpc_10080_pri_mtr,1,1.0337733488730618,0.0017360946952098399,9.261383495942296e-10,false,datetime.datetime(2025, 9, 12, 17, 56, 37, 764962)
227_2664032_1,1,1.030095811131427,98.13720239669874,483.6313598531056,false,datetime.datetime(2025, 9, 12, 17, 56, 37, 764962)
227_452771_6,1,1.0297139091925847,188.7845756212391,995.7604522050243,false,datetime.datetime(2025, 9, 12, 17, 56, 37, 764962)
227_2662741_2,1,1.030235062705464,85.43202900413876,316.5950429956698,false,datetime.datetime(2025, 9, 12, 17, 56, 37, 764962)
227_4589977_1,1,1.034853431971178,206.48149386570384,346.6478333956556,false,datetime.datetime(2025, 9, 12, 17, 56, 37, 764962)
227_2662739_1,1,1.030237458545615,85.43193762001003,316.58712412987273,false,datetime.datetime(2025, 9, 12, 17, 56, 37, 764962)
227_4589970_1,1,1.0355745814539192,0.001597449190160085,1.935548694140329e-08,false,datetime.datetime(2025, 9, 12, 17, 56, 37, 764962)
227_4290732_20,1,1.034835871790861,206.48159928251857,346.693475919332,false,datetime.datetime(2025, 9, 12, 17, 56, 37, 764962)
227_452800_1,1,1.0300361571778824,181.01819141550374,871.7552913055481,false,datetime.datetime(2025, 9, 12, 17, 56, 37, 764962)
227_452772_1,1,1.0297428982735894,205.90130362932888,486.78497581370243,false,datetime.datetime(2025, 9, 12, 17, 56, 37, 764962)
227_448259_7,1,1.0341004845651034,15.829162707089473,112.18077161368011,false,datetime.datetime(2025, 9, 12, 17, 56, 37, 764962)
227_623392_1,1,1.029888861799104,0.015845066346943742,0.11163250666448354,false,datetime.datetime(2025, 9, 12, 17, 56, 37, 764962)
227_2664038_2,1,1.0300976328745166,98.13727913062522,483.64257177369234,false,datetime.datetime(2025, 9, 12, 17, 56, 37, 764962)
227_452759_5,1,1.030144670802488,99.85548303336856,502.67106844461307,false,datetime.datetime(2025, 9, 12, 17, 56, 37, 764962)
228_2473080_3,1,1.0256786441739458,2.705496811220075,18.985834353032526,false,datetime.datetime(2025, 9, 12, 17, 56, 37, 764962)
228_350975_10,1,1.0338636347005836,6.314175548629416,44.6864145144694,false,datetime.datetime(2025, 9, 12, 17, 56, 37, 764962)
228_350996_3,1,1.0257609407262893,1.385331457154659,9.73105168833905,false,datetime.datetime(2025, 9, 12, 17, 56, 37, 764962)
227_558417_8,1,1.034771518474969,0.9402548438713145,6.649278213256464,false,datetime.datetime(2025, 9, 12, 17, 57, 37, 764962)
227_4589971_5,1,1.034765973274965,0.0011752637511257718,1.655482464440954e-08,false,datetime.datetime(2025, 9, 12, 17, 57, 37, 764962)
gpc_10076_pri_mtr,1,1.032877714955161,0.0014379200856343571,-1.2354361388215547e-08,false,datetime.datetime(2025, 9, 12, 17, 57, 37, 764962)
gpc_10080_pri_mtr,1,1.0328782318545313,0.0017345851977639804,2.369839279004073e-08,false,datetime.datetime(2025, 9, 12, 17, 57, 37, 764962)
227_2664032_1,1,1.0296172827580439,102.05632574079246,529.3987997537846,false,datetime.datetime(2025, 9, 12, 17, 57, 37, 764962)
227_452771_6,1,1.0293849102305368,195.45277648595535,1090.5601828978654,false,datetime.datetime(2025, 9, 12, 17, 57, 37, 764962)
227_2662741_2,1,1.0297951405030144,87.0455834183333,354.99610559199454,false,datetime.datetime(2025, 9, 12, 17, 57, 37, 764962)
227_4589977_1,1,1.0344275341505094,206.00808504229605,377.6052246231262,false,datetime.datetime(2025, 9, 12, 17, 57, 37, 764962)
227_2662739_1,1,1.0297965505565092,87.04549551603365,354.9878468600592,false,datetime.datetime(2025, 9, 12, 17, 57, 37, 764962)
227_4589970_1,1,1.0347659727641523,0.0015961959532009152,1.0341338439496129e-08,false,datetime.datetime(2025, 9, 12, 17, 57, 37, 764962)
227_4290732_20,1,1.0344107800417923,206.00818985529173,377.65066138942314,false,datetime.datetime(2025, 9, 12, 17, 57, 37, 764962)
227_452800_1,1,1.0296564837358126,186.8285581130461,967.4657157810266,false,datetime.datetime(2025, 9, 12, 17, 57, 37, 764962)
227_452772_1,1,1.0294141950668745,205.77545167933346,496.5820538701637,false,datetime.datetime(2025, 9, 12, 17, 57, 37, 764962)
227_448259_7,1,1.0332112880693962,16.18213615820826,114.58483094955216,false,datetime.datetime(2025, 9, 12, 17, 57, 37, 764962)
227_623392_1,1,1.02955901876867,0.0158498867491554,0.11163087751790088,false,datetime.datetime(2025, 9, 12, 17, 57, 37, 764962)
227_2664038_2,1,1.0296202796740408,102.05639910600462,529.4112018493369,false,datetime.datetime(2025, 9, 12, 17, 57, 37, 764962)
227_452759_5,1,1.029687915986565,104.44091933507929,554.2369829256444,false,datetime.datetime(2025, 9, 12, 17, 57, 37, 764962)
228_2473080_3,1,1.0242105117943,2.596034232827517,18.191788144713108,false,datetime.datetime(2025, 9, 12, 17, 57, 37, 764962)
228_350975_10,1,1.0334997565307438,4.1183277653310935,29.145778482137395,false,datetime.datetime(2025, 9, 12, 17, 57, 37, 764962)
228_350996_3,1,1.0242739955703797,1.5699367388962226,11.010215083146878,false,datetime.datetime(2025, 9, 12, 17, 57, 37, 764962)
227_558417_8,1,1.0341502906988869,1.3147925368605176,9.290401211021196,false,datetime.datetime(2025, 9, 12, 17, 58, 37, 764962)
227_4589971_5,1,1.0341415150883748,0.0011745473300631903,1.645316226302226e-08,false,datetime.datetime(2025, 9, 12, 17, 58, 37, 764962)
gpc_10076_pri_mtr,1,1.0321903191041473,0.001436951760801411,-2.2075942997551066e-08,false,datetime.datetime(2025, 9, 12, 17, 58, 37, 764962)
gpc_10080_pri_mtr,1,1.032191104356455,0.00173342196971069,8.86832196070286e-09,false,datetime.datetime(2025, 9, 12, 17, 58, 37, 764962)
227_2664032_1,1,1.029399099117878,104.48638888988042,551.0077616201387,false,datetime.datetime(2025, 9, 12, 17, 58, 37, 764962)
227_452771_6,1,1.0292173286728261,197.55825368461254,1114.680240631909,false,datetime.datetime(2025, 9, 12, 17, 58, 37, 764962)
227_2662741_2,1,1.0296053108081165,86.54321346776732,348.7858386705738,false,datetime.datetime(2025, 9, 12, 17, 58, 37, 764962)
227_4589977_1,1,1.0341386389154985,205.57571187205912,408.9938635697975,false,datetime.datetime(2025, 9, 12, 17, 58, 37, 764962)
227_2662739_1,1,1.029606877316395,86.54312492712813,348.77769485795056,false,datetime.datetime(2025, 9, 12, 17, 58, 37, 764962)
227_4589970_1,1,1.0341415145778683,0.0015952218048778766,6.9882995981104075e-09,false,datetime.datetime(2025, 9, 12, 17, 58, 37, 764962)
227_4290732_20,1,1.034122707331609,205.57581601819373,409.0391177663583,false,datetime.datetime(2025, 9, 12, 17, 58, 37, 764962)
227_452800_1,1,1.0294762803300932,188.57606881075807,989.4878869594661,false,datetime.datetime(2025, 9, 12, 17, 58, 37, 764962)
227_452772_1,1,1.0292461685360743,205.68828597724334,521.8985723847784,false,datetime.datetime(2025, 9, 12, 17, 58, 37, 764962)
227_448259_7,1,1.0325398977519498,16.834122240744627,119.09426936853667,false,datetime.datetime(2025, 9, 12, 17, 58, 37, 764962)
227_623392_1,1,1.0293881569945686,0.12372958578029236,0.8711484151022444,false,datetime.datetime(2025, 9, 12, 17, 58, 37, 764962)
227_2664038_2,1,1.0294026516736876,104.48646083624003,551.0209844122905,false,datetime.datetime(2025, 9, 12, 17, 58, 37, 764962)
227_452759_5,1,1.0294806882581111,107.336298208407,582.4877255634702,false,datetime.datetime(2025, 9, 12, 17, 58, 37, 764962)
228_2473080_3,1,1.0225073615438527,2.9860300212605173,20.889012571605154,false,datetime.datetime(2025, 9, 12, 17, 58, 37, 764962)
228_350975_10,1,1.033266316143311,3.2290193668265132,22.85043138037159,false,datetime.datetime(2025, 9, 12, 17, 58, 37, 764962)
228_350996_3,1,1.02253296839472,2.5197767331285257,17.634313857727317,false,datetime.datetime(2025, 9, 12, 17, 58, 37, 764962)
227_558417_8,1,1.033482342487198,1.2312083908222877,8.693375064439984,false,datetime.datetime(2025, 9, 12, 17, 59, 37, 764962)
227_4589971_5,1,1.0334751726437494,0.001173784270973167,1.3142627473496153e-08,false,datetime.datetime(2025, 9, 12, 17, 59, 37, 764962)
gpc_10076_pri_mtr,1,1.0313492498771424,0.0014357747134780803,-1.956426007489057e-08,false,datetime.datetime(2025, 9, 12, 17, 59, 37, 764962)
gpc_10080_pri_mtr,1,1.03135041627249,0.0017320013566511062,8.622128526677487e-09,false,datetime.datetime(2025, 9, 12, 17, 59, 37, 764962)
227_2664032_1,1,1.0290792196576402,106.45289598530263,575.0562333371068,false,datetime.datetime(2025, 9, 12, 17, 59, 37, 764962)
227_452771_6,1,1.0289700581867087,201.3946253313525,1159.932660675519,false,datetime.datetime(2025, 9, 12, 17, 59, 37, 764962)
227_2662741_2,1,1.0293011609666822,87.34394080564762,371.629744907959,false,datetime.datetime(2025, 9, 12, 17, 59, 37, 764962)
227_4589977_1,1,1.0337623874198325,205.3493886698829,433.62581662605345,false,datetime.datetime(2025, 9, 12, 17, 59, 37, 764962)
227_2662739_1,1,1.0293021423231827,87.3438542872872,371.6214441869957,false,datetime.datetime(2025, 9, 12, 17, 59, 37, 764962)
227_4589970_1,1,1.0334751721335704,0.001594185518418096,1.1117246240975658e-08,false,datetime.datetime(2025, 9, 12, 17, 59, 37, 764962)
227_4290732_20,1,1.033747094908989,205.3494922637492,433.6709718545853,false,datetime.datetime(2025, 9, 12, 17, 59, 37, 764962)
227_452800_1,1,1.0292043309222303,192.39962901833027,1040.5893716957091,false,datetime.datetime(2025, 9, 12, 17, 59, 37, 764962)
227_452772_1,1,1.0289984243590948,205.80418881975174,555.2836489657013,false,datetime.datetime(2025, 9, 12, 17, 59, 37, 764962)
227_448259_7,1,1.0317217052424243,17.76577083182788,125.57408125860843,false,datetime.datetime(2025, 9, 12, 17, 59, 37, 764962)
227_623392_1,1,1.0291370466471321,0.05071994100645061,0.3570318934614768,false,datetime.datetime(2025, 9, 12, 17, 59, 37, 764962)
227_2664038_2,1,1.0290833944828248,106.4529662301808,575.0700911334668,false,datetime.datetime(2025, 9, 12, 17, 59, 37, 764962)
227_452759_5,1,1.0291714628340387,109.20441205046063,604.8637542812223,false,datetime.datetime(2025, 9, 12, 17, 59, 37, 764962)
228_2473080_3,1,1.020951359375108,3.017761652726102,21.07883189435434,false,datetime.datetime(2025, 9, 12, 17, 59, 37, 764962)
228_350975_10,1,1.032926072783274,3.9449484830494175,27.895819622785066,false,datetime.datetime(2025, 9, 12, 17, 59, 37, 764962)
228_350996_3,1,1.0209377870599923,3.1535003578096847,22.032231036214206,false,datetime.datetime(2025, 9, 12, 17, 59, 37, 764962)
227_558417_8,1,1.031718154097694,1.2667374290983517,8.930387676842313,false,datetime.datetime(2025, 9, 12, 18, 0, 37, 764962)
227_4589971_5,1,1.031710544779903,0.0011717580214792044,-3.104219441067181e-09,false,datetime.datetime(2025, 9, 12, 18, 0, 37, 764962)
gpc_10076_pri_mtr,1,1.0291001216353497,0.0014326161774635277,-1.4089816716998047e-08,false,datetime.datetime(2025, 9, 12, 18, 0, 37, 764962)
gpc_10080_pri_mtr,1,1.0291013859900733,0.001728192585846733,7.188954386949285e-09,false,datetime.datetime(2025, 9, 12, 18, 0, 37, 764962)
227_2664032_1,1,1.0282900846150456,111.0220898532215,637.4210082591356,false,datetime.datetime(2025, 9, 12, 18, 0, 37, 764962)
227_452771_6,1,1.0283474312630705,211.40512270656205,1261.2912876804235,false,datetime.datetime(2025, 9, 12, 18, 0, 37, 764962)
227_2662741_2,1,1.0285631261206467,88.56648013861422,409.9054324893556,false,datetime.datetime(2025, 9, 12, 18, 0, 37, 764962)
227_4589977_1,1,1.032793905203119,205.12254643603552,490.32064351280104,false,datetime.datetime(2025, 9, 12, 18, 0, 37, 764962)
227_2662739_1,1,1.0285631292972053,88.56639737131415,409.8969347107943,false,datetime.datetime(2025, 9, 12, 18, 0, 37, 764962)
227_4589970_1,1,1.0317105442705874,0.0015914316549089707,1.0373625477787013e-08,false,datetime.datetime(2025, 9, 12, 18, 0, 37, 764962)
227_4290732_20,1,1.032780088671147,205.1226485799454,490.3657125255522,false,datetime.datetime(2025, 9, 12, 18, 0, 37, 764962)
227_452800_1,1,1.0285282403727036,201.45234214479865,1138.6309407892427,false,datetime.datetime(2025, 9, 12, 18, 0, 37, 764962)
227_452772_1,1,1.0283742769167754,206.84600891167509,650.9754480798983,false,datetime.datetime(2025, 9, 12, 18, 0, 37, 764962)
227_448259_7,1,1.0294769595700515,17.92260047726832,126.45190940533746,false,datetime.datetime(2025, 9, 12, 18, 0, 37, 764962)
227_623392_1,1,1.028503096236001,0.01586637047883828,0.11163212102795012,false,datetime.datetime(2025, 9, 12, 18, 0, 37, 764962)
227_2664038_2,1,1.028295877839869,111.02215512720286,637.4362195150912,false,datetime.datetime(2025, 9, 12, 18, 0, 37, 764962)
227_452759_5,1,1.028410778606194,113.97903387579566,666.9759527161265,false,datetime.datetime(2025, 9, 12, 18, 0, 37, 764962)
228_2473080_3,1,1.016575710000535,3.1132546900860345,21.652393984943114,false,datetime.datetime(2025, 9, 12, 18, 0, 37, 764962)
228_350975_10,1,1.0320312312641808,7.550403578951406,53.305922730001406,false,datetime.datetime(2025, 9, 12, 18, 0, 37, 764962)
228_350996_3,1,1.0165449029390783,3.508205514415846,24.403234553027602,false,datetime.datetime(2025, 9, 12, 18, 0, 37, 764962)
227_558417_8,1,1.0330050240027102,1.6252005981116335,11.458340277435367,false,datetime.datetime(2025, 9, 12, 18, 1, 37, 764962)
227_4589971_5,1,1.0329955390882641,0.001173219798296893,-4.600669230990669e-10,false,datetime.datetime(2025, 9, 12, 18, 1, 37, 764962)
gpc_10076_pri_mtr,1,1.0300181338764858,0.0014339001510603447,-2.0628237080098086e-08,false,datetime.datetime(2025, 9, 12, 18, 1, 37, 764962)
gpc_10080_pri_mtr,1,1.0300193332438996,0.0017297377777241415,1.009236101148645e-08,false,datetime.datetime(2025, 9, 12, 18, 1, 37, 764962)
227_2664032_1,1,1.0301665882221698,113.60587580400448,655.072224347682,false,datetime.datetime(2025, 9, 12, 18, 1, 37, 764962)
227_452771_6,1,1.0302837786771548,216.2921668505622,1316.5643205845251,false,datetime.datetime(2025, 9, 12, 18, 1, 37, 764962)
227_2662741_2,1,1.0304446013639286,90.35361408913789,439.61667947281103,false,datetime.datetime(2025, 9, 12, 18, 1, 37, 764962)
227_4589977_1,1,1.0346350932347317,205.48261160160797,529.1903020037269,false,datetime.datetime(2025, 9, 12, 18, 1, 37, 764962)
227_2662739_1,1,1.0304438903736657,90.35353397975874,439.6078205158302,false,datetime.datetime(2025, 9, 12, 18, 1, 37, 764962)
227_4589970_1,1,1.032995538578319,0.0015934170223030988,1.4024106997468733e-08,false,datetime.datetime(2025, 9, 12, 18, 1, 37, 764962)
227_4290732_20,1,1.0346222007699082,205.48271302743183,529.2355244381675,false,datetime.datetime(2025, 9, 12, 18, 1, 37, 764962)
227_452800_1,1,1.0304397829435061,205.7075566588374,1188.7725119294432,false,datetime.datetime(2025, 9, 12, 18, 1, 37, 764962)
227_452772_1,1,1.0303106294910005,207.27452542809942,667.1765033812561,false,datetime.datetime(2025, 9, 12, 18, 1, 37, 764962)
227_448259_7,1,1.030400190802162,18.214626226505672,128.48459407104178,false,datetime.datetime(2025, 9, 12, 18, 1, 37, 764962)
227_623392_1,1,1.030438096202184,0.12350761610099906,0.8704709651547775,false,datetime.datetime(2025, 9, 12, 18, 1, 37, 764962)
227_2664038_2,1,1.0301727483798253,113.6059408887645,655.0885341434906,false,datetime.datetime(2025, 9, 12, 18, 1, 37, 764962)
227_452759_5,1,1.030293466108966,116.33861641015685,683.376435501959,false,datetime.datetime(2025, 9, 12, 18, 1, 37, 764962)
228_2473080_3,1,1.0223988552352001,3.0381102812550647,21.250998665742603,false,datetime.datetime(2025, 9, 12, 18, 1, 37, 764962)
228_350975_10,1,1.033942422794806,5.151205250963342,36.46136933663711,false,datetime.datetime(2025, 9, 12, 18, 1, 37, 764962)
228_350996_3,1,1.0223824935635788,3.220495474864024,22.53151073234997,false,datetime.datetime(2025, 9, 12, 18, 1, 37, 764962)
227_558417_8,1,1.0324585280783225,1.4213826732613297,10.00981872207057,false,datetime.datetime(2025, 9, 12, 18, 2, 37, 764962)
227_4589971_5,1,1.032449852500453,0.0011725822763978674,7.554631204334842e-09,false,datetime.datetime(2025, 9, 12, 18, 2, 37, 764962)
gpc_10076_pri_mtr,1,1.0294555322122756,0.001433097994720345,-1.9782185522756833e-08,false,datetime.datetime(2025, 9, 12, 18, 2, 37, 764962)
gpc_10080_pri_mtr,1,1.0294565767333725,0.0017287715012196808,1.489923471680336e-09,false,datetime.datetime(2025, 9, 12, 18, 2, 37, 764962)
227_2664032_1,1,1.0297084200916233,119.22856166647934,713.0593177899117,false,datetime.datetime(2025, 9, 12, 18, 2, 37, 764962)
227_452771_6,1,1.029967671285651,223.41035981704997,1390.6337029976062,false,datetime.datetime(2025, 9, 12, 18, 2, 37, 764962)
227_2662741_2,1,1.0300341770938737,92.11437107203012,469.2897909550517,false,datetime.datetime(2025, 9, 12, 18, 2, 37, 764962)
227_4589977_1,1,1.0342294980308355,205.4825450532959,542.0631053946975,false,datetime.datetime(2025, 9, 12, 18, 2, 37, 764962)
227_2662739_1,1,1.030032704387862,92.11429395264446,469.28056614397883,false,datetime.datetime(2025, 9, 12, 18, 2, 37, 764962)
227_4589970_1,1,1.032449851990772,0.0015925560089110624,8.850693607236016e-09,false,datetime.datetime(2025, 9, 12, 18, 2, 37, 764962)
227_4290732_20,1,1.0342169499409826,205.4826460615343,542.1083367759711,false,datetime.datetime(2025, 9, 12, 18, 2, 37, 764962)
227_452800_1,1,1.030083224115346,213.52439698174314,1277.1942393299068,false,datetime.datetime(2025, 9, 12, 18, 2, 37, 764962)
227_452772_1,1,1.029994409724998,207.66516443952827,691.1083405345552,false,datetime.datetime(2025, 9, 12, 18, 2, 37, 764962)
227_448259_7,1,1.0298191173834497,17.376198306027604,122.50436154086704,false,datetime.datetime(2025, 9, 12, 18, 2, 37, 764962)
227_623392_1,1,1.0301194439939978,0.05076865394231039,0.3577137675895212,false,datetime.datetime(2025, 9, 12, 18, 2, 37, 764962)
227_2664038_2,1,1.0297160697796137,119.22862309682608,713.0777255434843,false,datetime.datetime(2025, 9, 12, 18, 2, 37, 764962)
227_452759_5,1,1.0298611563226168,121.90632846108441,739.3857102382248,false,datetime.datetime(2025, 9, 12, 18, 2, 37, 764962)
228_2473080_3,1,1.0200370652067228,3.3403864375322097,23.31073574310681,false,datetime.datetime(2025, 9, 12, 18, 2, 37, 764962)
228_350975_10,1,1.0335507878592498,6.62623061111179,46.868394310202774,false,datetime.datetime(2025, 9, 12, 18, 2, 37, 764962)
228_350996_3,1,1.0200540338692827,3.0058413409289764,20.9825781680678,false,datetime.datetime(2025, 9, 12, 18, 2, 37, 764962)
227_558417_8,1,1.0333730801208072,1.7374624378190695,12.246720157650806,false,datetime.datetime(2025, 9, 12, 18, 3, 37, 764962)
227_4589971_5,1,1.0333630539504879,0.0011736140681537558,1.1915329570216505e-08,false,datetime.datetime(2025, 9, 12, 18, 3, 37, 764962)
gpc_10076_pri_mtr,1,1.0310635660620446,0.0014353318553485572,-2.065480685184434e-08,false,datetime.datetime(2025, 9, 12, 18, 3, 37, 764962)
gpc_10080_pri_mtr,1,1.0310645593627137,0.0017314643010708625,8.070144663332768e-09,false,datetime.datetime(2025, 9, 12, 18, 3, 37, 764962)
227_2664032_1,1,1.02997521794612,120.01805142381332,721.551512241775,false,datetime.datetime(2025, 9, 12, 18, 3, 37, 764962)
227_452771_6,1,1.030216989045394,219.84718071273835,1352.2760641465084,false,datetime.datetime(2025, 9, 12, 18, 3, 37, 764962)
227_2662741_2,1,1.030318309762543,90.70805955682795,447.77703278658225,false,datetime.datetime(2025, 9, 12, 18, 3, 37, 764962)
227_4589977_1,1,1.0346406929981748,205.58640189495145,515.0384900538054,false,datetime.datetime(2025, 9, 12, 18, 3, 37, 764962)
227_2662739_1,1,1.0303173903137341,90.7079802215764,447.76810559042315,false,datetime.datetime(2025, 9, 12, 18, 3, 37, 764962)
227_4589970_1,1,1.0333630534403557,0.0015939586333752432,-5.101059750490557e-09,false,datetime.datetime(2025, 9, 12, 18, 3, 37, 764962)
227_4290732_20,1,1.0346274312509305,205.58650360785296,515.0837778692775,false,datetime.datetime(2025, 9, 12, 18, 3, 37, 764962)
227_452800_1,1,1.0303518898268456,211.5048857890273,1254.885297966904,false,datetime.datetime(2025, 9, 12, 18, 3, 37, 764962)
227_452772_1,1,1.030244404048106,207.19217806257473,651.1782638120746,false,datetime.datetime(2025, 9, 12, 18, 3, 37, 764962)
227_448259_7,1,1.031271440542416,9.719693262695044,68.6506874982787,false,datetime.datetime(2025, 9, 12, 18, 3, 37, 764962)
227_623392_1,1,1.0303736804945955,0.015838495440440636,0.11164261256920101,false,datetime.datetime(2025, 9, 12, 18, 3, 37, 764962)
227_2664038_2,1,1.0299830746287857,120.01811223430948,721.5701750277618,false,datetime.datetime(2025, 9, 12, 18, 3, 37, 764962)
227_452759_5,1,1.0301324064911894,123.08905936789908,752.2883666324792,false,datetime.datetime(2025, 9, 12, 18, 3, 37, 764962)
228_2473080_3,1,1.0208211649494234,3.2265982230798973,22.534184470341753,false,datetime.datetime(2025, 9, 12, 18, 3, 37, 764962)
228_350975_10,1,1.033925697165852,4.9800951812309355,35.244186887907944,false,datetime.datetime(2025, 9, 12, 18, 3, 37, 764962)
228_350996_3,1,1.020833469506635,2.9683810499490457,20.7370721050327,false,datetime.datetime(2025, 9, 12, 18, 3, 37, 764962)
227_558417_8,1,1.0339848809127596,1.547447751271794,10.924221094684404,false,datetime.datetime(2025, 9, 12, 18, 4, 37, 764962)
227_4589971_5,1,1.0339757440693829,0.0011743231507054383,9.117734954417882e-09,false,datetime.datetime(2025, 9, 12, 18, 4, 37, 764962)
gpc_10076_pri_mtr,1,1.0319625205829566,0.0014365946534751635,-9.94113705319043e-09,false,datetime.datetime(2025, 9, 12, 18, 4, 37, 764962)
gpc_10080_pri_mtr,1,1.031963111391315,0.0017329893330692912,2.5345820666269528e-08,false,datetime.datetime(2025, 9, 12, 18, 4, 37, 764962)
227_2664032_1,1,1.0303392858162848,115.57434571261138,690.8560481113407,false,datetime.datetime(2025, 9, 12, 18, 4, 37, 764962)
227_452771_6,1,1.0304786203220155,212.7563997925986,1278.9530586992844,false,datetime.datetime(2025, 9, 12, 18, 4, 37, 764962)
227_2662741_2,1,1.0306545033857457,89.70659061107895,426.3833886947359,false,datetime.datetime(2025, 9, 12, 18, 4, 37, 764962)
227_4589977_1,1,1.0349689101167392,205.77407280894644,495.7509108435863,false,datetime.datetime(2025, 9, 12, 18, 4, 37, 764962)
227_2662739_1,1,1.0306541332598218,89.7065092148764,426.37465593326243,false,datetime.datetime(2025, 9, 12, 18, 4, 37, 764962)
227_4589970_1,1,1.03397574355895,0.0015949179832816796,8.103246196657435e-09,false,datetime.datetime(2025, 9, 12, 18, 4, 37, 764962)
227_4290732_20,1,1.0349551357657798,205.77417500149454,495.79628684284455,false,datetime.datetime(2025, 9, 12, 18, 4, 37, 764962)
227_452800_1,1,1.0306512067856015,205.59436778392805,1192.015674351262,false,datetime.datetime(2025, 9, 12, 18, 4, 37, 764962)
227_452772_1,1,1.0305058189103165,207.31897607796782,643.7558768383578,false,datetime.datetime(2025, 9, 12, 18, 4, 37, 764962)
227_448259_7,1,1.032113423194656,7.112352549282394,50.35428748647887,false,datetime.datetime(2025, 9, 12, 18, 4, 37, 764962)
227_623392_1,1,1.030635895283628,0.12338681902016133,0.8697874549826681,false,datetime.datetime(2025, 9, 12, 18, 4, 37, 764962)
227_2664038_2,1,1.030346356418784,115.57440751042873,690.8727578347564,false,datetime.datetime(2025, 9, 12, 18, 4, 37, 764962)
227_452759_5,1,1.0304817924549503,118.0694988989081,716.395178619245,false,datetime.datetime(2025, 9, 12, 18, 4, 37, 764962)
228_2473080_3,1,1.0226255246132674,3.487676750313154,24.400065456618172,false,datetime.datetime(2025, 9, 12, 18, 4, 37, 764962)
228_350975_10,1,1.0342185148125218,5.605504870722815,39.68212475365744,false,datetime.datetime(2025, 9, 12, 18, 4, 37, 764962)
228_350996_3,1,1.0226986704710122,2.2884825397865733,16.01932213363762,false,datetime.datetime(2025, 9, 12, 18, 4, 37, 764962)
227_558417_8,1,1.0345584589545378,1.5508415942456546,10.948052357334104,false,datetime.datetime(2025, 9, 12, 18, 5, 37, 764962)
227_4589971_5,1,1.0345501625928446,0.001174987621972816,3.2150925630096004e-10,false,datetime.datetime(2025, 9, 12, 18, 5, 37, 764962)
gpc_10076_pri_mtr,1,1.0325601620852647,0.0014374379914624971,-1.2460556400195909e-08,false,datetime.datetime(2025, 9, 12, 18, 5, 37, 764962)
gpc_10080_pri_mtr,1,1.032561147240869,0.0017340112466884222,1.0094526148222256e-08,false,datetime.datetime(2025, 9, 12, 18, 5, 37, 764962)
227_2664032_1,1,1.0308368952381801,108.91564649431798,626.3864055044049,false,datetime.datetime(2025, 9, 12, 18, 5, 37, 764962)
227_452771_6,1,1.030825928179828,204.92251227362772,1191.982370280502,false,datetime.datetime(2025, 9, 12, 18, 5, 37, 764962)
227_2662741_2,1,1.0310929375790845,89.06650376482247,412.4569028578399,false,datetime.datetime(2025, 9, 12, 18, 5, 37, 764962)
227_4589977_1,1,1.035381104513809,205.85631378571975,481.1430665009973,false,datetime.datetime(2025, 9, 12, 18, 5, 37, 764962)
227_2662739_1,1,1.031092930467147,89.06642100260436,412.44829801581386,false,datetime.datetime(2025, 9, 12, 18, 5, 37, 764962)
227_4589970_1,1,1.0345501620821325,0.0015958189507120067,2.5266314584711062e-09,false,datetime.datetime(2025, 9, 12, 18, 5, 37, 764962)
227_4290732_20,1,1.0353669338405902,205.85641642857746,481.1884670949677,false,datetime.datetime(2025, 9, 12, 18, 5, 37, 764962)
227_452800_1,1,1.0310443380565728,198.62734082648245,1111.0369059563236,false,datetime.datetime(2025, 9, 12, 18, 5, 37, 764962)
227_452772_1,1,1.0308531136514565,207.1278074100483,623.1876251724888,false,datetime.datetime(2025, 9, 12, 18, 5, 37, 764962)
227_448259_7,1,1.0327104776241658,6.891901617986086,48.785208985375064,false,datetime.datetime(2025, 9, 12, 18, 5, 37, 764962)
227_623392_1,1,1.0309855067279179,0.050822621240611654,0.358395703066872,false,datetime.datetime(2025, 9, 12, 18, 5, 37, 764962)
227_2664038_2,1,1.0308423110476204,108.91571238131078,626.400753042056,false,datetime.datetime(2025, 9, 12, 18, 5, 37, 764962)
227_452759_5,1,1.0309504787123278,111.50058975632992,653.1396701752684,false,datetime.datetime(2025, 9, 12, 18, 5, 37, 764962)
228_2473080_3,1,1.0255617615520458,2.9019459676086803,20.361641266444767,false,datetime.datetime(2025, 9, 12, 18, 5, 37, 764962)
228_350975_10,1,1.0346030187460442,6.2355639650545625,44.162180469059265,false,datetime.datetime(2025, 9, 12, 18, 5, 37, 764962)
228_350996_3,1,1.0256271132424268,1.8353997838643792,12.887016613645478,false,datetime.datetime(2025, 9, 12, 18, 5, 37, 764962)
227_558417_8,1,1.0331232697100432,1.598582829300997,11.280076527276579,false,datetime.datetime(2025, 9, 12, 18, 6, 37, 764962)
227_4589971_5,1,1.0331132132738414,0.0011733515106615927,1.0825206466085093e-08,false,datetime.datetime(2025, 9, 12, 18, 6, 37, 764962)
gpc_10076_pri_mtr,1,1.0311985202625402,0.0014355399769185612,-3.294094753026266e-09,false,datetime.datetime(2025, 9, 12, 18, 6, 37, 764962)
gpc_10080_pri_mtr,1,1.031199542070287,0.0017317189504771312,9.441052196805261e-09,false,datetime.datetime(2025, 9, 12, 18, 6, 37, 764962)
227_2664032_1,1,1.0290682007502803,105.76992509763875,583.7771417712854,false,datetime.datetime(2025, 9, 12, 18, 6, 37, 764962)
227_452771_6,1,1.0289746979058148,201.2082506614691,1141.7758354613877,false,datetime.datetime(2025, 9, 12, 18, 6, 37, 764962)
227_2662741_2,1,1.029286355415011,88.71119399333683,408.70605801639834,false,datetime.datetime(2025, 9, 12, 18, 6, 37, 764962)
227_4589977_1,1,1.033668086487108,205.60875750818707,453.60367670772354,false,datetime.datetime(2025, 9, 12, 18, 6, 37, 764962)
227_2662739_1,1,1.0292864049134725,88.71111111963202,408.69752534967347,false,datetime.datetime(2025, 9, 12, 18, 6, 37, 764962)
227_4589970_1,1,1.0331132127638343,0.0015935979417752567,1.3639849369392117e-08,false,datetime.datetime(2025, 9, 12, 18, 6, 37, 764962)
227_4290732_20,1,1.0336532768029405,205.60886056891468,453.6489671910416,false,datetime.datetime(2025, 9, 12, 18, 6, 37, 764962)
227_452800_1,1,1.029216291752242,195.24381954527303,1062.6069355236225,false,datetime.datetime(2025, 9, 12, 18, 6, 37, 764962)
227_452772_1,1,1.029002635355654,206.2988431593489,572.3846205366774,false,datetime.datetime(2025, 9, 12, 18, 6, 37, 764962)
227_448259_7,1,1.0313356431252056,6.225463022340023,44.11851471202196,false,datetime.datetime(2025, 9, 12, 18, 6, 37, 764962)
227_623392_1,1,1.0291397725512634,0.015856509495989032,0.11163207048760246,false,datetime.datetime(2025, 9, 12, 18, 6, 37, 764962)
227_2664038_2,1,1.0290726025113601,105.76999402269277,583.7905751898152,false,datetime.datetime(2025, 9, 12, 18, 6, 37, 764962)
227_452759_5,1,1.0291639192590258,108.4421591514755,610.7934042170392,false,datetime.datetime(2025, 9, 12, 18, 6, 37, 764962)
228_2473080_3,1,1.0197892139469988,2.682037516486496,18.713117422105455,false,datetime.datetime(2025, 9, 12, 18, 6, 37, 764962)
228_350975_10,1,1.032856113226438,5.141453292001775,36.33241995067167,false,datetime.datetime(2025, 9, 12, 18, 6, 37, 764962)
228_350996_3,1,1.0198432482095672,1.794082026286709,12.525975233564793,false,datetime.datetime(2025, 9, 12, 18, 6, 37, 764962)
227_558417_8,1,1.0343823068658733,1.266634379464017,8.946287594120871,false,datetime.datetime(2025, 9, 12, 18, 7, 37, 764962)
227_4589971_5,1,1.034374975623322,0.001174799154203643,5.265827810021416e-09,false,datetime.datetime(2025, 9, 12, 18, 7, 37, 764962)
gpc_10076_pri_mtr,1,1.0325993145026688,0.0014375076309665095,-2.4247894219384927e-08,false,datetime.datetime(2025, 9, 12, 18, 7, 37, 764962)
gpc_10080_pri_mtr,1,1.0326000266564428,0.0017340888356084036,1.8072230299566905e-08,false,datetime.datetime(2025, 9, 12, 18, 7, 37, 764962)
227_2664032_1,1,1.029779103544631,101.33674152408463,526.5215937657298,false,datetime.datetime(2025, 9, 12, 18, 7, 37, 764962)
227_452771_6,1,1.0295105475744173,192.79605269654442,1030.888674627444,false,datetime.datetime(2025, 9, 12, 18, 7, 37, 764962)
227_2662741_2,1,1.0299505614534838,86.34306735478373,364.88124387493104,false,datetime.datetime(2025, 9, 12, 18, 7, 37, 764962)
227_4589977_1,1,1.0344507960579514,205.96601247488704,406.0799377131667,false,datetime.datetime(2025, 9, 12, 18, 7, 37, 764962)
227_2662739_1,1,1.0299517392165531,86.3429800313251,364.8732008100948,false,datetime.datetime(2025, 9, 12, 18, 7, 37, 764962)
227_4589970_1,1,1.0343749751126972,0.001595562375524375,4.883219571510022e-09,false,datetime.datetime(2025, 9, 12, 18, 7, 37, 764962)
227_4290732_20,1,1.0344347458332328,205.96611668186915,406.12537288203265,false,datetime.datetime(2025, 9, 12, 18, 7, 37, 764962)
227_452800_1,1,1.0298115597846451,187.67013283869892,953.5868119544848,false,datetime.datetime(2025, 9, 12, 18, 7, 37, 764962)
227_452772_1,1,1.029539172073621,206.0208387091287,512.7455443681083,false,datetime.datetime(2025, 9, 12, 18, 7, 37, 764962)
227_448259_7,1,1.032708130042683,4.995151570523848,35.45923961057247,false,datetime.datetime(2025, 9, 12, 18, 7, 37, 764962)
227_623392_1,1,1.0296825151030025,0.01584816307653788,0.11163241101503073,false,datetime.datetime(2025, 9, 12, 18, 7, 37, 764962)
227_2664038_2,1,1.0297820248613785,101.33681488919947,526.5337202890005,false,datetime.datetime(2025, 9, 12, 18, 7, 37, 764962)
227_452759_5,1,1.0298481648673492,103.4455064686741,550.4654254769207,false,datetime.datetime(2025, 9, 12, 18, 7, 37, 764962)
228_2473080_3,1,1.0226007245915811,2.562054311624201,17.925578056900672,false,datetime.datetime(2025, 9, 12, 18, 7, 37, 764962)
228_350975_10,1,1.0335666408660946,4.107063847948694,29.05706542211491,false,datetime.datetime(2025, 9, 12, 18, 7, 37, 764962)
228_350996_3,1,1.0226106849300718,2.3453263257573074,16.415460598567698,false,datetime.datetime(2025, 9, 12, 18, 7, 37, 764962)
227_558417_8,1,1.0340912575206336,0.9405289967994088,6.651120406039914,false,datetime.datetime(2025, 9, 12, 18, 8, 37, 764962)
227_4589971_5,1,1.0340851345653677,0.0011745054604333223,1.5919733628855508e-08,false,datetime.datetime(2025, 9, 12, 18, 8, 37, 764962)
gpc_10076_pri_mtr,1,1.0324197940664759,0.0014372952028204973,-2.816645115727407e-08,false,datetime.datetime(2025, 9, 12, 18, 8, 37, 764962)
gpc_10080_pri_mtr,1,1.0324201533905129,0.0017338325408916041,1.2012956125101726e-08,false,datetime.datetime(2025, 9, 12, 18, 8, 37, 764962)
227_2664032_1,1,1.0290225789119278,99.80987360294498,530.2153947103596,false,datetime.datetime(2025, 9, 12, 18, 8, 37, 764962)
227_452771_6,1,1.0289450599093808,201.16030541160012,1198.7342800618617,false,datetime.datetime(2025, 9, 12, 18, 8, 37, 764962)
227_2662741_2,1,1.029139271219674,99.03605209840563,552.144044932186,false,datetime.datetime(2025, 9, 12, 18, 8, 37, 764962)
227_4589977_1,1,1.0338390367534254,206.10388796331674,380.2623015705632,false,datetime.datetime(2025, 9, 12, 18, 8, 37, 764962)
227_2662739_1,1,1.0291356555313869,99.03598252836987,552.1331079124693,false,datetime.datetime(2025, 9, 12, 18, 8, 37, 764962)
227_4589970_1,1,1.0340851340548944,0.0015951635710010309,2.3633006537570895e-08,false,datetime.datetime(2025, 9, 12, 18, 8, 37, 764962)
227_4290732_20,1,1.0338223568019578,206.10399259995518,380.3077908017056,false,datetime.datetime(2025, 9, 12, 18, 8, 37, 764962)
227_452800_1,1,1.0291530148547354,195.98934343750204,1133.552978253555,false,datetime.datetime(2025, 9, 12, 18, 8, 37, 764962)
227_452772_1,1,1.0289740103485472,206.09413004680266,541.3152086403336,false,datetime.datetime(2025, 9, 12, 18, 8, 37, 764962)
227_448259_7,1,1.0325081801829752,4.184759968222865,29.806741600816366,false,datetime.datetime(2025, 9, 12, 18, 8, 37, 764962)
227_623392_1,1,1.0291141853896162,0.12344087652035127,0.8688786249601598,false,datetime.datetime(2025, 9, 12, 18, 8, 37, 764962)
227_2664038_2,1,1.0290256295253914,99.8099458292136,530.2268467650854,false,datetime.datetime(2025, 9, 12, 18, 8, 37, 764962)
227_452759_5,1,1.0290938818934547,101.83003872231109,552.5628080391615,false,datetime.datetime(2025, 9, 12, 18, 8, 37, 764962)
228_2473080_3,1,1.024757745426468,1.920339840691108,13.465679491710864,false,datetime.datetime(2025, 9, 12, 18, 8, 37, 764962)
228_350975_10,1,1.032878911571318,11.176168381676087,78.98467324700212,false,datetime.datetime(2025, 9, 12, 18, 8, 37, 764962)
228_350996_3,1,1.0247656731953714,1.7495337079738902,12.274242895077347,false,datetime.datetime(2025, 9, 12, 18, 8, 37, 764962)
227_558417_8,1,1.033427421196489,0.8737877408019828,6.153616918183227,false,datetime.datetime(2025, 9, 12, 18, 9, 37, 764962)
227_4589971_5,1,1.0334213178412515,0.0011737374111788707,5.546781249740428e-09,false,datetime.datetime(2025, 9, 12, 18, 9, 37, 764962)
gpc_10076_pri_mtr,1,1.031816152645016,0.001436438686585834,-1.867387580552126e-08,false,datetime.datetime(2025, 9, 12, 18, 9, 37, 764962)
gpc_10080_pri_mtr,1,1.0318166096307513,0.0017328007974724631,8.173911564406957e-09,false,datetime.datetime(2025, 9, 12, 18, 9, 37, 764962)
227_2664032_1,1,1.0283247192843141,92.9645217593867,424.68510137787473,false,datetime.datetime(2025, 9, 12, 18, 9, 37, 764962)
227_452771_6,1,1.0278376546057106,183.1666102557323,923.0772951947365,false,datetime.datetime(2025, 9, 12, 18, 9, 37, 764962)
227_2662741_2,1,1.0283933242117265,85.07749533444334,359.9633020826857,false,datetime.datetime(2025, 9, 12, 18, 9, 37, 764962)
227_4589977_1,1,1.0329500712684945,206.09639354769962,356.89434290621676,false,datetime.datetime(2025, 9, 12, 18, 9, 37, 764962)
227_2662739_1,1,1.0283945886409465,85.07740709439749,359.9555541933438,false,datetime.datetime(2025, 9, 12, 18, 9, 37, 764962)
227_4589970_1,1,1.0334213173311033,0.001594119884818609,9.987919566966394e-10,false,datetime.datetime(2025, 9, 12, 18, 9, 37, 764962)
227_4290732_20,1,1.0329328227539767,206.0964985464475,356.9398226942807,false,datetime.datetime(2025, 9, 12, 18, 9, 37, 764962)
227_452800_1,1,1.0281943730468697,177.71724362296806,828.722340432024,false,datetime.datetime(2025, 9, 12, 18, 9, 37, 764962)
227_452772_1,1,1.0278667128277827,205.63731963880957,461.81462613862686,false,datetime.datetime(2025, 9, 12, 18, 9, 37, 764962)
227_448259_7,1,1.0319068777537277,4.246905298038551,30.10469143677225,false,datetime.datetime(2025, 9, 12, 18, 9, 37, 764962)
227_623392_1,1,1.0280147732766407,0.05109839165090273,0.35930241517497985,false,datetime.datetime(2025, 9, 12, 18, 9, 37, 764962)
227_2664038_2,1,1.0283250852469938,92.96460283830912,424.6948585113619,false,datetime.datetime(2025, 9, 12, 18, 9, 37, 764962)
227_452759_5,1,1.0283481516597717,94.7202018293147,445.25616103986545,false,datetime.datetime(2025, 9, 12, 18, 9, 37, 764962)
228_2473080_3,1,1.0235178938856881,2.001170664636392,14.015247445680794,false,datetime.datetime(2025, 9, 12, 18, 9, 37, 764962)
228_350975_10,1,1.031982526859491,5.818206696529066,41.09486816453102,false,datetime.datetime(2025, 9, 12, 18, 9, 37, 764962)
228_350996_3,1,1.0235549942136128,1.3862521989526042,9.71654455789359,false,datetime.datetime(2025, 9, 12, 18, 9, 37, 764962)
227_558417_8,1,1.0349079261627754,0.7773582467979889,5.489620103516732,false,datetime.datetime(2025, 9, 12, 18, 10, 37, 764962)
227_4589971_5,1,1.034902147375047,0.0011754299462910425,3.470702353888535e-09,false,datetime.datetime(2025, 9, 12, 18, 10, 37, 764962)
gpc_10076_pri_mtr,1,1.033327590058292,0.0014385539377490516,-8.78392776385056e-09,false,datetime.datetime(2025, 9, 12, 18, 10, 37, 764962)
gpc_10080_pri_mtr,1,1.0333279861812343,0.0017353538284417681,8.076212751382255e-09,false,datetime.datetime(2025, 9, 12, 18, 10, 37, 764962)
227_2664032_1,1,1.0293568573017797,89.4070841732501,360.07813913721,false,datetime.datetime(2025, 9, 12, 18, 10, 37, 764962)
227_452771_6,1,1.028614477022939,174.7066726724096,735.7037565472207,false,datetime.datetime(2025, 9, 12, 18, 10, 37, 764962)
227_2662741_2,1,1.0293879647865996,82.85164803523469,259.98871222858725,false,datetime.datetime(2025, 9, 12, 18, 10, 37, 764962)
227_4589977_1,1,1.033989437092112,206.93046035048843,312.7611862163436,false,datetime.datetime(2025, 9, 12, 18, 10, 37, 764962)
227_2662739_1,1,1.0293917988123744,82.85155142923992,259.98133605105096,false,datetime.datetime(2025, 9, 12, 18, 10, 37, 764962)
227_4589970_1,1,1.0349021468641704,0.0015964194248493603,1.4713685476952848e-08,false,datetime.datetime(2025, 9, 12, 18, 10, 37, 764962)
227_4290732_20,1,1.033971034079742,206.93056620189122,312.807026497943,false,datetime.datetime(2025, 9, 12, 18, 10, 37, 764962)
227_452800_1,1,1.0290702663280233,171.64613651008534,657.6897824696314,false,datetime.datetime(2025, 9, 12, 18, 10, 37, 764962)
227_452772_1,1,1.0286439264160046,206.13768329168045,395.63466019846925,false,datetime.datetime(2025, 9, 12, 18, 10, 37, 764962)
227_448259_7,1,1.0334102361033184,3.8825064976441803,27.59377111747033,false,datetime.datetime(2025, 9, 12, 18, 10, 37, 764962)
227_623392_1,1,1.0287988914506894,0.01586175610668205,0.1116322589190731,false,datetime.datetime(2025, 9, 12, 18, 10, 37, 764962)
227_2664038_2,1,1.029355559362296,89.40717070633329,360.0870179771361,false,datetime.datetime(2025, 9, 12, 18, 10, 37, 764962)
227_452759_5,1,1.0293500709687196,90.50993892177054,375.9284550078321,false,datetime.datetime(2025, 9, 12, 18, 10, 37, 764962)
228_2473080_3,1,1.0249992970399513,1.727872627880459,12.119575100627332,false,datetime.datetime(2025, 9, 12, 18, 10, 37, 764962)
228_350975_10,1,1.0329640937352662,2.964529543585863,20.97467700224202,false,datetime.datetime(2025, 9, 12, 18, 10, 37, 764962)
228_350996_3,1,1.0250357018437406,1.1322570303729624,7.949899859159298,false,datetime.datetime(2025, 9, 12, 18, 10, 37, 764962)
227_558417_8,1,1.0351219082395613,0.7328694070369839,5.17808198453222,false,datetime.datetime(2025, 9, 12, 18, 11, 37, 764962)
227_4589971_5,1,1.0351164012803251,0.0011756760708200244,4.339094247380042e-10,false,datetime.datetime(2025, 9, 12, 18, 11, 37, 764962)
gpc_10076_pri_mtr,1,1.0335052205402497,0.001438806949388214,-2.2423918112274783e-08,false,datetime.datetime(2025, 9, 12, 18, 11, 37, 764962)
gpc_10080_pri_mtr,1,1.0335057021478218,0.0017356578278080361,1.495731805452291e-08,false,datetime.datetime(2025, 9, 12, 18, 11, 37, 764962)
227_2664032_1,1,1.0296257581637238,87.45611416408937,331.14144376478083,false,datetime.datetime(2025, 9, 12, 18, 11, 37, 764962)
227_452771_6,1,1.0287986073940838,171.9850953829057,675.6570647077106,false,datetime.datetime(2025, 9, 12, 18, 11, 37, 764962)
227_2662741_2,1,1.0296323893653725,82.57702157944759,243.9015339293083,false,datetime.datetime(2025, 9, 12, 18, 11, 37, 764962)
227_4589977_1,1,1.0341792014961475,207.07824857851125,309.1040581674941,false,datetime.datetime(2025, 9, 12, 18, 11, 37, 764962)
227_2662739_1,1,1.0296366368982017,82.5769236790539,243.8942090923743,false,datetime.datetime(2025, 9, 12, 18, 11, 37, 764962)
227_4589970_1,1,1.0351164007693434,0.0015967539855906215,-5.835651500571754e-09,false,datetime.datetime(2025, 9, 12, 18, 11, 37, 764962)
227_4290732_20,1,1.0341606981836247,207.07835449354877,309.1499667971271,false,datetime.datetime(2025, 9, 12, 18, 11, 37, 764962)
227_452800_1,1,1.0292854046637403,169.77557450990633,609.457032433348,false,datetime.datetime(2025, 9, 12, 18, 11, 37, 764962)
227_452772_1,1,1.0288277202630332,206.22501558869934,396.0231069245569,false,datetime.datetime(2025, 9, 12, 18, 11, 37, 764962)
227_448259_7,1,1.0335921090144928,4.045105470384547,28.78920909520008,false,datetime.datetime(2025, 9, 12, 18, 11, 37, 764962)
227_623392_1,1,1.028982594632865,0.12335973399329893,0.86820036065434,false,datetime.datetime(2025, 9, 12, 18, 11, 37, 764962)
227_2664038_2,1,1.0296237181222379,87.45620342403235,331.14984990794136,false,datetime.datetime(2025, 9, 12, 18, 11, 37, 764962)
227_452759_5,1,1.029605803415816,88.45646160857788,346.52843430611637,false,datetime.datetime(2025, 9, 12, 18, 11, 37, 764962)
228_2473080_3,1,1.0263749875395898,1.4776413702229505,10.379374665727576,false,datetime.datetime(2025, 9, 12, 18, 11, 37, 764962)
228_350975_10,1,1.0331438066748264,3.7403651032066287,26.463395593395404,false,datetime.datetime(2025, 9, 12, 18, 11, 37, 764962)
228_350996_3,1,1.0263798999000002,1.3656395320676313,9.598706331017588,false,datetime.datetime(2025, 9, 12, 18, 11, 37, 764962)
227_558417_8,1,1.0353676889994443,0.7280946786527838,5.146686533386088,false,datetime.datetime(2025, 9, 12, 18, 12, 37, 764962)
227_4589971_5,1,1.035362238480099,0.001175957972306942,1.3176809069509411e-08,false,datetime.datetime(2025, 9, 12, 18, 12, 37, 764962)
gpc_10076_pri_mtr,1,1.033836389913651,0.001439266399693308,-6.083513648835758e-09,false,datetime.datetime(2025, 9, 12, 18, 12, 37, 764962)
gpc_10080_pri_mtr,1,1.0338367317321646,0.0017362133792103997,1.4874634683872963e-08,false,datetime.datetime(2025, 9, 12, 18, 12, 37, 764962)
227_2664032_1,1,1.0297052642899047,86.82280972701844,324.71683356584185,false,datetime.datetime(2025, 9, 12, 18, 12, 37, 764962)
227_452771_6,1,1.0288529649977358,171.27155870645163,658.0493686950275,false,datetime.datetime(2025, 9, 12, 18, 12, 37, 764962)
227_2662741_2,1,1.0297076856699063,82.48804075698953,234.85765432666915,false,datetime.datetime(2025, 9, 12, 18, 12, 37, 764962)
227_4589977_1,1,1.034265028934433,207.35644803031528,293.8865001384284,false,datetime.datetime(2025, 9, 12, 18, 12, 37, 764962)
227_2662739_1,1,1.0297121643863074,82.4879422177778,234.85034493828485,false,datetime.datetime(2025, 9, 12, 18, 12, 37, 764962)
227_4589970_1,1,1.0353622379689957,0.0015971342483434802,1.3274974923676303e-08,false,datetime.datetime(2025, 9, 12, 18, 12, 37, 764962)
227_4290732_20,1,1.0342461347310996,207.35655418338285,293.9325307742352,false,datetime.datetime(2025, 9, 12, 18, 12, 37, 764962)
227_452800_1,1,1.0293490626049124,169.19725545934628,591.7967894410955,false,datetime.datetime(2025, 9, 12, 18, 12, 37, 764962)
227_452772_1,1,1.028881976044657,206.27978973245717,396.5451266911409,false,datetime.datetime(2025, 9, 12, 18, 12, 37, 764962)
227_448259_7,1,1.0339129985822175,3.6118875875588143,25.716338754135304,false,datetime.datetime(2025, 9, 12, 18, 12, 37, 764962)
227_623392_1,1,1.029036908582359,0.0511444202439365,0.3599830935514652,false,datetime.datetime(2025, 9, 12, 18, 12, 37, 764962)
227_2664038_2,1,1.02970306029874,86.82289973558439,324.7250858981032,false,datetime.datetime(2025, 9, 12, 18, 12, 37, 764962)
227_452759_5,1,1.0296823255428151,87.76477107761572,339.5613263185027,false,datetime.datetime(2025, 9, 12, 18, 12, 37, 764962)
228_2473080_3,1,1.0266149363477501,1.6844003454735696,11.833469499138305,false,datetime.datetime(2025, 9, 12, 18, 12, 37, 764962)
228_350975_10,1,1.0331973591229393,5.380430643845709,38.054585571434565,false,datetime.datetime(2025, 9, 12, 18, 12, 37, 764962)
228_350996_3,1,1.0266618970301415,0.9258085226422754,6.512896995535461,false,datetime.datetime(2025, 9, 12, 18, 12, 37, 764962)
227_558417_8,1,1.0356042634759215,0.6347534537212443,4.482946727738918,false,datetime.datetime(2025, 9, 12, 18, 13, 37, 764962)
227_4589971_5,1,1.0355991265224533,0.00117622436040602,1.0749649849498406e-08,false,datetime.datetime(2025, 9, 12, 18, 13, 37, 764962)
gpc_10076_pri_mtr,1,1.0340717028793933,0.0014395937229872682,-1.0383219357062657e-08,false,datetime.datetime(2025, 9, 12, 18, 13, 37, 764962)
gpc_10080_pri_mtr,1,1.0340722284109995,0.0017366085272324098,2.608213205775032e-08,false,datetime.datetime(2025, 9, 12, 18, 13, 37, 764962)
227_2664032_1,1,1.0299732551826033,86.19792080920162,293.2469413363961,false,datetime.datetime(2025, 9, 12, 18, 13, 37, 764962)
227_452771_6,1,1.0290393755806246,169.866176122645,610.26451184249,false,datetime.datetime(2025, 9, 12, 18, 13, 37, 764962)
227_2662741_2,1,1.029946594263227,82.35368002127103,222.24792023766912,false,datetime.datetime(2025, 9, 12, 18, 13, 37, 764962)
227_4589977_1,1,1.0344759989482337,207.34008817324707,296.0576795296624,false,datetime.datetime(2025, 9, 12, 18, 13, 37, 764962)
227_2662739_1,1,1.0299513979390489,82.35358055190147,222.24063585472365,false,datetime.datetime(2025, 9, 12, 18, 13, 37, 764962)
227_4589970_1,1,1.0355991260112336,0.0015975007314344015,2.8678551012852085e-09,false,datetime.datetime(2025, 9, 12, 18, 13, 37, 764962)
227_4290732_20,1,1.0344571534749496,207.34019432652593,296.1037000077686,false,datetime.datetime(2025, 9, 12, 18, 13, 37, 764962)
227_452800_1,1,1.029560895898478,168.19474114132896,547.0691507715046,false,datetime.datetime(2025, 9, 12, 18, 13, 37, 764962)
227_452772_1,1,1.0290684248860797,206.38059174027055,382.4155062287922,false,datetime.datetime(2025, 9, 12, 18, 13, 37, 764962)
227_448259_7,1,1.034155118747958,3.8542526166948923,27.42982084639355,false,datetime.datetime(2025, 9, 12, 18, 13, 37, 764962)
227_623392_1,1,1.0292248521933904,0.015855301262966002,0.1116333949107566,false,datetime.datetime(2025, 9, 12, 18, 13, 37, 764962)
227_2664038_2,1,1.0299702434019131,86.1980130955382,293.2550723388893,false,datetime.datetime(2025, 9, 12, 18, 13, 37, 764962)
227_452759_5,1,1.0299356773996071,86.91585475722822,306.1329188864944,false,datetime.datetime(2025, 9, 12, 18, 13, 37, 764962)
228_2473080_3,1,1.0272044140528185,1.5263689826989504,10.729964638628799,false,datetime.datetime(2025, 9, 12, 18, 13, 37, 764962)
228_350975_10,1,1.0334199551380963,3.6824060982504405,26.062306170493088,false,datetime.datetime(2025, 9, 12, 18, 13, 37, 764962)
228_350996_3,1,1.0272379366149547,0.9768443476817336,6.8750920663730835,false,datetime.datetime(2025, 9, 12, 18, 13, 37, 764962)
227_558417_8,1,1.03577050233036,0.6972016588549486,4.9282178932432625,false,datetime.datetime(2025, 9, 12, 18, 14, 37, 764962)
227_4589971_5,1,1.035765156700507,0.0011764132408406123,-3.2597831246823476e-09,false,datetime.datetime(2025, 9, 12, 18, 14, 37, 764962)
gpc_10076_pri_mtr,1,1.0343012732719787,0.0014399132640477699,-5.120814269094397e-09,false,datetime.datetime(2025, 9, 12, 18, 14, 37, 764962)
gpc_10080_pri_mtr,1,1.0343015671643052,0.0017369909959199493,3.5190406439124144e-09,false,datetime.datetime(2025, 9, 12, 18, 14, 37, 764962)
227_2664032_1,1,1.029979624753562,86.32726711324771,294.4407448862254,false,datetime.datetime(2025, 9, 12, 18, 14, 37, 764962)
227_452771_6,1,1.0290575304851435,170.15997931111195,618.6193507129304,false,datetime.datetime(2025, 9, 12, 18, 14, 37, 764962)
227_2662741_2,1,1.0299510581108742,82.54561996044376,231.75635303901163,false,datetime.datetime(2025, 9, 12, 18, 14, 37, 764962)
227_4589977_1,1,1.0345489113086235,207.54969184009113,286.8814118238507,false,datetime.datetime(2025, 9, 12, 18, 14, 37, 764962)
227_2662739_1,1,1.0299556192451014,82.54552126901905,231.74903068177477,false,datetime.datetime(2025, 9, 12, 18, 14, 37, 764962)
227_4589970_1,1,1.0357651561892052,0.0015977570317678871,9.278560769084957e-09,false,datetime.datetime(2025, 9, 12, 18, 14, 37, 764962)
227_4290732_20,1,1.034529828243885,207.5497981220215,286.92752719288364,false,datetime.datetime(2025, 9, 12, 18, 14, 37, 764962)
227_452800_1,1,1.0295741411555928,168.56827135174188,561.4699378279026,false,datetime.datetime(2025, 9, 12, 18, 14, 37, 764962)
227_452772_1,1,1.0290869298728678,206.57806553209593,368.56544882538753,false,datetime.datetime(2025, 9, 12, 18, 14, 37, 764962)
227_448259_7,1,1.0343719553677195,3.3459816995833505,23.826302983847683,false,datetime.datetime(2025, 9, 12, 18, 14, 37, 764962)
227_623392_1,1,1.0292446746982813,0.12323141960749916,0.8675186273201552,false,datetime.datetime(2025, 9, 12, 18, 14, 37, 764962)
227_2664038_2,1,1.029976643934705,86.32735924796751,294.44890601099377,false,datetime.datetime(2025, 9, 12, 18, 14, 37, 764962)
227_452759_5,1,1.0299425071113462,87.07660737707228,306.85393738160644,false,datetime.datetime(2025, 9, 12, 18, 14, 37, 764962)
228_2473080_3,1,1.0269747527213735,1.3401294602949243,9.419406251842135,false,datetime.datetime(2025, 9, 12, 18, 14, 37, 764962)
228_350975_10,1,1.0334790959304934,3.433395250409096,24.301890923423066,false,datetime.datetime(2025, 9, 12, 18, 14, 37, 764962)
228_350996_3,1,1.027006642845873,0.8236158626916683,5.797208729046034,false,datetime.datetime(2025, 9, 12, 18, 14, 37, 764962)
227_558417_8,1,1.0358211084340516,0.7288919723800152,5.151754699946959,false,datetime.datetime(2025, 9, 12, 18, 15, 37, 764962)
227_4589971_5,1,1.035816513641513,0.0011764719538516302,1.4701075675874086e-08,false,datetime.datetime(2025, 9, 12, 18, 15, 37, 764962)
gpc_10076_pri_mtr,1,1.034332763571502,0.0014399605060045522,-9.7605643303026e-09,false,datetime.datetime(2025, 9, 12, 18, 15, 37, 764962)
gpc_10080_pri_mtr,1,1.034333161266219,0.0017370461162861455,1.3447404593649987e-08,false,datetime.datetime(2025, 9, 12, 18, 15, 37, 764962)
227_2664032_1,1,1.0300102910705673,85.87577106544983,282.52475108019536,false,datetime.datetime(2025, 9, 12, 18, 15, 37, 764962)
227_452771_6,1,1.029072397389865,169.99540226692253,620.8096408149604,false,datetime.datetime(2025, 9, 12, 18, 15, 37, 764962)
227_2662741_2,1,1.029973554127287,82.51703840592938,223.51186893600843,false,datetime.datetime(2025, 9, 12, 18, 15, 37, 764962)
227_4589977_1,1,1.0345849252043553,207.56838849119106,284.89464043870737,false,datetime.datetime(2025, 9, 12, 18, 15, 37, 764962)
227_2662739_1,1,1.029978325482744,82.51693920663567,223.50454995476807,false,datetime.datetime(2025, 9, 12, 18, 15, 37, 764962)
227_4589970_1,1,1.0358165131301866,0.0015978347230832337,1.8889008795819516e-08,false,datetime.datetime(2025, 9, 12, 18, 15, 37, 764962)
227_4290732_20,1,1.0345657897809282,207.56849482377118,284.94075965917705,false,datetime.datetime(2025, 9, 12, 18, 15, 37, 764962)
227_452800_1,1,1.029588057218006,168.30550765343645,560.8218829027113,false,datetime.datetime(2025, 9, 12, 18, 15, 37, 764962)
227_452772_1,1,1.0291019666200807,206.63482834892312,361.2946308705206,false,datetime.datetime(2025, 9, 12, 18, 15, 37, 764962)
227_448259_7,1,1.03441406264868,3.8140494693867706,27.14830762614196,false,datetime.datetime(2025, 9, 12, 18, 15, 37, 764962)
227_623392_1,1,1.0292605227166434,0.05123003082161584,0.36066423204239867,false,datetime.datetime(2025, 9, 12, 18, 15, 37, 764962)
227_2664038_2,1,1.0300070051934636,85.87586417505085,282.5328108914984,false,datetime.datetime(2025, 9, 12, 18, 15, 37, 764962)
227_452759_5,1,1.0299680688421986,86.56748389742859,296.48309481644725,false,datetime.datetime(2025, 9, 12, 18, 15, 37, 764962)
228_2473080_3,1,1.027694754327832,1.2188921595603766,8.573884732070136,false,datetime.datetime(2025, 9, 12, 18, 15, 37, 764962)
228_350975_10,1,1.0335166051245344,2.5990232049629087,18.405638708654575,false,datetime.datetime(2025, 9, 12, 18, 15, 37, 764962)
228_350996_3,1,1.027737231418033,0.5457945797650124,3.8484487701854846,false,datetime.datetime(2025, 9, 12, 18, 15, 37, 764962)
227_558417_8,1,1.0357995471672894,0.6216985056313203,4.390565303537173,false,datetime.datetime(2025, 9, 12, 18, 16, 37, 764962)
227_4589971_5,1,1.0357948589743755,0.0011764457021449012,1.2466761711984881e-09,false,datetime.datetime(2025, 9, 12, 18, 16, 37, 764962)
gpc_10076_pri_mtr,1,1.0343487473909694,0.0014399794299759785,-2.095372645587435e-09,false,datetime.datetime(2025, 9, 12, 18, 16, 37, 764962)
gpc_10080_pri_mtr,1,1.0343490128621669,0.0017370702261720807,2.3926206794547694e-08,false,datetime.datetime(2025, 9, 12, 18, 16, 37, 764962)
227_2664032_1,1,1.0298558358442629,87.01287350891083,301.4923853081443,false,datetime.datetime(2025, 9, 12, 18, 16, 37, 764962)
227_452771_6,1,1.028963210565231,171.65209439116546,649.7073140273756,false,datetime.datetime(2025, 9, 12, 18, 16, 37, 764962)
227_2662741_2,1,1.0298361075774298,82.60205157833038,229.84273630480718,false,datetime.datetime(2025, 9, 12, 18, 16, 37, 764962)
227_4589977_1,1,1.0344729564426947,207.67133659259076,278.89282434546226,false,datetime.datetime(2025, 9, 12, 18, 16, 37, 764962)
227_2662739_1,1,1.0298407163019008,82.60195287365757,229.83540016142229,false,datetime.datetime(2025, 9, 12, 18, 16, 37, 764962)
227_4589970_1,1,1.0357948584630587,0.001597799088080247,9.933320030797545e-09,false,datetime.datetime(2025, 9, 12, 18, 16, 37, 764962)
227_4290732_20,1,1.0344536705420693,207.67144299200658,278.9389898194039,false,datetime.datetime(2025, 9, 12, 18, 16, 37, 764962)
227_452800_1,1,1.0294642027863035,169.4494056325238,580.7080933206241,false,datetime.datetime(2025, 9, 12, 18, 16, 37, 764962)
227_452772_1,1,1.0289927857904508,206.58338543248297,368.5281757935596,false,datetime.datetime(2025, 9, 12, 18, 16, 37, 764962)
227_448259_7,1,1.0344213931112038,3.4520848788998544,24.606349379372226,false,datetime.datetime(2025, 9, 12, 18, 16, 37, 764962)
227_623392_1,1,1.0291506411173919,0.015856228642397444,0.11163096058175019,false,datetime.datetime(2025, 9, 12, 18, 16, 37, 764962)
227_2664038_2,1,1.0298530369770311,87.01296477476716,301.5007118337156,false,datetime.datetime(2025, 9, 12, 18, 16, 37, 764962)
227_452759_5,1,1.029822288183979,87.73439485128674,315.9540610616146,false,datetime.datetime(2025, 9, 12, 18, 16, 37, 764962)
228_2473080_3,1,1.025974753253372,1.4825861200772252,10.409754934420407,false,datetime.datetime(2025, 9, 12, 18, 16, 37, 764962)
228_350975_10,1,1.033388514324539,3.830907822305207,27.108191383037102,false,datetime.datetime(2025, 9, 12, 18, 16, 37, 764962)
228_350996_3,1,1.0260249079864883,0.6822350911516533,4.799330562431948,false,datetime.datetime(2025, 9, 12, 18, 16, 37, 764962)
227_558417_8,1,1.035790844613938,0.7060724192834946,4.985117185808374,false,datetime.datetime(2025, 9, 12, 18, 17, 37, 764962)
227_4589971_5,1,1.0357845354925912,0.001176431159259585,4.114131579663826e-09,false,datetime.datetime(2025, 9, 12, 18, 17, 37, 764962)
gpc_10076_pri_mtr,1,1.0343944147298565,0.0014400387958884307,-1.7592233266098512e-08,false,datetime.datetime(2025, 9, 12, 18, 17, 37, 764962)
gpc_10080_pri_mtr,1,1.0343945522044917,0.0017371455161130345,1.346699291083959e-08,false,datetime.datetime(2025, 9, 12, 18, 17, 37, 764962)
227_2664032_1,1,1.0297825941334056,87.92392811516324,314.27651763176345,false,datetime.datetime(2025, 9, 12, 18, 17, 37, 764962)
227_452771_6,1,1.0289078805113803,172.50850257008074,660.9555230442463,false,datetime.datetime(2025, 9, 12, 18, 17, 37, 764962)
227_2662741_2,1,1.0297782945956724,82.39204130541161,221.4900754278591,false,datetime.datetime(2025, 9, 12, 18, 17, 37, 764962)
227_4589977_1,1,1.0344139623906183,207.66516625174842,279.90218363235675,false,datetime.datetime(2025, 9, 12, 18, 17, 37, 764962)
227_2662739_1,1,1.0297831160756443,82.39194188124927,221.4827810710803,false,datetime.datetime(2025, 9, 12, 18, 17, 37, 764962)
227_4589970_1,1,1.0357845349812793,0.0015977801291663183,8.052852691814628e-09,false,datetime.datetime(2025, 9, 12, 18, 17, 37, 764962)
227_4290732_20,1,1.0343947014659431,207.66527263087653,279.9483461864256,false,datetime.datetime(2025, 9, 12, 18, 17, 37, 764962)
227_452800_1,1,1.0294043814579146,169.71648865978435,574.1193838868672,false,datetime.datetime(2025, 9, 12, 18, 17, 37, 764962)
227_452772_1,1,1.0289373698313657,206.49846638359267,375.58406942179084,false,datetime.datetime(2025, 9, 12, 18, 17, 37, 764962)
227_448259_7,1,1.034455616387732,2.9561075431725214,21.05674740759427,false,datetime.datetime(2025, 9, 12, 18, 17, 37, 764962)
227_623392_1,1,1.0290945287214244,0.01585720171127919,0.11163214319072995,false,datetime.datetime(2025, 9, 12, 18, 17, 37, 764962)
227_2664038_2,1,1.0297801209763422,87.92401811517334,314.28506634911446,false,datetime.datetime(2025, 9, 12, 18, 17, 37, 764962)
227_452759_5,1,1.0297548075018328,88.86558136929105,328.9061212185099,false,datetime.datetime(2025, 9, 12, 18, 17, 37, 764962)
228_2473080_3,1,1.0252598088417444,1.3747577137252587,9.646373065836999,false,datetime.datetime(2025, 9, 12, 18, 17, 37, 764962)
228_350975_10,1,1.0333327436964364,3.4812105274558975,24.635049961278487,false,datetime.datetime(2025, 9, 12, 18, 17, 37, 764962)
228_350996_3,1,1.025224822978768,1.8718402349620316,13.137460179842828,false,datetime.datetime(2025, 9, 12, 18, 17, 37, 764962)
227_558417_8,1,1.035151004997732,0.6268278520722806,4.4244622862729015,false,datetime.datetime(2025, 9, 12, 18, 18, 37, 764962)
227_4589971_5,1,1.035146546513155,0.0011757067533911406,3.064084572957405e-09,false,datetime.datetime(2025, 9, 12, 18, 18, 37, 764962)
gpc_10076_pri_mtr,1,1.033648023142476,0.0014389993953736013,-2.258047266365275e-08,false,datetime.datetime(2025, 9, 12, 18, 18, 37, 764962)
gpc_10080_pri_mtr,1,1.033648202234443,0.001735889896614572,1.0760217258444117e-08,false,datetime.datetime(2025, 9, 12, 18, 18, 37, 764962)
227_2664032_1,1,1.0293602631347039,88.99841527114313,328.07072726375605,false,datetime.datetime(2025, 9, 12, 18, 18, 37, 764962)
227_452771_6,1,1.0285826968488583,175.7394738636462,750.0894174569287,false,datetime.datetime(2025, 9, 12, 18, 18, 37, 764962)
227_2662741_2,1,1.0293556795880618,82.99120884946782,269.8832563232184,false,datetime.datetime(2025, 9, 12, 18, 18, 37, 764962)
227_4589977_1,1,1.0340245504834227,207.22206772889515,300.34284307524524,false,datetime.datetime(2025, 9, 12, 18, 18, 37, 764962)
227_2662739_1,1,1.0293592610811955,82.99111297454328,269.87585659174334,false,datetime.datetime(2025, 9, 12, 18, 18, 37, 764962)
227_4589970_1,1,1.0351465460021574,0.0015967964756284962,9.15334219980766e-09,false,datetime.datetime(2025, 9, 12, 18, 18, 37, 764962)
227_4290732_20,1,1.0340058263684198,207.22217374950915,300.3888163598058,false,datetime.datetime(2025, 9, 12, 18, 18, 37, 764962)
227_452800_1,1,1.0290324339780004,171.65947374678314,649.3339872155327,false,datetime.datetime(2025, 9, 12, 18, 18, 37, 764962)
227_452772_1,1,1.0286122918980414,206.2754621874725,393.05113823728374,false,datetime.datetime(2025, 9, 12, 18, 18, 37, 764962)
227_448259_7,1,1.0337164135896815,3.286336070672487,23.411940494546535,false,datetime.datetime(2025, 9, 12, 18, 18, 37, 764962)
227_623392_1,1,1.02876746087351,0.12315898119281317,0.8666093781236393,false,datetime.datetime(2025, 9, 12, 18, 18, 37, 764962)
227_2664038_2,1,1.02935815013348,88.99850386794978,328.079543021777,false,datetime.datetime(2025, 9, 12, 18, 18, 37, 764962)
227_452759_5,1,1.029338813629171,89.82459848860148,342.5986414458549,false,datetime.datetime(2025, 9, 12, 18, 18, 37, 764962)
228_2473080_3,1,1.0241594766649442,1.8494138187867568,12.960995867781307,false,datetime.datetime(2025, 9, 12, 18, 18, 37, 764962)
228_350975_10,1,1.0329851204765081,1.9560460767601815,13.850561761383052,false,datetime.datetime(2025, 9, 12, 18, 18, 37, 764962)
228_350996_3,1,1.0241525887184706,1.907788770320949,13.375476558815588,false,datetime.datetime(2025, 9, 12, 18, 18, 37, 764962)
227_558417_8,1,1.0346077564314935,0.8005131326043651,5.654192302328908,false,datetime.datetime(2025, 9, 12, 18, 19, 37, 764962)
227_4589971_5,1,1.0346022609487668,0.0011750836152163815,2.0357390726838615e-08,false,datetime.datetime(2025, 9, 12, 18, 19, 37, 764962)
gpc_10076_pri_mtr,1,1.033025963764888,0.0014381298911865458,-1.140091403139966e-08,false,datetime.datetime(2025, 9, 12, 18, 19, 37, 764962)
gpc_10080_pri_mtr,1,1.0330261637188964,0.0017348402940983382,1.3889136302180238e-08,false,datetime.datetime(2025, 9, 12, 18, 19, 37, 764962)
227_2664032_1,1,1.0288434334990857,91.59964004707457,372.17918738061286,false,datetime.datetime(2025, 9, 12, 18, 19, 37, 764962)
227_452771_6,1,1.0282201202283554,181.66860239836473,859.9626903890221,false,datetime.datetime(2025, 9, 12, 18, 19, 37, 764962)
227_2662741_2,1,1.0288712439984788,84.24455370543322,314.3781194157626,false,datetime.datetime(2025, 9, 12, 18, 19, 37, 764962)
227_4589977_1,1,1.0336085469718699,206.93936833925125,311.4401250186178,false,datetime.datetime(2025, 9, 12, 18, 19, 37, 764962)
227_2662739_1,1,1.0288736835587013,84.24446179701866,314.37048405246463,false,datetime.datetime(2025, 9, 12, 18, 19, 37, 764962)
227_4589970_1,1,1.0346022604380363,0.0015959503774137956,1.1247954660356297e-08,false,datetime.datetime(2025, 9, 12, 18, 19, 37, 764962)
227_4290732_20,1,1.0335901191264358,206.93947414996882,311.4859735671875,false,datetime.datetime(2025, 9, 12, 18, 19, 37, 764962)
227_452800_1,1,1.0286119020577162,175.8777992971998,746.7716662077734,false,datetime.datetime(2025, 9, 12, 18, 19, 37, 764962)
227_452772_1,1,1.028250136502823,206.0949550110881,401.4770864287067,false,datetime.datetime(2025, 9, 12, 18, 19, 37, 764962)
227_448259_7,1,1.0331024691291446,3.672238054601579,26.14893965983876,false,datetime.datetime(2025, 9, 12, 18, 19, 37, 764962)
227_623392_1,1,1.0284044256253708,0.05140155683208217,0.36157055895180557,false,datetime.datetime(2025, 9, 12, 18, 19, 37, 764962)
227_2664038_2,1,1.0288424571178298,91.59972499444851,372.18866427703773,false,datetime.datetime(2025, 9, 12, 18, 19, 37, 764962)
227_452759_5,1,1.0288421892143997,92.86054395111266,387.58215535857613,false,datetime.datetime(2025, 9, 12, 18, 19, 37, 764962)
228_2473080_3,1,1.0218590863791313,2.164922130220493,15.13699953364489,false,datetime.datetime(2025, 9, 12, 18, 19, 37, 764962)
228_350975_10,1,1.0325864347284923,2.1183678624715365,14.98904009987754,false,datetime.datetime(2025, 9, 12, 18, 19, 37, 764962)
228_350996_3,1,1.021901746735123,1.4584970891924118,10.20578011824617,false,datetime.datetime(2025, 9, 12, 18, 19, 37, 764962)
227_558417_8,1,1.0354020491089835,0.9763926595420552,6.910267830538187,false,datetime.datetime(2025, 9, 12, 18, 20, 37, 764962)
227_4589971_5,1,1.0353954886966947,0.0011759882920610906,9.32610883516973e-11,false,datetime.datetime(2025, 9, 12, 18, 20, 37, 764962)
gpc_10076_pri_mtr,1,1.033710732402337,0.0014390861163117597,1.593086978668459e-09,false,datetime.datetime(2025, 9, 12, 18, 20, 37, 764962)
gpc_10080_pri_mtr,1,1.0337110508670038,0.0017359937312553494,5.161990920404576e-09,false,datetime.datetime(2025, 9, 12, 18, 20, 37, 764962)
227_2664032_1,1,1.0299442690964258,97.33846694005828,480.3556200238451,false,datetime.datetime(2025, 9, 12, 18, 20, 37, 764962)
227_452771_6,1,1.029602489879048,192.57702020164356,1036.9332766286868,false,datetime.datetime(2025, 9, 12, 18, 20, 37, 764962)
227_2662741_2,1,1.0300646676920184,86.25544632769433,364.9683359626424,false,datetime.datetime(2025, 9, 12, 18, 20, 37, 764962)
227_4589977_1,1,1.0347467282375762,206.67983512030023,345.6002153428951,false,datetime.datetime(2025, 9, 12, 18, 20, 37, 764962)
227_2662739_1,1,1.0300658417329422,86.2553589317485,364.96031905363196,false,datetime.datetime(2025, 9, 12, 18, 20, 37, 764962)
227_4589970_1,1,1.0353954881855731,0.0015971777762612584,9.580475540977378e-09,false,datetime.datetime(2025, 9, 12, 18, 20, 37, 764962)
227_4290732_20,1,1.0347291357667485,206.67994049671603,345.6459533482814,false,datetime.datetime(2025, 9, 12, 18, 20, 37, 764962)
227_452800_1,1,1.0299030984792434,184.70722988437564,916.55739849633,false,datetime.datetime(2025, 9, 12, 18, 20, 37, 764962)
227_452772_1,1,1.0296317776621626,206.07198899781372,483.67737298009916,false,datetime.datetime(2025, 9, 12, 18, 20, 37, 764962)
227_448259_7,1,1.0338086088602052,4.659695968273425,33.14618032168492,false,datetime.datetime(2025, 9, 12, 18, 20, 37, 764962)
227_623392_1,1,1.0297780839928377,0.01584673667273901,0.11163248678335883,false,datetime.datetime(2025, 9, 12, 18, 20, 37, 764962)
227_2664038_2,1,1.0299460098657736,97.33854383133406,480.3665658196455,false,datetime.datetime(2025, 9, 12, 18, 20, 37, 764962)
227_452759_5,1,1.0299914113513773,99.0020434930938,497.8517281166837,false,datetime.datetime(2025, 9, 12, 18, 20, 37, 764962)
228_2473080_3,1,1.0255105297496283,2.559833476518992,17.961053236862995,false,datetime.datetime(2025, 9, 12, 18, 20, 37, 764962)
228_350975_10,1,1.0337535604443806,6.60127427836685,46.710429820476,false,datetime.datetime(2025, 9, 12, 18, 20, 37, 764962)
228_350996_3,1,1.025519635853939,2.3542722752493725,16.52498952465986,false,datetime.datetime(2025, 9, 12, 18, 20, 37, 764962)
227_558417_8,1,1.0348019619001303,1.2389793279116652,8.767352300851382,false,datetime.datetime(2025, 9, 12, 18, 21, 37, 764962)
227_4589971_5,1,1.0347941114233512,0.0011753004974505914,-1.028577525846818e-09,false,datetime.datetime(2025, 9, 12, 18, 21, 37, 764962)
gpc_10076_pri_mtr,1,1.033021294191515,0.0014381219402321583,-1.8739247770224942e-08,false,datetime.datetime(2025, 9, 12, 18, 21, 37, 764962)
gpc_10080_pri_mtr,1,1.0330216717108938,0.0017348307145917273,1.0301148804291732e-08,false,datetime.datetime(2025, 9, 12, 18, 21, 37, 764962)
227_2664032_1,1,1.0294065105958732,102.78853309416121,539.0296167823758,false,datetime.datetime(2025, 9, 12, 18, 21, 37, 764962)
227_452771_6,1,1.029243558028759,201.48347643579632,1150.882793634826,false,datetime.datetime(2025, 9, 12, 18, 21, 37, 764962)
227_2662741_2,1,1.0295824384673584,87.90282308594897,397.502541716565,false,datetime.datetime(2025, 9, 12, 18, 21, 37, 764962)
227_4589977_1,1,1.034364177600888,206.42175232003532,361.2984238570067,false,datetime.datetime(2025, 9, 12, 18, 21, 37, 764962)
227_2662739_1,1,1.0295827745413044,87.90273895473405,397.49419093786685,false,datetime.datetime(2025, 9, 12, 18, 21, 37, 764962)
227_4589970_1,1,1.0347941109125256,0.0015962418471047284,1.4775865751133848e-08,false,datetime.datetime(2025, 9, 12, 18, 21, 37, 764962)
227_4290732_20,1,1.03434699983303,206.42185736573413,361.3440516106297,false,datetime.datetime(2025, 9, 12, 18, 21, 37, 764962)
227_452800_1,1,1.0294840117133321,192.0457200426885,1022.3728522604936,false,datetime.datetime(2025, 9, 12, 18, 21, 37, 764962)
227_452772_1,1,1.0292734522773903,205.9862886189468,484.224481779657,false,datetime.datetime(2025, 9, 12, 18, 21, 37, 764962)
227_448259_7,1,1.0331288271196826,5.1033257188123375,36.26754047061884,false,datetime.datetime(2025, 9, 12, 18, 21, 37, 764962)
227_623392_1,1,1.0294194722039807,0.12298488590646633,0.8659311842207802,false,datetime.datetime(2025, 9, 12, 18, 21, 37, 764962)
227_2664038_2,1,1.0294097580409425,102.78860564327914,539.0422287060616,false,datetime.datetime(2025, 9, 12, 18, 21, 37, 764962)
227_452759_5,1,1.0294819177400703,105.26733658320171,565.9641321187516,false,datetime.datetime(2025, 9, 12, 18, 21, 37, 764962)
228_2473080_3,1,1.0231453619088882,2.7928259399281354,19.55004928961734,false,datetime.datetime(2025, 9, 12, 18, 21, 37, 764962)
228_350975_10,1,1.0334098843694435,4.164820252801999,29.4705130794054,false,datetime.datetime(2025, 9, 12, 18, 21, 37, 764962)
228_350996_3,1,1.0231469481900328,2.698490888741607,18.895471551494477,false,datetime.datetime(2025, 9, 12, 18, 21, 37, 764962)
227_558417_8,1,1.0342114488012875,1.302217095460111,9.206378256544724,false,datetime.datetime(2025, 9, 12, 18, 22, 37, 764962)
227_4589971_5,1,1.034203383481671,0.0011746218627789054,5.849701859253717e-09,false,datetime.datetime(2025, 9, 12, 18, 22, 37, 764962)
gpc_10076_pri_mtr,1,1.0323246501758934,0.0014371443624859258,-1.3236424293379314e-08,false,datetime.datetime(2025, 9, 12, 18, 22, 37, 764962)
gpc_10080_pri_mtr,1,1.0323252353600247,0.0017336539896763022,1.2619926035517957e-08,false,datetime.datetime(2025, 9, 12, 18, 22, 37, 764962)
227_2664032_1,1,1.0289484654877714,107.73180727254191,585.7700084806795,false,datetime.datetime(2025, 9, 12, 18, 22, 37, 764962)
227_452771_6,1,1.028925422878354,209.4521691279783,1241.7317545241974,false,datetime.datetime(2025, 9, 12, 18, 22, 37, 764962)
227_2662741_2,1,1.029162111286939,89.55380450802424,430.468993522341,false,datetime.datetime(2025, 9, 12, 18, 22, 37, 764962)
227_4589977_1,1,1.0339856132481113,206.14793752333952,378.8105949791785,false,datetime.datetime(2025, 9, 12, 18, 22, 37, 764962)
227_2662739_1,1,1.029161600981266,89.55372365333874,430.46031668073664,false,datetime.datetime(2025, 9, 12, 18, 22, 37, 764962)
227_4589970_1,1,1.034203382971136,0.0015953251070773013,1.1692421157124362e-09,false,datetime.datetime(2025, 9, 12, 18, 22, 37, 764962)
227_4290732_20,1,1.0339688943371799,206.14804220850667,378.8561022884651,false,datetime.datetime(2025, 9, 12, 18, 22, 37, 764962)
227_452800_1,1,1.0291179410258238,199.04509684000107,1109.54759539816,false,datetime.datetime(2025, 9, 12, 18, 22, 37, 764962)
227_452772_1,1,1.02895559507749,205.87046113601411,494.17315735188663,false,datetime.datetime(2025, 9, 12, 18, 22, 37, 764962)
227_448259_7,1,1.0324470303809081,5.727128375187067,40.64553260333753,false,datetime.datetime(2025, 9, 12, 18, 22, 37, 764962)
227_623392_1,1,1.0291005788501002,0.051463364424510986,0.36225111764190704,false,datetime.datetime(2025, 9, 12, 18, 22, 37, 764962)
227_2664038_2,1,1.028952915649281,107.73187682223391,585.7843147449103,false,datetime.datetime(2025, 9, 12, 18, 22, 37, 764962)
227_452759_5,1,1.0290451416322701,110.43732134008852,613.3118720413912,false,datetime.datetime(2025, 9, 12, 18, 22, 37, 764962)
228_2473080_3,1,1.020786466969945,3.063581911618823,21.395317482816846,false,datetime.datetime(2025, 9, 12, 18, 22, 37, 764962)
228_350975_10,1,1.0330639884723125,3.3213588874329836,23.499125710624728,false,datetime.datetime(2025, 9, 12, 18, 22, 37, 764962)
228_350996_3,1,1.0207691097649,3.250348517730109,22.70432593543958,false,datetime.datetime(2025, 9, 12, 18, 22, 37, 764962)
227_558417_8,1,1.0336312254913964,1.1919415974451855,8.424730632906424,false,datetime.datetime(2025, 9, 12, 18, 23, 37, 764962)
227_4589971_5,1,1.0336245363889671,0.0011739604008435252,5.05143481290003e-09,false,datetime.datetime(2025, 9, 12, 18, 23, 37, 764962)
gpc_10076_pri_mtr,1,1.0316479199445079,0.0014361966946623732,-1.838829097637677e-08,false,datetime.datetime(2025, 9, 12, 18, 23, 37, 764962)
gpc_10080_pri_mtr,1,1.0316485658204142,0.0017325090262863994,1.2334400283892547e-08,false,datetime.datetime(2025, 9, 12, 18, 23, 37, 764962)
227_2664032_1,1,1.0285446244365417,112.11252302729886,635.966916378606,false,datetime.datetime(2025, 9, 12, 18, 23, 37, 764962)
227_452771_6,1,1.0286388371863364,215.28576526230097,1306.4961712419754,false,datetime.datetime(2025, 9, 12, 18, 23, 37, 764962)
227_2662741_2,1,1.0288043486264875,90.11256486714731,444.1694736008409,false,datetime.datetime(2025, 9, 12, 18, 23, 37, 764962)
227_4589977_1,1,1.033598163544929,205.93846299066098,395.25600989066635,false,datetime.datetime(2025, 9, 12, 18, 23, 37, 764962)
227_2662739_1,1,1.0288034812721667,90.11248535965561,444.16069763818007,false,datetime.datetime(2025, 9, 12, 18, 23, 37, 764962)
227_4589970_1,1,1.0336245358787153,0.0015944237822243467,-6.11863992932833e-09,false,datetime.datetime(2025, 9, 12, 18, 23, 37, 764962)
227_4290732_20,1,1.033581876797294,205.93856729924227,395.3014303852312,false,datetime.datetime(2025, 9, 12, 18, 23, 37, 764962)
227_452800_1,1,1.0287967090275127,204.27927094402372,1173.5252294654183,false,datetime.datetime(2025, 9, 12, 18, 23, 37, 764962)
227_452772_1,1,1.0286688017278147,205.89002027399135,520.1545779136268,false,datetime.datetime(2025, 9, 12, 18, 23, 37, 764962)
227_448259_7,1,1.0317793450950783,6.139653300091406,43.56427466172936,false,datetime.datetime(2025, 9, 12, 18, 23, 37, 764962)
227_623392_1,1,1.0288111102490987,0.015861569820012543,0.11163225369959051,false,datetime.datetime(2025, 9, 12, 18, 23, 37, 764962)
227_2664038_2,1,1.028550367739207,112.11258926643919,635.9827367705819,false,datetime.datetime(2025, 9, 12, 18, 23, 37, 764962)
227_452759_5,1,1.0286642332257088,114.91619215874547,664.2701856894264,false,datetime.datetime(2025, 9, 12, 18, 23, 37, 764962)
228_2473080_3,1,1.0186970334763257,3.5068162589396086,24.439713918964696,false,datetime.datetime(2025, 9, 12, 18, 23, 37, 764962)
228_350975_10,1,1.032696362066723,4.658580421739248,32.9337351872518,false,datetime.datetime(2025, 9, 12, 18, 23, 37, 764962)
228_350996_3,1,1.0187262755676463,2.977714756581161,20.75929879425959,false,datetime.datetime(2025, 9, 12, 18, 23, 37, 764962)
227_558417_8,1,1.0331547227773077,1.3812226458669719,9.769587516695221,false,datetime.datetime(2025, 9, 12, 18, 24, 37, 764962)
227_4589971_5,1,1.0331456480969188,0.0011734093194333045,2.4034030568512518e-08,false,datetime.datetime(2025, 9, 12, 18, 24, 37, 764962)
gpc_10076_pri_mtr,1,1.0312038587439316,0.0014355699239932775,-1.4035475355361909e-08,false,datetime.datetime(2025, 9, 12, 18, 24, 37, 764962)
gpc_10080_pri_mtr,1,1.031204564583584,0.0017317551725373127,2.1943659645476198e-08,false,datetime.datetime(2025, 9, 12, 18, 24, 37, 764962)
227_2664032_1,1,1.028044472577177,115.95488809368534,689.9796070150948,false,datetime.datetime(2025, 9, 12, 18, 24, 37, 764962)
227_452771_6,1,1.0282696220780636,221.99586944911263,1378.6528361316555,false,datetime.datetime(2025, 9, 12, 18, 24, 37, 764962)
227_2662741_2,1,1.0283571676965637,91.03354945658312,455.1565237536841,false,datetime.datetime(2025, 9, 12, 18, 24, 37, 764962)
227_4589977_1,1,1.0331283602521444,205.82929046185433,396.7885876191205,false,datetime.datetime(2025, 9, 12, 18, 24, 37, 764962)
227_2662739_1,1,1.0283560107150085,91.03347121251072,455.1475392317468,false,datetime.datetime(2025, 9, 12, 18, 24, 37, 764962)
227_4589970_1,1,1.0331456475868999,0.0015936764919878268,1.3237807964443325e-08,false,datetime.datetime(2025, 9, 12, 18, 24, 37, 764962)
227_4290732_20,1,1.033112128747453,205.8293946806306,396.8339637733614,false,datetime.datetime(2025, 9, 12, 18, 24, 37, 764962)
227_452800_1,1,1.0283888053479842,210.273914562559,1243.2263672778433,false,datetime.datetime(2025, 9, 12, 18, 24, 37, 764962)
227_452772_1,1,1.028298988613307,206.25806116244019,566.6726826538032,false,datetime.datetime(2025, 9, 12, 18, 24, 37, 764962)
227_448259_7,1,1.031335203171002,6.10020276329869,43.33688491779135,false,datetime.datetime(2025, 9, 12, 18, 24, 37, 764962)
227_623392_1,1,1.0284365350033122,0.015867391757897496,0.11163220932767187,false,datetime.datetime(2025, 9, 12, 18, 24, 37, 764962)
227_2664038_2,1,1.0280516159820194,115.9549498317884,689.9965220205888,false,datetime.datetime(2025, 9, 12, 18, 24, 37, 764962)
227_452759_5,1,1.0281891933796248,119.0691487438861,720.3187136547542,false,datetime.datetime(2025, 9, 12, 18, 24, 37, 764962)
228_2473080_3,1,1.0166859628886786,3.513896162808665,24.440676241982484,false,datetime.datetime(2025, 9, 12, 18, 24, 37, 764962)
228_350975_10,1,1.032212546140512,8.106961845548506,57.259209954536445,false,datetime.datetime(2025, 9, 12, 18, 24, 37, 764962)
228_350996_3,1,1.0167102923458644,3.0583429774677713,21.278873682662812,false,datetime.datetime(2025, 9, 12, 18, 24, 37, 764962)
